{
  "type": "FeatureCollection",
  "name": "constraints",
  "crs": {
    "type": "name",
    "properties": {
      "name": "urn:ogc:def:crs:OGC:1.3:CRS84"
    }
  },
  "note": "本层只登记可核验的现状要素：OSM 轨道/铁路线位（EXISTING_RAIL）与 OSM 水体面（EXISTING_WATER）。不含任何法定管控几何。",
  "features": [
    {
      "type": "Feature",
      "id": "CON-RAIL-0001",
      "properties": {
        "id": "CON-RAIL-0001",
        "layer": "EXISTING_RAIL",
        "constraint_type": "rail_operating_existing",
        "osm_railway_value": "rail",
        "osmid": "w25057123",
        "source_type": "osm",
        "confidence": "medium",
        "geometry_role": "existing_condition",
        "name_zh": "现状运营铁路线位（OpenStreetMap）",
        "evidence_level_zh": "第三方开放地图线位，非铁路用地边界，非安全保护区法定范围",
        "length_m": 750.31
      },
      "geometry": {
        "type": "LineString",
        "coordinates": [
          [
            116.3479606,
            39.9416045
          ],
          [
            116.34739,
            39.9431964
          ],
          [
            116.3468605,
            39.9446738
          ],
          [
            116.3467243,
            39.9450787
          ],
          [
            116.3466428,
            39.9453538
          ],
          [
            116.3465753,
            39.9456348
          ],
          [
            116.3465215,
            39.9459415
          ],
          [
            116.3464507,
            39.9463913
          ],
          [
            116.3464173,
            39.9467667
          ],
          [
            116.346389,
            39.9470841
          ],
          [
            116.3463582,
            39.9473598
          ],
          [
            116.3463266,
            39.9476077
          ],
          [
            116.3462209,
            39.9482065
          ]
        ]
      }
    },
    {
      "type": "Feature",
      "id": "CON-RAIL-0002",
      "properties": {
        "id": "CON-RAIL-0002",
        "layer": "EXISTING_RAIL",
        "constraint_type": "rail_operating_existing",
        "osm_railway_value": "subway",
        "osmid": "w26307143",
        "source_type": "osm",
        "confidence": "medium",
        "geometry_role": "existing_condition",
        "name_zh": "现状运营轨道交通线位（OpenStreetMap）",
        "evidence_level_zh": "第三方开放地图线位，非轨道控制保护区法定范围",
        "length_m": 65.569
      },
      "geometry": {
        "type": "LineString",
        "coordinates": [
          [
            116.347295,
            39.9397398
          ],
          [
            116.3470711,
            39.9403046
          ]
        ]
      }
    },
    {
      "type": "Feature",
      "id": "CON-RAIL-0003",
      "properties": {
        "id": "CON-RAIL-0003",
        "layer": "EXISTING_RAIL",
        "constraint_type": "rail_operating_existing",
        "osm_railway_value": "subway",
        "osmid": "w93716293",
        "source_type": "osm",
        "confidence": "medium",
        "geometry_role": "existing_condition",
        "name_zh": "现状运营轨道交通线位（OpenStreetMap）",
        "evidence_level_zh": "第三方开放地图线位，非轨道控制保护区法定范围",
        "length_m": 22.706
      },
      "geometry": {
        "type": "LineString",
        "coordinates": [
          [
            116.3462506,
            39.9424387
          ],
          [
            116.346271,
            39.942337
          ],
          [
            116.3462911,
            39.9422366
          ]
        ]
      }
    },
    {
      "type": "Feature",
      "id": "CON-RAIL-0004",
      "properties": {
        "id": "CON-RAIL-0004",
        "layer": "EXISTING_RAIL",
        "constraint_type": "rail_operating_existing",
        "osm_railway_value": "subway",
        "osmid": "w93716300",
        "source_type": "osm",
        "confidence": "medium",
        "geometry_role": "existing_condition",
        "name_zh": "现状运营轨道交通线位（OpenStreetMap）",
        "evidence_level_zh": "第三方开放地图线位，非轨道控制保护区法定范围",
        "length_m": 21.139
      },
      "geometry": {
        "type": "LineString",
        "coordinates": [
          [
            116.3462093,
            39.9424207
          ],
          [
            116.346271,
            39.942337
          ],
          [
            116.3463313,
            39.9422551
          ]
        ]
      }
    },
    {
      "type": "Feature",
      "id": "CON-RAIL-0005",
      "properties": {
        "id": "CON-RAIL-0005",
        "layer": "EXISTING_RAIL",
        "constraint_type": "rail_operating_existing",
        "osm_railway_value": "subway",
        "osmid": "w93716304",
        "source_type": "osm",
        "confidence": "medium",
        "geometry_role": "existing_condition",
        "name_zh": "现状运营轨道交通线位（OpenStreetMap）",
        "evidence_level_zh": "第三方开放地图线位，非轨道控制保护区法定范围",
        "length_m": 288.346
      },
      "geometry": {
        "type": "LineString",
        "coordinates": [
          [
            116.3471505,
            39.9404291
          ],
          [
            116.3465172,
            39.9420588
          ],
          [
            116.346379,
            39.942351
          ],
          [
            116.3462591,
            39.942564
          ],
          [
            116.3460778,
            39.9428879
          ]
        ]
      }
    },
    {
      "type": "Feature",
      "id": "CON-RAIL-0006",
      "properties": {
        "id": "CON-RAIL-0006",
        "layer": "EXISTING_RAIL",
        "constraint_type": "rail_operating_existing",
        "osm_railway_value": "subway",
        "osmid": "w93847471",
        "source_type": "osm",
        "confidence": "medium",
        "geometry_role": "existing_condition",
        "name_zh": "现状运营轨道交通线位（OpenStreetMap）",
        "evidence_level_zh": "第三方开放地图线位，非轨道控制保护区法定范围",
        "length_m": 22.699
      },
      "geometry": {
        "type": "LineString",
        "coordinates": [
          [
            116.3458438,
            39.9433506
          ],
          [
            116.3459627,
            39.9431678
          ]
        ]
      }
    },
    {
      "type": "Feature",
      "id": "CON-RAIL-0007",
      "properties": {
        "id": "CON-RAIL-0007",
        "layer": "EXISTING_RAIL",
        "constraint_type": "rail_operating_existing",
        "osm_railway_value": "rail",
        "osmid": "w109369052",
        "source_type": "osm",
        "confidence": "medium",
        "geometry_role": "existing_condition",
        "name_zh": "现状运营铁路线位（OpenStreetMap）",
        "evidence_level_zh": "第三方开放地图线位，非铁路用地边界，非安全保护区法定范围",
        "length_m": 800.811
      },
      "geometry": {
        "type": "LineString",
        "coordinates": [
          [
            116.3475601,
            39.9415183
          ],
          [
            116.3469885,
            39.943124
          ],
          [
            116.3464699,
            39.9446078
          ],
          [
            116.3463671,
            39.9449332
          ],
          [
            116.3462666,
            39.9452741
          ],
          [
            116.3461911,
            39.9455642
          ],
          [
            116.3461526,
            39.9457379
          ],
          [
            116.3460997,
            39.9461292
          ],
          [
            116.3460788,
            39.9463692
          ],
          [
            116.3460675,
            39.9466199
          ],
          [
            116.3460701,
            39.9469779
          ],
          [
            116.3460648,
            39.9473297
          ],
          [
            116.346083,
            39.9478005
          ],
          [
            116.3460871,
            39.9480664
          ],
          [
            116.3460761,
            39.9482248
          ],
          [
            116.3460747,
            39.9482451
          ],
          [
            116.3460393,
            39.9485876
          ]
        ]
      }
    },
    {
      "type": "Feature",
      "id": "CON-RAIL-0008",
      "properties": {
        "id": "CON-RAIL-0008",
        "layer": "EXISTING_RAIL",
        "constraint_type": "rail_operating_existing",
        "osm_railway_value": "rail",
        "osmid": "w109369053",
        "source_type": "osm",
        "confidence": "medium",
        "geometry_role": "existing_condition",
        "name_zh": "现状运营铁路线位（OpenStreetMap）",
        "evidence_level_zh": "第三方开放地图线位，非铁路用地边界，非安全保护区法定范围",
        "length_m": 861.986
      },
      "geometry": {
        "type": "LineString",
        "coordinates": [
          [
            116.3459377,
            39.9491215
          ],
          [
            116.3459808,
            39.9487137
          ],
          [
            116.3460007,
            39.9484476
          ],
          [
            116.3460249,
            39.9480714
          ],
          [
            116.346019,
            39.9478035
          ],
          [
            116.3460022,
            39.947327
          ],
          [
            116.3460021,
            39.9469804
          ],
          [
            116.346003,
            39.9466065
          ],
          [
            116.3460113,
            39.9463909
          ],
          [
            116.3460344,
            39.946108
          ],
          [
            116.3460817,
            39.9457278
          ],
          [
            116.3461265,
            39.9455134
          ],
          [
            116.346268,
            39.9449879
          ],
          [
            116.3463803,
            39.9446253
          ],
          [
            116.3465601,
            39.9441213
          ],
          [
            116.3469117,
            39.943111
          ],
          [
            116.3475036,
            39.9415051
          ]
        ]
      }
    },
    {
      "type": "Feature",
      "id": "CON-RAIL-0009",
      "properties": {
        "id": "CON-RAIL-0009",
        "layer": "EXISTING_RAIL",
        "constraint_type": "rail_operating_existing",
        "osm_railway_value": "rail",
        "osmid": "w109369072",
        "source_type": "osm",
        "confidence": "medium",
        "geometry_role": "existing_condition",
        "name_zh": "现状运营铁路线位（OpenStreetMap）",
        "evidence_level_zh": "第三方开放地图线位，非铁路用地边界，非安全保护区法定范围",
        "length_m": 797.08
      },
      "geometry": {
        "type": "LineString",
        "coordinates": [
          [
            116.3477867,
            39.9415679
          ],
          [
            116.3475489,
            39.9421993
          ],
          [
            116.347198,
            39.9431561
          ],
          [
            116.3469077,
            39.9439803
          ],
          [
            116.3466216,
            39.9447779
          ],
          [
            116.3465659,
            39.9449561
          ],
          [
            116.3465234,
            39.945107
          ],
          [
            116.3464695,
            39.9452967
          ],
          [
            116.3464166,
            39.9455272
          ],
          [
            116.3463723,
            39.9457532
          ],
          [
            116.3463438,
            39.9459325
          ],
          [
            116.3463105,
            39.9461767
          ],
          [
            116.3462954,
            39.9463616
          ],
          [
            116.346277,
            39.9466423
          ],
          [
            116.3462666,
            39.9469331
          ],
          [
            116.3462568,
            39.9471953
          ],
          [
            116.346248,
            39.9473518
          ],
          [
            116.3462319,
            39.947637
          ],
          [
            116.3461859,
            39.9480138
          ],
          [
            116.3461661,
            39.9483032
          ],
          [
            116.3461468,
            39.9485977
          ]
        ]
      }
    },
    {
      "type": "Feature",
      "id": "CON-RAIL-0010",
      "properties": {
        "id": "CON-RAIL-0010",
        "layer": "EXISTING_RAIL",
        "constraint_type": "rail_operating_existing",
        "osm_railway_value": "rail",
        "osmid": "w109369075",
        "source_type": "osm",
        "confidence": "medium",
        "geometry_role": "existing_condition",
        "name_zh": "现状运营铁路线位（OpenStreetMap）",
        "evidence_level_zh": "第三方开放地图线位，非铁路用地边界，非安全保护区法定范围",
        "length_m": 816.987
      },
      "geometry": {
        "type": "LineString",
        "coordinates": [
          [
            116.347387,
            39.9414823
          ],
          [
            116.3467888,
            39.9430887
          ],
          [
            116.3463815,
            39.944212
          ],
          [
            116.346237,
            39.9446094
          ],
          [
            116.3462009,
            39.9447201
          ],
          [
            116.3461476,
            39.9448992
          ],
          [
            116.3460613,
            39.945217
          ],
          [
            116.3459871,
            39.9455491
          ],
          [
            116.3459386,
            39.9457623
          ],
          [
            116.3458958,
            39.9460465
          ],
          [
            116.3458734,
            39.9462411
          ],
          [
            116.345867,
            39.946376
          ],
          [
            116.3458627,
            39.9465829
          ],
          [
            116.345871,
            39.9469136
          ],
          [
            116.345881,
            39.9473117
          ],
          [
            116.34588,
            39.9476417
          ],
          [
            116.3458912,
            39.9481538
          ],
          [
            116.3458917,
            39.9484155
          ],
          [
            116.3458916,
            39.9486911
          ]
        ]
      }
    },
    {
      "type": "Feature",
      "id": "CON-RAIL-0011",
      "properties": {
        "id": "CON-RAIL-0011",
        "layer": "EXISTING_RAIL",
        "constraint_type": "rail_operating_existing",
        "osm_railway_value": "rail",
        "osmid": "w109369081",
        "source_type": "osm",
        "confidence": "medium",
        "geometry_role": "existing_condition",
        "name_zh": "现状运营铁路线位（OpenStreetMap）",
        "evidence_level_zh": "第三方开放地图线位，非铁路用地边界，非安全保护区法定范围",
        "length_m": 797.877
      },
      "geometry": {
        "type": "LineString",
        "coordinates": [
          [
            116.3460393,
            39.9485876
          ],
          [
            116.3461052,
            39.9482273
          ],
          [
            116.3461272,
            39.9480363
          ],
          [
            116.3461484,
            39.947806
          ],
          [
            116.346162,
            39.9476689
          ],
          [
            116.3461722,
            39.9475536
          ],
          [
            116.346208,
            39.9469327
          ],
          [
            116.3462191,
            39.9466325
          ],
          [
            116.3462316,
            39.9463468
          ],
          [
            116.3462484,
            39.9461665
          ],
          [
            116.3462752,
            39.9459225
          ],
          [
            116.3463026,
            39.9457443
          ],
          [
            116.3463514,
            39.9455144
          ],
          [
            116.3464031,
            39.9452825
          ],
          [
            116.3464544,
            39.945092
          ],
          [
            116.3464958,
            39.9449446
          ],
          [
            116.3465544,
            39.9447649
          ],
          [
            116.347129,
            39.9431448
          ],
          [
            116.3474924,
            39.9421861
          ],
          [
            116.3477291,
            39.9415555
          ]
        ]
      }
    },
    {
      "type": "Feature",
      "id": "CON-RAIL-0012",
      "properties": {
        "id": "CON-RAIL-0012",
        "layer": "EXISTING_RAIL",
        "constraint_type": "rail_operating_existing",
        "osm_railway_value": "rail",
        "osmid": "w109497838",
        "source_type": "osm",
        "confidence": "medium",
        "geometry_role": "existing_condition",
        "name_zh": "现状运营铁路线位（OpenStreetMap）",
        "evidence_level_zh": "第三方开放地图线位，非铁路用地边界，非安全保护区法定范围",
        "length_m": 749.713
      },
      "geometry": {
        "type": "LineString",
        "coordinates": [
          [
            116.3480228,
            39.9416176
          ],
          [
            116.3474517,
            39.9432108
          ],
          [
            116.3469227,
            39.9446865
          ],
          [
            116.3467869,
            39.9450903
          ],
          [
            116.3467059,
            39.9453637
          ],
          [
            116.346639,
            39.9456426
          ],
          [
            116.3465854,
            39.9459478
          ],
          [
            116.3465149,
            39.9463959
          ],
          [
            116.3464694,
            39.9469063
          ],
          [
            116.3464549,
            39.9470695
          ],
          [
            116.3464241,
            39.9473623
          ],
          [
            116.3463749,
            39.9476231
          ],
          [
            116.3463248,
            39.9478098
          ],
          [
            116.3462783,
            39.947982
          ],
          [
            116.3462209,
            39.9482065
          ]
        ]
      }
    },
    {
      "type": "Feature",
      "id": "CON-RAIL-0013",
      "properties": {
        "id": "CON-RAIL-0013",
        "layer": "EXISTING_RAIL",
        "constraint_type": "rail_operating_existing",
        "osm_railway_value": "subway",
        "osmid": "w120275290",
        "source_type": "osm",
        "confidence": "medium",
        "geometry_role": "existing_condition",
        "name_zh": "现状运营轨道交通线位（OpenStreetMap）",
        "evidence_level_zh": "第三方开放地图线位，非轨道控制保护区法定范围",
        "length_m": 37.868
      },
      "geometry": {
        "type": "LineString",
        "coordinates": [
          [
            116.3521609,
            39.943123
          ],
          [
            116.3525924,
            39.9432004
          ]
        ]
      }
    },
    {
      "type": "Feature",
      "id": "CON-RAIL-0014",
      "properties": {
        "id": "CON-RAIL-0014",
        "layer": "EXISTING_RAIL",
        "constraint_type": "rail_operating_existing",
        "osm_railway_value": "subway",
        "osmid": "w120275306",
        "source_type": "osm",
        "confidence": "medium",
        "geometry_role": "existing_condition",
        "name_zh": "现状运营轨道交通线位（OpenStreetMap）",
        "evidence_level_zh": "第三方开放地图线位，非轨道控制保护区法定范围",
        "length_m": 39.183
      },
      "geometry": {
        "type": "LineString",
        "coordinates": [
          [
            116.3525924,
            39.9432004
          ],
          [
            116.3521813,
            39.9430442
          ]
        ]
      }
    },
    {
      "type": "Feature",
      "id": "CON-RAIL-0015",
      "properties": {
        "id": "CON-RAIL-0015",
        "layer": "EXISTING_RAIL",
        "constraint_type": "rail_operating_existing",
        "osm_railway_value": "subway",
        "osmid": "w120275308",
        "source_type": "osm",
        "confidence": "medium",
        "geometry_role": "existing_condition",
        "name_zh": "现状运营轨道交通线位（OpenStreetMap）",
        "evidence_level_zh": "第三方开放地图线位，非轨道控制保护区法定范围",
        "length_m": 250.779
      },
      "geometry": {
        "type": "LineString",
        "coordinates": [
          [
            116.35530001,
            39.944068814
          ],
          [
            116.3544078,
            39.9437588
          ],
          [
            116.3535449,
            39.9434789
          ],
          [
            116.3525924,
            39.9432004
          ]
        ]
      }
    },
    {
      "type": "Feature",
      "id": "CON-RAIL-0016",
      "properties": {
        "id": "CON-RAIL-0016",
        "layer": "EXISTING_RAIL",
        "constraint_type": "rail_operating_existing",
        "osm_railway_value": "subway",
        "osmid": "w120680613",
        "source_type": "osm",
        "confidence": "medium",
        "geometry_role": "existing_condition",
        "name_zh": "现状运营轨道交通线位（OpenStreetMap）",
        "evidence_level_zh": "第三方开放地图线位，非轨道控制保护区法定范围",
        "length_m": 1073.515
      },
      "geometry": {
        "type": "LineString",
        "coordinates": [
          [
            116.35384533,
            39.99995568
          ],
          [
            116.3490988,
            39.9998177
          ],
          [
            116.3466403,
            39.9997438
          ],
          [
            116.3439477,
            39.9996568
          ],
          [
            116.341284768,
            39.999565982
          ]
        ]
      }
    },
    {
      "type": "Feature",
      "id": "CON-RAIL-0017",
      "properties": {
        "id": "CON-RAIL-0017",
        "layer": "EXISTING_RAIL",
        "constraint_type": "rail_operating_existing",
        "osm_railway_value": "subway",
        "osmid": "w122019973",
        "source_type": "osm",
        "confidence": "medium",
        "geometry_role": "existing_condition",
        "name_zh": "现状运营轨道交通线位（OpenStreetMap）",
        "evidence_level_zh": "第三方开放地图线位，非轨道控制保护区法定范围",
        "length_m": 65.581
      },
      "geometry": {
        "type": "LineString",
        "coordinates": [
          [
            116.3469724,
            39.9402806
          ],
          [
            116.3471881,
            39.9397138
          ]
        ]
      }
    },
    {
      "type": "Feature",
      "id": "CON-RAIL-0018",
      "properties": {
        "id": "CON-RAIL-0018",
        "layer": "EXISTING_RAIL",
        "constraint_type": "rail_operating_existing",
        "osm_railway_value": "subway",
        "osmid": "w122019975",
        "source_type": "osm",
        "confidence": "medium",
        "geometry_role": "existing_condition",
        "name_zh": "现状运营轨道交通线位（OpenStreetMap）",
        "evidence_level_zh": "第三方开放地图线位，非轨道控制保护区法定范围",
        "length_m": 2289.076
      },
      "geometry": {
        "type": "LineString",
        "coordinates": [
          [
            116.3470711,
            39.9403046
          ],
          [
            116.3465728,
            39.9416209
          ],
          [
            116.3463313,
            39.9422551
          ],
          [
            116.3462506,
            39.9424387
          ],
          [
            116.3460778,
            39.9428879
          ],
          [
            116.3459627,
            39.9431678
          ],
          [
            116.3453275,
            39.9447884
          ],
          [
            116.3452326,
            39.945034
          ],
          [
            116.3451594,
            39.9452742
          ],
          [
            116.3451114,
            39.945611
          ],
          [
            116.3450934,
            39.9459738
          ],
          [
            116.3451062,
            39.9462339
          ],
          [
            116.3451513,
            39.946496
          ],
          [
            116.3452829,
            39.9473161
          ],
          [
            116.3453741,
            39.9478411
          ],
          [
            116.3454673,
            39.9483619
          ],
          [
            116.3454978,
            39.948522
          ],
          [
            116.3455153,
            39.9486957
          ],
          [
            116.345521,
            39.9490075
          ],
          [
            116.3455167,
            39.9491573
          ],
          [
            116.3455052,
            39.9493066
          ],
          [
            116.345489,
            39.9494449
          ],
          [
            116.3454604,
            39.9495778
          ],
          [
            116.3453892,
            39.9498337
          ],
          [
            116.3452529,
            39.9501592
          ],
          [
            116.3450957,
            39.9504532
          ],
          [
            116.3434819,
            39.9534911
          ],
          [
            116.3426438,
            39.9550012
          ],
          [
            116.3422182,
            39.9557639
          ],
          [
            116.3419732,
            39.9562157
          ],
          [
            116.3418051,
            39.9565511
          ],
          [
            116.341539,
            39.9571237
          ],
          [
            116.3413781,
            39.9574596
          ],
          [
            116.3411053,
            39.9580021
          ],
          [
            116.3405028,
            39.9590932
          ],
          [
            116.3403895,
            39.9593128
          ],
          [
            116.3402783,
            39.9595338
          ],
          [
            116.340120035,
            39.959884508
          ]
        ]
      }
    },
    {
      "type": "Feature",
      "id": "CON-RAIL-0019",
      "properties": {
        "id": "CON-RAIL-0019",
        "layer": "EXISTING_RAIL",
        "constraint_type": "rail_operating_existing",
        "osm_railway_value": "subway",
        "osmid": "w122090416",
        "source_type": "osm",
        "confidence": "medium",
        "geometry_role": "existing_condition",
        "name_zh": "现状运营轨道交通线位（OpenStreetMap）",
        "evidence_level_zh": "第三方开放地图线位，非轨道控制保护区法定范围",
        "length_m": 2279.159
      },
      "geometry": {
        "type": "LineString",
        "coordinates": [
          [
            116.340122823,
            39.959784156
          ],
          [
            116.3402352,
            39.9595183
          ],
          [
            116.3403419,
            39.9593039
          ],
          [
            116.3404579,
            39.9590796
          ],
          [
            116.3410651,
            39.9579884
          ],
          [
            116.3412201,
            39.9576869
          ],
          [
            116.3413425,
            39.9574487
          ],
          [
            116.3415004,
            39.9571171
          ],
          [
            116.3417676,
            39.956537
          ],
          [
            116.3419381,
            39.9562049
          ],
          [
            116.3421807,
            39.9557528
          ],
          [
            116.3426063,
            39.954985
          ],
          [
            116.3434561,
            39.9534854
          ],
          [
            116.3450766,
            39.9504463
          ],
          [
            116.3452306,
            39.9501486
          ],
          [
            116.3453635,
            39.9498233
          ],
          [
            116.3454324,
            39.949577
          ],
          [
            116.3454663,
            39.9494442
          ],
          [
            116.3454843,
            39.9492979
          ],
          [
            116.3454902,
            39.9491537
          ],
          [
            116.3454983,
            39.9490064
          ],
          [
            116.3454881,
            39.9486921
          ],
          [
            116.3454694,
            39.9485278
          ],
          [
            116.3454395,
            39.9483642
          ],
          [
            116.3453491,
            39.9478412
          ],
          [
            116.345256,
            39.9473183
          ],
          [
            116.3451258,
            39.9465025
          ],
          [
            116.3450814,
            39.946233
          ],
          [
            116.345068,
            39.9459725
          ],
          [
            116.3450799,
            39.9456061
          ],
          [
            116.3451255,
            39.9452658
          ],
          [
            116.3451948,
            39.9450213
          ],
          [
            116.3452874,
            39.9447743
          ],
          [
            116.3458438,
            39.9433506
          ],
          [
            116.3459797,
            39.942989
          ],
          [
            116.3461391,
            39.9425862
          ],
          [
            116.3462093,
            39.9424207
          ],
          [
            116.3462911,
            39.9422366
          ],
          [
            116.3464291,
            39.9416932
          ],
          [
            116.3469724,
            39.9402806
          ]
        ]
      }
    },
    {
      "type": "Feature",
      "id": "CON-RAIL-0020",
      "properties": {
        "id": "CON-RAIL-0020",
        "layer": "EXISTING_RAIL",
        "constraint_type": "rail_razed_alignment",
        "osm_railway_value": "razed",
        "osmid": "w122218246",
        "source_type": "osm",
        "confidence": "medium",
        "geometry_role": "analysis_helper",
        "name_zh": "已拆除铁路历史线位记录（OpenStreetMap）",
        "evidence_level_zh": "历史线位记录，非现状实体，仅用于说明京张走廊的历史几何",
        "length_m": 440.137
      },
      "geometry": {
        "type": "LineString",
        "coordinates": [
          [
            116.3443897,
            39.9564454
          ],
          [
            116.3446103,
            39.9524852
          ]
        ]
      }
    },
    {
      "type": "Feature",
      "id": "CON-RAIL-0021",
      "properties": {
        "id": "CON-RAIL-0021",
        "layer": "EXISTING_RAIL",
        "constraint_type": "rail_operating_existing",
        "osm_railway_value": "subway",
        "osmid": "w127024048",
        "source_type": "osm",
        "confidence": "medium",
        "geometry_role": "existing_condition",
        "name_zh": "现状运营轨道交通线位（OpenStreetMap）",
        "evidence_level_zh": "第三方开放地图线位，非轨道控制保护区法定范围",
        "length_m": 1265.47
      },
      "geometry": {
        "type": "LineString",
        "coordinates": [
          [
            116.35450366,
            39.974956628
          ],
          [
            116.3477606,
            39.9749496
          ],
          [
            116.3467265,
            39.9749443
          ],
          [
            116.3456238,
            39.9750127
          ],
          [
            116.3439634,
            39.9750796
          ],
          [
            116.3435029,
            39.9751754
          ],
          [
            116.342634,
            39.9752205
          ],
          [
            116.3420483,
            39.9752224
          ],
          [
            116.3419889,
            39.9752226
          ],
          [
            116.339714824,
            39.975229869
          ]
        ]
      }
    },
    {
      "type": "Feature",
      "id": "CON-RAIL-0022",
      "properties": {
        "id": "CON-RAIL-0022",
        "layer": "EXISTING_RAIL",
        "constraint_type": "rail_operating_existing",
        "osm_railway_value": "subway",
        "osmid": "w127024049",
        "source_type": "osm",
        "confidence": "medium",
        "geometry_role": "existing_condition",
        "name_zh": "现状运营轨道交通线位（OpenStreetMap）",
        "evidence_level_zh": "第三方开放地图线位，非轨道控制保护区法定范围",
        "length_m": 1266.409
      },
      "geometry": {
        "type": "LineString",
        "coordinates": [
          [
            116.339701141,
            39.975017699
          ],
          [
            116.3420829,
            39.9750072
          ],
          [
            116.3433764,
            39.9749662
          ],
          [
            116.3440246,
            39.9749054
          ],
          [
            116.3453001,
            39.9748352
          ],
          [
            116.3458463,
            39.9748051
          ],
          [
            116.3467216,
            39.9747935
          ],
          [
            116.3477566,
            39.9748033
          ],
          [
            116.354514506,
            39.974821053
          ]
        ]
      }
    },
    {
      "type": "Feature",
      "id": "CON-RAIL-0023",
      "properties": {
        "id": "CON-RAIL-0023",
        "layer": "EXISTING_RAIL",
        "constraint_type": "rail_operating_existing",
        "osm_railway_value": "subway",
        "osmid": "w143756863",
        "source_type": "osm",
        "confidence": "medium",
        "geometry_role": "existing_condition",
        "name_zh": "现状运营轨道交通线位（OpenStreetMap）",
        "evidence_level_zh": "第三方开放地图线位，非轨道控制保护区法定范围",
        "length_m": 242.41
      },
      "geometry": {
        "type": "LineString",
        "coordinates": [
          [
            116.355230688,
            40.02523564
          ],
          [
            116.3531806,
            40.0263095
          ],
          [
            116.352921017,
            40.026500105
          ]
        ]
      }
    },
    {
      "type": "Feature",
      "id": "CON-RAIL-0024",
      "properties": {
        "id": "CON-RAIL-0024",
        "layer": "EXISTING_RAIL",
        "constraint_type": "rail_operating_existing",
        "osm_railway_value": "subway",
        "osmid": "w154870219",
        "source_type": "osm",
        "confidence": "medium",
        "geometry_role": "existing_condition",
        "name_zh": "现状运营轨道交通线位（OpenStreetMap）",
        "evidence_level_zh": "第三方开放地图线位，非轨道控制保护区法定范围",
        "length_m": 695.869
      },
      "geometry": {
        "type": "LineString",
        "coordinates": [
          [
            116.347166268,
            39.939000227
          ],
          [
            116.3473398,
            39.9390168
          ],
          [
            116.3475569,
            39.939034
          ],
          [
            116.347756,
            39.9390472
          ],
          [
            116.3480085,
            39.9390568
          ],
          [
            116.3482483,
            39.9390625
          ],
          [
            116.3493268,
            39.9390927
          ],
          [
            116.3503022,
            39.9391193
          ],
          [
            116.355300001,
            39.939246024
          ]
        ]
      }
    },
    {
      "type": "Feature",
      "id": "CON-RAIL-0025",
      "properties": {
        "id": "CON-RAIL-0025",
        "layer": "EXISTING_RAIL",
        "constraint_type": "rail_operating_existing",
        "osm_railway_value": "subway",
        "osmid": "w154870235",
        "source_type": "osm",
        "confidence": "medium",
        "geometry_role": "existing_condition",
        "name_zh": "现状运营轨道交通线位（OpenStreetMap）",
        "evidence_level_zh": "第三方开放地图线位，非轨道控制保护区法定范围",
        "length_m": 751.815
      },
      "geometry": {
        "type": "LineString",
        "coordinates": [
          [
            116.355300001,
            39.939345252
          ],
          [
            116.3502953,
            39.9392055
          ],
          [
            116.3493233,
            39.9391731
          ],
          [
            116.3482437,
            39.9391455
          ],
          [
            116.3473416,
            39.939091
          ],
          [
            116.3467079,
            39.9390235
          ],
          [
            116.346520076,
            39.93900022
          ]
        ]
      }
    },
    {
      "type": "Feature",
      "id": "CON-RAIL-0026",
      "properties": {
        "id": "CON-RAIL-0026",
        "layer": "EXISTING_RAIL",
        "constraint_type": "rail_operating_existing",
        "osm_railway_value": "subway",
        "osmid": "w200111964",
        "source_type": "osm",
        "confidence": "medium",
        "geometry_role": "existing_condition",
        "name_zh": "现状运营轨道交通线位（OpenStreetMap）",
        "evidence_level_zh": "第三方开放地图线位，非轨道控制保护区法定范围",
        "length_m": 1073.238
      },
      "geometry": {
        "type": "LineString",
        "coordinates": [
          [
            116.341278165,
            39.999463654
          ],
          [
            116.3425507,
            39.9994916
          ],
          [
            116.3425943,
            39.9994927
          ],
          [
            116.3426726,
            39.9994946
          ],
          [
            116.3457492,
            39.9995738
          ],
          [
            116.3466443,
            39.9995994
          ],
          [
            116.3489454,
            39.9996694
          ],
          [
            116.3502518,
            39.9997026
          ],
          [
            116.353837457,
            39.999811973
          ]
        ]
      }
    },
    {
      "type": "Feature",
      "id": "CON-RAIL-0027",
      "properties": {
        "id": "CON-RAIL-0027",
        "layer": "EXISTING_RAIL",
        "constraint_type": "rail_operating_existing",
        "osm_railway_value": "rail",
        "osmid": "w265943523",
        "source_type": "osm",
        "confidence": "medium",
        "geometry_role": "existing_condition",
        "name_zh": "现状运营铁路线位（OpenStreetMap）",
        "evidence_level_zh": "第三方开放地图线位，非铁路用地边界，非安全保护区法定范围",
        "length_m": 316.376
      },
      "geometry": {
        "type": "LineString",
        "coordinates": [
          [
            116.3444507,
            39.9521748
          ],
          [
            116.344705,
            39.9517884
          ],
          [
            116.3447636,
            39.9517001
          ],
          [
            116.3448853,
            39.951507
          ],
          [
            116.3453354,
            39.9506913
          ],
          [
            116.3457112,
            39.9500054
          ],
          [
            116.3458112,
            39.9498266
          ],
          [
            116.3459103,
            39.9496129
          ],
          [
            116.3459285,
            39.9495647
          ]
        ]
      }
    },
    {
      "type": "Feature",
      "id": "CON-RAIL-0028",
      "properties": {
        "id": "CON-RAIL-0028",
        "layer": "EXISTING_RAIL",
        "constraint_type": "rail_disused_existing",
        "osm_railway_value": "disused",
        "osmid": "w426066643",
        "source_type": "osm",
        "confidence": "medium",
        "geometry_role": "existing_condition",
        "name_zh": "已停用铁路线位（OpenStreetMap，轨道仍在）",
        "evidence_level_zh": "第三方开放地图线位，停用状态未经现场核校",
        "length_m": 43.934
      },
      "geometry": {
        "type": "LineString",
        "coordinates": [
          [
            116.340133776,
            39.959389871
          ],
          [
            116.3402017,
            39.9592745
          ],
          [
            116.3403469,
            39.9590298
          ]
        ]
      }
    },
    {
      "type": "Feature",
      "id": "CON-RAIL-0029",
      "properties": {
        "id": "CON-RAIL-0029",
        "layer": "EXISTING_RAIL",
        "constraint_type": "rail_operating_existing",
        "osm_railway_value": "subway",
        "osmid": "w543009088",
        "source_type": "osm",
        "confidence": "medium",
        "geometry_role": "existing_condition",
        "name_zh": "现状运营轨道交通线位（OpenStreetMap）",
        "evidence_level_zh": "第三方开放地图线位，非轨道控制保护区法定范围",
        "length_m": 49.976
      },
      "geometry": {
        "type": "LineString",
        "coordinates": [
          [
            116.3473181,
            39.9399979
          ],
          [
            116.3471505,
            39.9404291
          ]
        ]
      }
    },
    {
      "type": "Feature",
      "id": "CON-RAIL-0030",
      "properties": {
        "id": "CON-RAIL-0030",
        "layer": "EXISTING_RAIL",
        "constraint_type": "rail_operating_existing",
        "osm_railway_value": "subway",
        "osmid": "w544170753",
        "source_type": "osm",
        "confidence": "medium",
        "geometry_role": "existing_condition",
        "name_zh": "现状运营轨道交通线位（OpenStreetMap）",
        "evidence_level_zh": "第三方开放地图线位，非轨道控制保护区法定范围",
        "length_m": 229.072
      },
      "geometry": {
        "type": "LineString",
        "coordinates": [
          [
            116.355234106,
            40.025297978
          ],
          [
            116.3533503,
            40.0262862
          ],
          [
            116.353058948,
            40.0265001
          ]
        ]
      }
    },
    {
      "type": "Feature",
      "id": "CON-RAIL-0031",
      "properties": {
        "id": "CON-RAIL-0031",
        "layer": "EXISTING_RAIL",
        "constraint_type": "rail_operating_existing",
        "osm_railway_value": "subway",
        "osmid": "w602211698",
        "source_type": "osm",
        "confidence": "medium",
        "geometry_role": "existing_condition",
        "name_zh": "现状运营轨道交通线位（OpenStreetMap）",
        "evidence_level_zh": "第三方开放地图线位，非轨道控制保护区法定范围",
        "length_m": 1303.382
      },
      "geometry": {
        "type": "LineString",
        "coordinates": [
          [
            116.339947983,
            39.966077007
          ],
          [
            116.3412327,
            39.9661255
          ],
          [
            116.3427768,
            39.9661693
          ],
          [
            116.3449243,
            39.9661988
          ],
          [
            116.3464868,
            39.9662233
          ],
          [
            116.3480785,
            39.9662223
          ],
          [
            116.3496623,
            39.9662289
          ],
          [
            116.3537145,
            39.9662457
          ],
          [
            116.355199683,
            39.966254431
          ]
        ]
      }
    },
    {
      "type": "Feature",
      "id": "CON-RAIL-0032",
      "properties": {
        "id": "CON-RAIL-0032",
        "layer": "EXISTING_RAIL",
        "constraint_type": "rail_operating_existing",
        "osm_railway_value": "subway",
        "osmid": "w602693103",
        "source_type": "osm",
        "confidence": "medium",
        "geometry_role": "existing_condition",
        "name_zh": "现状运营轨道交通线位（OpenStreetMap）",
        "evidence_level_zh": "第三方开放地图线位，非轨道控制保护区法定范围",
        "length_m": 2854.52
      },
      "geometry": {
        "type": "LineString",
        "coordinates": [
          [
            116.343384731,
            40.026500035
          ],
          [
            116.3437416,
            40.026024
          ],
          [
            116.3440298,
            40.0256038
          ],
          [
            116.344432,
            40.0246939
          ],
          [
            116.3449302,
            40.0238028
          ],
          [
            116.3452124,
            40.0227736
          ],
          [
            116.3452734,
            40.0214847
          ],
          [
            116.3454283,
            40.020041
          ],
          [
            116.3453774,
            40.0179762
          ],
          [
            116.3454962,
            40.0159161
          ],
          [
            116.3456879,
            40.0136288
          ],
          [
            116.346156,
            40.0080417
          ],
          [
            116.3462975,
            40.0041887
          ],
          [
            116.3464587,
            40.001102
          ]
        ]
      }
    },
    {
      "type": "Feature",
      "id": "CON-RAIL-0033",
      "properties": {
        "id": "CON-RAIL-0033",
        "layer": "EXISTING_RAIL",
        "constraint_type": "rail_operating_existing",
        "osm_railway_value": "rail",
        "osmid": "w684153437",
        "source_type": "osm",
        "confidence": "medium",
        "geometry_role": "existing_condition",
        "name_zh": "现状运营铁路线位（OpenStreetMap）",
        "evidence_level_zh": "第三方开放地图线位，非铁路用地边界，非安全保护区法定范围",
        "length_m": 688.248
      },
      "geometry": {
        "type": "LineString",
        "coordinates": [
          [
            116.3431199,
            39.9544757
          ],
          [
            116.3421021,
            39.9563274
          ],
          [
            116.3406266,
            39.959086
          ],
          [
            116.3403376,
            39.9596663
          ],
          [
            116.3401184,
            39.9601983
          ],
          [
            116.340110642,
            39.960222625
          ]
        ]
      }
    },
    {
      "type": "Feature",
      "id": "CON-RAIL-0034",
      "properties": {
        "id": "CON-RAIL-0034",
        "layer": "EXISTING_RAIL",
        "constraint_type": "rail_disused_existing",
        "osm_railway_value": "disused",
        "osmid": "w684153438",
        "source_type": "osm",
        "confidence": "medium",
        "geometry_role": "existing_condition",
        "name_zh": "已停用铁路线位（OpenStreetMap，轨道仍在）",
        "evidence_level_zh": "第三方开放地图线位，停用状态未经现场核校",
        "length_m": 35.759
      },
      "geometry": {
        "type": "LineString",
        "coordinates": [
          [
            116.340136051,
            39.959307979
          ],
          [
            116.3401542,
            39.9592848
          ],
          [
            116.34029,
            39.9591058
          ],
          [
            116.3403469,
            39.9590298
          ]
        ]
      }
    },
    {
      "type": "Feature",
      "id": "CON-RAIL-0035",
      "properties": {
        "id": "CON-RAIL-0035",
        "layer": "EXISTING_RAIL",
        "constraint_type": "rail_disused_existing",
        "osm_railway_value": "disused",
        "osmid": "w741483404",
        "source_type": "osm",
        "confidence": "medium",
        "geometry_role": "existing_condition",
        "name_zh": "已停用铁路线位（OpenStreetMap，轨道仍在）",
        "evidence_level_zh": "第三方开放地图线位，停用状态未经现场核校",
        "length_m": 332.504
      },
      "geometry": {
        "type": "LineString",
        "coordinates": [
          [
            116.3415741,
            39.9571426
          ],
          [
            116.3416389,
            39.956986
          ],
          [
            116.3416786,
            39.9568794
          ],
          [
            116.3417003,
            39.9568212
          ],
          [
            116.3417176,
            39.9567751
          ],
          [
            116.341729,
            39.9567429
          ],
          [
            116.341743,
            39.9567034
          ],
          [
            116.3417549,
            39.9566622
          ],
          [
            116.3417757,
            39.9565897
          ],
          [
            116.3417976,
            39.956494
          ],
          [
            116.3418206,
            39.9563338
          ],
          [
            116.3418144,
            39.9561712
          ],
          [
            116.3417724,
            39.9559644
          ],
          [
            116.3416668,
            39.9556817
          ],
          [
            116.3415851,
            39.955549
          ],
          [
            116.3414114,
            39.9553254
          ],
          [
            116.3412114,
            39.9551318
          ],
          [
            116.3410327,
            39.9550158
          ],
          [
            116.3408667,
            39.9549364
          ],
          [
            116.3406455,
            39.9548451
          ],
          [
            116.3404719,
            39.9547871
          ],
          [
            116.340263321,
            39.954726261
          ]
        ]
      }
    },
    {
      "type": "Feature",
      "id": "CON-RAIL-0036",
      "properties": {
        "id": "CON-RAIL-0036",
        "layer": "EXISTING_RAIL",
        "constraint_type": "rail_operating_existing",
        "osm_railway_value": "rail",
        "osmid": "w741483405",
        "source_type": "osm",
        "confidence": "medium",
        "geometry_role": "existing_condition",
        "name_zh": "现状运营铁路线位（OpenStreetMap）",
        "evidence_level_zh": "第三方开放地图线位，非铁路用地边界，非安全保护区法定范围",
        "length_m": 716.013
      },
      "geometry": {
        "type": "LineString",
        "coordinates": [
          [
            116.34010341,
            39.960482945
          ],
          [
            116.3401634,
            39.9603009
          ],
          [
            116.3403967,
            39.9596929
          ],
          [
            116.3410359,
            39.9584234
          ],
          [
            116.341717,
            39.9571684
          ],
          [
            116.3421208,
            39.956417
          ],
          [
            116.3431788,
            39.95449
          ]
        ]
      }
    },
    {
      "type": "Feature",
      "id": "CON-RAIL-0037",
      "properties": {
        "id": "CON-RAIL-0037",
        "layer": "EXISTING_RAIL",
        "constraint_type": "rail_operating_existing",
        "osm_railway_value": "rail",
        "osmid": "w741483406",
        "source_type": "osm",
        "confidence": "medium",
        "geometry_role": "existing_condition",
        "name_zh": "现状运营铁路线位（OpenStreetMap）",
        "evidence_level_zh": "第三方开放地图线位，非铁路用地边界，非安全保护区法定范围",
        "length_m": 241.092
      },
      "geometry": {
        "type": "LineString",
        "coordinates": [
          [
            116.3447964,
            39.9515476
          ],
          [
            116.3449938,
            39.9511863
          ],
          [
            116.3451669,
            39.9508696
          ],
          [
            116.3452508,
            39.9507227
          ],
          [
            116.3456136,
            39.950068
          ],
          [
            116.345648,
            39.9500055
          ],
          [
            116.3456705,
            39.949963
          ],
          [
            116.3457462,
            39.9498068
          ],
          [
            116.3458279,
            39.9495965
          ],
          [
            116.3458481,
            39.9495349
          ]
        ]
      }
    },
    {
      "type": "Feature",
      "id": "CON-RAIL-0038",
      "properties": {
        "id": "CON-RAIL-0038",
        "layer": "EXISTING_RAIL",
        "constraint_type": "rail_operating_existing",
        "osm_railway_value": "rail",
        "osmid": "w741483407",
        "source_type": "osm",
        "confidence": "medium",
        "geometry_role": "existing_condition",
        "name_zh": "现状运营铁路线位（OpenStreetMap）",
        "evidence_level_zh": "第三方开放地图线位，非铁路用地边界，非安全保护区法定范围",
        "length_m": 253.551
      },
      "geometry": {
        "type": "LineString",
        "coordinates": [
          [
            116.3442823,
            39.9523748
          ],
          [
            116.3441015,
            39.952691
          ],
          [
            116.3431199,
            39.9544757
          ]
        ]
      }
    },
    {
      "type": "Feature",
      "id": "CON-RAIL-0039",
      "properties": {
        "id": "CON-RAIL-0039",
        "layer": "EXISTING_RAIL",
        "constraint_type": "rail_operating_existing",
        "osm_railway_value": "rail",
        "osmid": "w741483408",
        "source_type": "osm",
        "confidence": "medium",
        "geometry_role": "existing_condition",
        "name_zh": "现状运营铁路线位（OpenStreetMap）",
        "evidence_level_zh": "第三方开放地图线位，非铁路用地边界，非安全保护区法定范围",
        "length_m": 253.101
      },
      "geometry": {
        "type": "LineString",
        "coordinates": [
          [
            116.3431788,
            39.95449
          ],
          [
            116.3443324,
            39.9523906
          ]
        ]
      }
    },
    {
      "type": "Feature",
      "id": "CON-RAIL-0040",
      "properties": {
        "id": "CON-RAIL-0040",
        "layer": "EXISTING_RAIL",
        "constraint_type": "rail_operating_existing",
        "osm_railway_value": "rail",
        "osmid": "w741483411",
        "source_type": "osm",
        "confidence": "medium",
        "geometry_role": "existing_condition",
        "name_zh": "现状运营铁路线位（OpenStreetMap）",
        "evidence_level_zh": "第三方开放地图线位，非铁路用地边界，非安全保护区法定范围",
        "length_m": 21.954
      },
      "geometry": {
        "type": "LineString",
        "coordinates": [
          [
            116.3457108,
            39.9494864
          ],
          [
            116.3457325,
            39.9493838
          ],
          [
            116.3457499,
            39.949291
          ]
        ]
      }
    },
    {
      "type": "Feature",
      "id": "CON-RAIL-0041",
      "properties": {
        "id": "CON-RAIL-0041",
        "layer": "EXISTING_RAIL",
        "constraint_type": "rail_operating_existing",
        "osm_railway_value": "rail",
        "osmid": "w741483412",
        "source_type": "osm",
        "confidence": "medium",
        "geometry_role": "existing_condition",
        "name_zh": "现状运营铁路线位（OpenStreetMap）",
        "evidence_level_zh": "第三方开放地图线位，非铁路用地边界，非安全保护区法定范围",
        "length_m": 697.06
      },
      "geometry": {
        "type": "LineString",
        "coordinates": [
          [
            116.3457916,
            39.9487252
          ],
          [
            116.3457867,
            39.948385
          ],
          [
            116.3457807,
            39.9481682
          ],
          [
            116.345747,
            39.9478885
          ],
          [
            116.3457069,
            39.9475623
          ],
          [
            116.3456759,
            39.9472655
          ],
          [
            116.345646,
            39.9470199
          ],
          [
            116.3456108,
            39.9466958
          ],
          [
            116.3456024,
            39.9465193
          ],
          [
            116.345599,
            39.9463417
          ],
          [
            116.345603,
            39.9461532
          ],
          [
            116.3456159,
            39.9459758
          ],
          [
            116.3456367,
            39.945783
          ],
          [
            116.3456605,
            39.9456189
          ],
          [
            116.3456902,
            39.9454588
          ],
          [
            116.3457281,
            39.9452853
          ],
          [
            116.3457865,
            39.9450613
          ],
          [
            116.3458412,
            39.9448656
          ],
          [
            116.345907,
            39.9446432
          ],
          [
            116.3464781,
            39.9430292
          ],
          [
            116.3466472,
            39.9425504
          ]
        ]
      }
    },
    {
      "type": "Feature",
      "id": "CON-RAIL-0042",
      "properties": {
        "id": "CON-RAIL-0042",
        "layer": "EXISTING_RAIL",
        "constraint_type": "rail_operating_existing",
        "osm_railway_value": "rail",
        "osmid": "w741483413",
        "source_type": "osm",
        "confidence": "medium",
        "geometry_role": "existing_condition",
        "name_zh": "现状运营铁路线位（OpenStreetMap）",
        "evidence_level_zh": "第三方开放地图线位，非铁路用地边界，非安全保护区法定范围",
        "length_m": 691.757
      },
      "geometry": {
        "type": "LineString",
        "coordinates": [
          [
            116.3458916,
            39.9486911
          ],
          [
            116.345874,
            39.9484032
          ],
          [
            116.3458447,
            39.9481812
          ],
          [
            116.3458103,
            39.9478843
          ],
          [
            116.3457721,
            39.9475627
          ],
          [
            116.3457377,
            39.947267
          ],
          [
            116.34571,
            39.9470198
          ],
          [
            116.3456812,
            39.9466869
          ],
          [
            116.3456728,
            39.9465193
          ],
          [
            116.3456693,
            39.9463417
          ],
          [
            116.3456733,
            39.9461552
          ],
          [
            116.3456861,
            39.9459795
          ],
          [
            116.3457067,
            39.9457882
          ],
          [
            116.3457303,
            39.9456257
          ],
          [
            116.3457597,
            39.945467
          ],
          [
            116.3457973,
            39.945295
          ],
          [
            116.3458553,
            39.9450723
          ],
          [
            116.3459099,
            39.9448772
          ],
          [
            116.3459755,
            39.9446552
          ],
          [
            116.3460416,
            39.9444654
          ],
          [
            116.3467149,
            39.9425648
          ]
        ]
      }
    },
    {
      "type": "Feature",
      "id": "CON-RAIL-0043",
      "properties": {
        "id": "CON-RAIL-0043",
        "layer": "EXISTING_RAIL",
        "constraint_type": "rail_operating_existing",
        "osm_railway_value": "rail",
        "osmid": "w741483414",
        "source_type": "osm",
        "confidence": "medium",
        "geometry_role": "existing_condition",
        "name_zh": "现状运营铁路线位（OpenStreetMap）",
        "evidence_level_zh": "第三方开放地图线位，非铁路用地边界，非安全保护区法定范围",
        "length_m": 88.848
      },
      "geometry": {
        "type": "LineString",
        "coordinates": [
          [
            116.3457112,
            39.9500054
          ],
          [
            116.3455554,
            39.9502613
          ],
          [
            116.3454,
            39.9504919
          ],
          [
            116.3452508,
            39.9507227
          ]
        ]
      }
    },
    {
      "type": "Feature",
      "id": "CON-RAIL-0044",
      "properties": {
        "id": "CON-RAIL-0044",
        "layer": "EXISTING_RAIL",
        "constraint_type": "rail_operating_existing",
        "osm_railway_value": "rail",
        "osmid": "w741483415",
        "source_type": "osm",
        "confidence": "medium",
        "geometry_role": "existing_condition",
        "name_zh": "现状运营铁路线位（OpenStreetMap）",
        "evidence_level_zh": "第三方开放地图线位，非铁路用地边界，非安全保护区法定范围",
        "length_m": 96.141
      },
      "geometry": {
        "type": "LineString",
        "coordinates": [
          [
            116.3455717,
            39.9498889
          ],
          [
            116.3453866,
            39.9503151
          ],
          [
            116.3453285,
            39.9504394
          ],
          [
            116.3451972,
            39.9507052
          ]
        ]
      }
    },
    {
      "type": "Feature",
      "id": "CON-RAIL-0045",
      "properties": {
        "id": "CON-RAIL-0045",
        "layer": "EXISTING_RAIL",
        "constraint_type": "rail_operating_existing",
        "osm_railway_value": "rail",
        "osmid": "w741483416",
        "source_type": "osm",
        "confidence": "medium",
        "geometry_role": "existing_condition",
        "name_zh": "现状运营铁路线位（OpenStreetMap）",
        "evidence_level_zh": "第三方开放地图线位，非铁路用地边界，非安全保护区法定范围",
        "length_m": 81.599
      },
      "geometry": {
        "type": "LineString",
        "coordinates": [
          [
            116.3451669,
            39.9508696
          ],
          [
            116.3449674,
            39.951181
          ],
          [
            116.3447446,
            39.9515287
          ]
        ]
      }
    },
    {
      "type": "Feature",
      "id": "CON-RAIL-0046",
      "properties": {
        "id": "CON-RAIL-0046",
        "layer": "EXISTING_RAIL",
        "constraint_type": "rail_operating_existing",
        "osm_railway_value": "rail",
        "osmid": "w741483417",
        "source_type": "osm",
        "confidence": "medium",
        "geometry_role": "existing_condition",
        "name_zh": "现状运营铁路线位（OpenStreetMap）",
        "evidence_level_zh": "第三方开放地图线位，非铁路用地边界，非安全保护区法定范围",
        "length_m": 81.637
      },
      "geometry": {
        "type": "LineString",
        "coordinates": [
          [
            116.3451143,
            39.9508543
          ],
          [
            116.3449674,
            39.951181
          ],
          [
            116.3447964,
            39.9515476
          ]
        ]
      }
    },
    {
      "type": "Feature",
      "id": "CON-RAIL-0047",
      "properties": {
        "id": "CON-RAIL-0047",
        "layer": "EXISTING_RAIL",
        "constraint_type": "rail_operating_existing",
        "osm_railway_value": "rail",
        "osmid": "w760394751",
        "source_type": "osm",
        "confidence": "medium",
        "geometry_role": "existing_condition",
        "name_zh": "现状运营铁路线位（OpenStreetMap）",
        "evidence_level_zh": "第三方开放地图线位，非铁路用地边界，非安全保护区法定范围",
        "length_m": 21.918
      },
      "geometry": {
        "type": "LineString",
        "coordinates": [
          [
            116.3458358,
            39.949319
          ],
          [
            116.3458183,
            39.949408
          ],
          [
            116.3457891,
            39.949513
          ]
        ]
      }
    },
    {
      "type": "Feature",
      "id": "CON-RAIL-0048",
      "properties": {
        "id": "CON-RAIL-0048",
        "layer": "EXISTING_RAIL",
        "constraint_type": "rail_operating_existing",
        "osm_railway_value": "rail",
        "osmid": "w760394752",
        "source_type": "osm",
        "confidence": "medium",
        "geometry_role": "existing_condition",
        "name_zh": "现状运营铁路线位（OpenStreetMap）",
        "evidence_level_zh": "第三方开放地图线位，非铁路用地边界，非安全保护区法定范围",
        "length_m": 22.336
      },
      "geometry": {
        "type": "LineString",
        "coordinates": [
          [
            116.3459285,
            39.9495647
          ],
          [
            116.3459695,
            39.9494484
          ],
          [
            116.3459918,
            39.9493696
          ]
        ]
      }
    },
    {
      "type": "Feature",
      "id": "CON-RAIL-0049",
      "properties": {
        "id": "CON-RAIL-0049",
        "layer": "EXISTING_RAIL",
        "constraint_type": "rail_operating_existing",
        "osm_railway_value": "rail",
        "osmid": "w760394753",
        "source_type": "osm",
        "confidence": "medium",
        "geometry_role": "existing_condition",
        "name_zh": "现状运营铁路线位（OpenStreetMap）",
        "evidence_level_zh": "第三方开放地图线位，非铁路用地边界，非安全保护区法定范围",
        "length_m": 82.398
      },
      "geometry": {
        "type": "LineString",
        "coordinates": [
          [
            116.3444038,
            39.9521639
          ],
          [
            116.3445952,
            39.9517492
          ],
          [
            116.344638,
            39.9516564
          ],
          [
            116.3447293,
            39.9514654
          ]
        ]
      }
    },
    {
      "type": "Feature",
      "id": "CON-RAIL-0050",
      "properties": {
        "id": "CON-RAIL-0050",
        "layer": "EXISTING_RAIL",
        "constraint_type": "rail_operating_existing",
        "osm_railway_value": "rail",
        "osmid": "w760394754",
        "source_type": "osm",
        "confidence": "medium",
        "geometry_role": "existing_condition",
        "name_zh": "现状运营铁路线位（OpenStreetMap）",
        "evidence_level_zh": "第三方开放地图线位，非铁路用地边界，非安全保护区法定范围",
        "length_m": 157.584
      },
      "geometry": {
        "type": "LineString",
        "coordinates": [
          [
            116.3451143,
            39.9508543
          ],
          [
            116.3449394,
            39.9511734
          ],
          [
            116.3447446,
            39.9515287
          ],
          [
            116.3446961,
            39.9516166
          ],
          [
            116.3444038,
            39.9521639
          ]
        ]
      }
    },
    {
      "type": "Feature",
      "id": "CON-RAIL-0051",
      "properties": {
        "id": "CON-RAIL-0051",
        "layer": "EXISTING_RAIL",
        "constraint_type": "rail_operating_existing",
        "osm_railway_value": "rail",
        "osmid": "w760394755",
        "source_type": "osm",
        "confidence": "medium",
        "geometry_role": "existing_condition",
        "name_zh": "现状运营铁路线位（OpenStreetMap）",
        "evidence_level_zh": "第三方开放地图线位，非铁路用地边界，非安全保护区法定范围",
        "length_m": 22.12
      },
      "geometry": {
        "type": "LineString",
        "coordinates": [
          [
            116.3458481,
            39.9495349
          ],
          [
            116.3458998,
            39.9493397
          ]
        ]
      }
    },
    {
      "type": "Feature",
      "id": "CON-RAIL-0052",
      "properties": {
        "id": "CON-RAIL-0052",
        "layer": "EXISTING_RAIL",
        "constraint_type": "rail_operating_existing",
        "osm_railway_value": "rail",
        "osmid": "w760394756",
        "source_type": "osm",
        "confidence": "medium",
        "geometry_role": "existing_condition",
        "name_zh": "现状运营铁路线位（OpenStreetMap）",
        "evidence_level_zh": "第三方开放地图线位，非铁路用地边界，非安全保护区法定范围",
        "length_m": 130.639
      },
      "geometry": {
        "type": "LineString",
        "coordinates": [
          [
            116.3459918,
            39.9493696
          ],
          [
            116.346052,
            39.9491125
          ],
          [
            116.3461053,
            39.9488281
          ],
          [
            116.3461468,
            39.9485977
          ],
          [
            116.3462209,
            39.9482065
          ]
        ]
      }
    },
    {
      "type": "Feature",
      "id": "CON-RAIL-0053",
      "properties": {
        "id": "CON-RAIL-0053",
        "layer": "EXISTING_RAIL",
        "constraint_type": "rail_operating_existing",
        "osm_railway_value": "rail",
        "osmid": "w760528588",
        "source_type": "osm",
        "confidence": "medium",
        "geometry_role": "existing_condition",
        "name_zh": "现状运营铁路线位（OpenStreetMap）",
        "evidence_level_zh": "第三方开放地图线位，非铁路用地边界，非安全保护区法定范围",
        "length_m": 705.581
      },
      "geometry": {
        "type": "LineString",
        "coordinates": [
          [
            116.3457916,
            39.9487252
          ],
          [
            116.3457606,
            39.9483845
          ],
          [
            116.3457312,
            39.9481621
          ],
          [
            116.3456651,
            39.9477605
          ],
          [
            116.3456225,
            39.9475111
          ],
          [
            116.3455925,
            39.9472785
          ],
          [
            116.3455483,
            39.9469716
          ],
          [
            116.3454839,
            39.9464866
          ],
          [
            116.3454643,
            39.9462896
          ],
          [
            116.3454612,
            39.9460983
          ],
          [
            116.3454745,
            39.9458035
          ],
          [
            116.3455094,
            39.9455097
          ],
          [
            116.3455362,
            39.9453865
          ],
          [
            116.3455804,
            39.9451872
          ],
          [
            116.3456527,
            39.9449283
          ],
          [
            116.3463177,
            39.9429883
          ],
          [
            116.3464984,
            39.9424813
          ]
        ]
      }
    },
    {
      "type": "Feature",
      "id": "CON-RAIL-0054",
      "properties": {
        "id": "CON-RAIL-0054",
        "layer": "EXISTING_RAIL",
        "constraint_type": "rail_operating_existing",
        "osm_railway_value": "rail",
        "osmid": "w831608094",
        "source_type": "osm",
        "confidence": "medium",
        "geometry_role": "existing_condition",
        "name_zh": "现状运营铁路线位（OpenStreetMap）",
        "evidence_level_zh": "第三方开放地图线位，非铁路用地边界，非安全保护区法定范围",
        "length_m": 759.133
      },
      "geometry": {
        "type": "LineString",
        "coordinates": [
          [
            116.3473055,
            39.9414648
          ],
          [
            116.346887,
            39.9426018
          ],
          [
            116.3467143,
            39.9430709
          ],
          [
            116.3463773,
            39.9440119
          ],
          [
            116.346137,
            39.9446893
          ],
          [
            116.3460313,
            39.9450334
          ],
          [
            116.3459134,
            39.9455357
          ],
          [
            116.3458696,
            39.9457558
          ],
          [
            116.3458321,
            39.9460399
          ],
          [
            116.3458096,
            39.9462382
          ],
          [
            116.3458032,
            39.9463773
          ],
          [
            116.3458022,
            39.9465816
          ],
          [
            116.3458102,
            39.9469151
          ],
          [
            116.3458195,
            39.9473075
          ],
          [
            116.3458272,
            39.94747
          ],
          [
            116.3458398,
            39.9476447
          ],
          [
            116.3458712,
            39.9479044
          ],
          [
            116.3458912,
            39.9481538
          ]
        ]
      }
    },
    {
      "type": "Feature",
      "id": "CON-RAIL-0055",
      "properties": {
        "id": "CON-RAIL-0055",
        "layer": "EXISTING_RAIL",
        "constraint_type": "rail_operating_existing",
        "osm_railway_value": "subway",
        "osmid": "w929144130",
        "source_type": "osm",
        "confidence": "medium",
        "geometry_role": "existing_condition",
        "name_zh": "现状运营轨道交通线位（OpenStreetMap）",
        "evidence_level_zh": "第三方开放地图线位，非轨道控制保护区法定范围",
        "length_m": 2856.674
      },
      "geometry": {
        "type": "LineString",
        "coordinates": [
          [
            116.3465452,
            40.0011018
          ],
          [
            116.3463167,
            40.0060108
          ],
          [
            116.3457854,
            40.0136303
          ],
          [
            116.3457522,
            40.0141061
          ],
          [
            116.3456026,
            40.0163199
          ],
          [
            116.3454938,
            40.0179659
          ],
          [
            116.3455006,
            40.020315
          ],
          [
            116.3453577,
            40.0227682
          ],
          [
            116.3451061,
            40.0237994
          ],
          [
            116.3446096,
            40.0245234
          ],
          [
            116.3440791,
            40.0256379
          ],
          [
            116.343463348,
            40.026500039
          ]
        ]
      }
    },
    {
      "type": "Feature",
      "id": "CON-RAIL-0056",
      "properties": {
        "id": "CON-RAIL-0056",
        "layer": "EXISTING_RAIL",
        "constraint_type": "rail_operating_existing",
        "osm_railway_value": "subway",
        "osmid": "w1017364639",
        "source_type": "osm",
        "confidence": "medium",
        "geometry_role": "existing_condition",
        "name_zh": "现状运营轨道交通线位（OpenStreetMap）",
        "evidence_level_zh": "第三方开放地图线位，非轨道控制保护区法定范围",
        "length_m": 849.888
      },
      "geometry": {
        "type": "LineString",
        "coordinates": [
          [
            116.35530001,
            39.943986659
          ],
          [
            116.3541938,
            39.9436893
          ],
          [
            116.3521609,
            39.943123
          ],
          [
            116.3514984,
            39.9429208
          ],
          [
            116.3510816,
            39.9427936
          ],
          [
            116.3507667,
            39.9426613
          ],
          [
            116.3504756,
            39.9424964
          ],
          [
            116.3502461,
            39.9423216
          ],
          [
            116.3499715,
            39.9420874
          ],
          [
            116.3497443,
            39.9418506
          ],
          [
            116.3495497,
            39.941577
          ],
          [
            116.3494408,
            39.9411975
          ],
          [
            116.3492466,
            39.9404611
          ],
          [
            116.349236,
            39.9403723
          ],
          [
            116.3492295,
            39.9402742
          ],
          [
            116.349226,
            39.9401752
          ],
          [
            116.3492246,
            39.9400623
          ],
          [
            116.3492317,
            39.9397299
          ],
          [
            116.3492602,
            39.9391324
          ]
        ]
      }
    },
    {
      "type": "Feature",
      "id": "CON-RAIL-0057",
      "properties": {
        "id": "CON-RAIL-0057",
        "layer": "EXISTING_RAIL",
        "constraint_type": "rail_operating_existing",
        "osm_railway_value": "subway",
        "osmid": "w1017364640",
        "source_type": "osm",
        "confidence": "medium",
        "geometry_role": "existing_condition",
        "name_zh": "现状运营轨道交通线位（OpenStreetMap）",
        "evidence_level_zh": "第三方开放地图线位，非轨道控制保护区法定范围",
        "length_m": 841.136
      },
      "geometry": {
        "type": "LineString",
        "coordinates": [
          [
            116.3493977,
            39.9391361
          ],
          [
            116.3493803,
            39.9397399
          ],
          [
            116.3493713,
            39.940057
          ],
          [
            116.3493721,
            39.9401777
          ],
          [
            116.3493757,
            39.9402854
          ],
          [
            116.3493813,
            39.9403689
          ],
          [
            116.3493857,
            39.9404577
          ],
          [
            116.3494836,
            39.941195
          ],
          [
            116.3495985,
            39.9415701
          ],
          [
            116.3497796,
            39.9418249
          ],
          [
            116.350006,
            39.9420597
          ],
          [
            116.3502849,
            39.9423005
          ],
          [
            116.3505151,
            39.9424698
          ],
          [
            116.3507839,
            39.9426306
          ],
          [
            116.3511008,
            39.9427648
          ],
          [
            116.3515131,
            39.9428831
          ],
          [
            116.3521813,
            39.9430442
          ],
          [
            116.3542242,
            39.9436375
          ],
          [
            116.35530001,
            39.943927537
          ]
        ]
      }
    },
    {
      "type": "Feature",
      "id": "CON-RAIL-0058",
      "properties": {
        "id": "CON-RAIL-0058",
        "layer": "EXISTING_RAIL",
        "constraint_type": "rail_razed_alignment",
        "osm_railway_value": "razed",
        "osmid": "w1044465023",
        "source_type": "osm",
        "confidence": "medium",
        "geometry_role": "analysis_helper",
        "name_zh": "已拆除铁路历史线位记录（OpenStreetMap）",
        "evidence_level_zh": "历史线位记录，非现状实体，仅用于说明京张走廊的历史几何",
        "length_m": 111.88
      },
      "geometry": {
        "type": "LineString",
        "coordinates": [
          [
            116.3446103,
            39.9524852
          ],
          [
            116.3446255,
            39.9522913
          ],
          [
            116.3446605,
            39.9520658
          ],
          [
            116.3447179,
            39.9518706
          ],
          [
            116.3447856,
            39.9516992
          ],
          [
            116.3448853,
            39.951507
          ]
        ]
      }
    },
    {
      "type": "Feature",
      "id": "CON-RAIL-0059",
      "properties": {
        "id": "CON-RAIL-0059",
        "layer": "EXISTING_RAIL",
        "constraint_type": "rail_operating_existing",
        "osm_railway_value": "rail",
        "osmid": "w1049116870",
        "source_type": "osm",
        "confidence": "medium",
        "geometry_role": "existing_condition",
        "name_zh": "现状运营铁路线位（OpenStreetMap）",
        "evidence_level_zh": "第三方开放地图线位，非铁路用地边界，非安全保护区法定范围",
        "length_m": 365.303
      },
      "geometry": {
        "type": "LineString",
        "coordinates": [
          [
            116.3417161,
            39.9569989
          ],
          [
            116.3413907,
            39.9576027
          ],
          [
            116.3407438,
            39.9587612
          ],
          [
            116.3405863,
            39.9590569
          ],
          [
            116.3404714,
            39.9592739
          ],
          [
            116.3403259,
            39.9595442
          ],
          [
            116.3401923,
            39.9598454
          ],
          [
            116.340115507,
            39.96004749
          ]
        ]
      }
    },
    {
      "type": "Feature",
      "id": "CON-RAIL-0060",
      "properties": {
        "id": "CON-RAIL-0060",
        "layer": "EXISTING_RAIL",
        "constraint_type": "rail_razed_alignment",
        "osm_railway_value": "razed",
        "osmid": "w1049116875",
        "source_type": "osm",
        "confidence": "medium",
        "geometry_role": "analysis_helper",
        "name_zh": "已拆除铁路历史线位记录（OpenStreetMap）",
        "evidence_level_zh": "历史线位记录，非现状实体，仅用于说明京张走廊的历史几何",
        "length_m": 572.755
      },
      "geometry": {
        "type": "LineString",
        "coordinates": [
          [
            116.3421266,
            39.9562185
          ],
          [
            116.3425652,
            39.9553838
          ],
          [
            116.344224,
            39.9523463
          ],
          [
            116.344327,
            39.9521612
          ],
          [
            116.3444504,
            39.9519535
          ],
          [
            116.3447293,
            39.9514654
          ]
        ]
      }
    },
    {
      "type": "Feature",
      "id": "CON-RAIL-0061",
      "properties": {
        "id": "CON-RAIL-0061",
        "layer": "EXISTING_RAIL",
        "constraint_type": "rail_disused_existing",
        "osm_railway_value": "disused",
        "osmid": "w1049116876",
        "source_type": "osm",
        "confidence": "medium",
        "geometry_role": "existing_condition",
        "name_zh": "已停用铁路线位（OpenStreetMap，轨道仍在）",
        "evidence_level_zh": "第三方开放地图线位，停用状态未经现场核校",
        "length_m": 47.044
      },
      "geometry": {
        "type": "LineString",
        "coordinates": [
          [
            116.3417161,
            39.9569989
          ],
          [
            116.3417607,
            39.9569157
          ],
          [
            116.3418143,
            39.9568157
          ],
          [
            116.3418538,
            39.9567418
          ],
          [
            116.3419005,
            39.9566547
          ],
          [
            116.3419246,
            39.9566068
          ]
        ]
      }
    },
    {
      "type": "Feature",
      "id": "CON-RAIL-0062",
      "properties": {
        "id": "CON-RAIL-0062",
        "layer": "EXISTING_RAIL",
        "constraint_type": "rail_disused_existing",
        "osm_railway_value": "disused",
        "osmid": "w1050336550",
        "source_type": "osm",
        "confidence": "medium",
        "geometry_role": "existing_condition",
        "name_zh": "已停用铁路线位（OpenStreetMap，轨道仍在）",
        "evidence_level_zh": "第三方开放地图线位，停用状态未经现场核校",
        "length_m": 112.861
      },
      "geometry": {
        "type": "LineString",
        "coordinates": [
          [
            116.3415741,
            39.9571426
          ],
          [
            116.3417468,
            39.956819
          ],
          [
            116.3417877,
            39.9567424
          ],
          [
            116.3418326,
            39.9566582
          ],
          [
            116.3420759,
            39.9562024
          ]
        ]
      }
    },
    {
      "type": "Feature",
      "id": "CON-RAIL-0063",
      "properties": {
        "id": "CON-RAIL-0063",
        "layer": "EXISTING_RAIL",
        "constraint_type": "rail_razed_alignment",
        "osm_railway_value": "razed",
        "osmid": "w1055214511",
        "source_type": "osm",
        "confidence": "medium",
        "geometry_role": "analysis_helper",
        "name_zh": "已拆除铁路历史线位记录（OpenStreetMap）",
        "evidence_level_zh": "历史线位记录，非现状实体，仅用于说明京张走廊的历史几何",
        "length_m": 153.439
      },
      "geometry": {
        "type": "LineString",
        "coordinates": [
          [
            116.3406795,
            39.9585379
          ],
          [
            116.3408492,
            39.9582187
          ],
          [
            116.3413574,
            39.9572583
          ]
        ]
      }
    },
    {
      "type": "Feature",
      "id": "CON-RAIL-0064",
      "properties": {
        "id": "CON-RAIL-0064",
        "layer": "EXISTING_RAIL",
        "constraint_type": "rail_disused_existing",
        "osm_railway_value": "disused",
        "osmid": "w1055214512",
        "source_type": "osm",
        "confidence": "medium",
        "geometry_role": "existing_condition",
        "name_zh": "已停用铁路线位（OpenStreetMap，轨道仍在）",
        "evidence_level_zh": "第三方开放地图线位，停用状态未经现场核校",
        "length_m": 36.657
      },
      "geometry": {
        "type": "LineString",
        "coordinates": [
          [
            116.340494,
            39.9588355
          ],
          [
            116.340549,
            39.9587526
          ],
          [
            116.3406019,
            39.9586694
          ],
          [
            116.3406795,
            39.9585379
          ]
        ]
      }
    },
    {
      "type": "Feature",
      "id": "CON-RAIL-0065",
      "properties": {
        "id": "CON-RAIL-0065",
        "layer": "EXISTING_RAIL",
        "constraint_type": "rail_operating_existing",
        "osm_railway_value": "rail",
        "osmid": "w1059060021",
        "source_type": "osm",
        "confidence": "medium",
        "geometry_role": "existing_condition",
        "name_zh": "现状运营铁路线位（OpenStreetMap）",
        "evidence_level_zh": "第三方开放地图线位，非铁路用地边界，非安全保护区法定范围",
        "length_m": 101.661
      },
      "geometry": {
        "type": "LineString",
        "coordinates": [
          [
            116.3443324,
            39.9523906
          ],
          [
            116.3444507,
            39.9521748
          ],
          [
            116.3447514,
            39.9516349
          ],
          [
            116.3447964,
            39.9515476
          ]
        ]
      }
    },
    {
      "type": "Feature",
      "id": "CON-RAIL-0066",
      "properties": {
        "id": "CON-RAIL-0066",
        "layer": "EXISTING_RAIL",
        "constraint_type": "rail_operating_existing",
        "osm_railway_value": "rail",
        "osmid": "w1059060022",
        "source_type": "osm",
        "confidence": "medium",
        "geometry_role": "existing_condition",
        "name_zh": "现状运营铁路线位（OpenStreetMap）",
        "evidence_level_zh": "第三方开放地图线位，非铁路用地边界，非安全保护区法定范围",
        "length_m": 141.918
      },
      "geometry": {
        "type": "LineString",
        "coordinates": [
          [
            116.3457891,
            39.949513
          ],
          [
            116.3457658,
            39.9495844
          ],
          [
            116.345691,
            39.9497864
          ],
          [
            116.3456156,
            39.9499433
          ],
          [
            116.3455909,
            39.9499882
          ],
          [
            116.3455571,
            39.9500489
          ],
          [
            116.3451972,
            39.9507052
          ]
        ]
      }
    },
    {
      "type": "Feature",
      "id": "CON-RAIL-0067",
      "properties": {
        "id": "CON-RAIL-0067",
        "layer": "EXISTING_RAIL",
        "constraint_type": "rail_operating_existing",
        "osm_railway_value": "rail",
        "osmid": "w1059060024",
        "source_type": "osm",
        "confidence": "medium",
        "geometry_role": "existing_condition",
        "name_zh": "现状运营铁路线位（OpenStreetMap）",
        "evidence_level_zh": "第三方开放地图线位，非铁路用地边界，非安全保护区法定范围",
        "length_m": 46.266
      },
      "geometry": {
        "type": "LineString",
        "coordinates": [
          [
            116.3455717,
            39.9498889
          ],
          [
            116.3456017,
            39.9498156
          ],
          [
            116.3456213,
            39.9497631
          ],
          [
            116.3456886,
            39.949565
          ],
          [
            116.3457108,
            39.9494864
          ]
        ]
      }
    },
    {
      "type": "Feature",
      "id": "CON-RAIL-0068",
      "properties": {
        "id": "CON-RAIL-0068",
        "layer": "EXISTING_RAIL",
        "constraint_type": "rail_operating_existing",
        "osm_railway_value": "rail",
        "osmid": "w1059060025",
        "source_type": "osm",
        "confidence": "medium",
        "geometry_role": "existing_condition",
        "name_zh": "现状运营铁路线位（OpenStreetMap）",
        "evidence_level_zh": "第三方开放地图线位，非铁路用地边界，非安全保护区法定范围",
        "length_m": 25.63
      },
      "geometry": {
        "type": "LineString",
        "coordinates": [
          [
            116.3444038,
            39.9521639
          ],
          [
            116.3443609,
            39.9522296
          ],
          [
            116.3442823,
            39.9523748
          ]
        ]
      }
    },
    {
      "type": "Feature",
      "id": "CON-RAIL-0069",
      "properties": {
        "id": "CON-RAIL-0069",
        "layer": "EXISTING_RAIL",
        "constraint_type": "rail_operating_existing",
        "osm_railway_value": "rail",
        "osmid": "w1113466209",
        "source_type": "osm",
        "confidence": "medium",
        "geometry_role": "existing_condition",
        "name_zh": "现状运营铁路线位（OpenStreetMap）",
        "evidence_level_zh": "第三方开放地图线位，非铁路用地边界，非安全保护区法定范围",
        "length_m": 63.015
      },
      "geometry": {
        "type": "LineString",
        "coordinates": [
          [
            116.3457499,
            39.949291
          ],
          [
            116.3457794,
            39.9491049
          ],
          [
            116.3457915,
            39.9489737
          ],
          [
            116.3457916,
            39.9487252
          ]
        ]
      }
    },
    {
      "type": "Feature",
      "id": "CON-RAIL-0070",
      "properties": {
        "id": "CON-RAIL-0070",
        "layer": "EXISTING_RAIL",
        "constraint_type": "rail_operating_existing",
        "osm_railway_value": "subway",
        "osmid": "w1138263477",
        "source_type": "osm",
        "confidence": "medium",
        "geometry_role": "existing_condition",
        "name_zh": "现状运营轨道交通线位（OpenStreetMap）",
        "evidence_level_zh": "第三方开放地图线位，非轨道控制保护区法定范围",
        "length_m": 1351.071
      },
      "geometry": {
        "type": "LineString",
        "coordinates": [
          [
            116.3481576,
            39.9738563
          ],
          [
            116.3481617,
            39.9732049
          ],
          [
            116.3480984,
            39.9727576
          ],
          [
            116.3481095,
            39.9721887
          ],
          [
            116.3484132,
            39.966434
          ],
          [
            116.348476,
            39.9652447
          ],
          [
            116.3486519,
            39.9616997
          ]
        ]
      }
    },
    {
      "type": "Feature",
      "id": "CON-RAIL-0071",
      "properties": {
        "id": "CON-RAIL-0071",
        "layer": "EXISTING_RAIL",
        "constraint_type": "rail_operating_existing",
        "osm_railway_value": "subway",
        "osmid": "w1138263478",
        "source_type": "osm",
        "confidence": "medium",
        "geometry_role": "existing_condition",
        "name_zh": "现状运营轨道交通线位（OpenStreetMap）",
        "evidence_level_zh": "第三方开放地图线位，非轨道控制保护区法定范围",
        "length_m": 1351.474
      },
      "geometry": {
        "type": "LineString",
        "coordinates": [
          [
            116.3488022,
            39.9616951
          ],
          [
            116.3486802,
            39.9641102
          ],
          [
            116.3485476,
            39.9658747
          ],
          [
            116.3485256,
            39.9664401
          ],
          [
            116.3483937,
            39.9698223
          ],
          [
            116.3482545,
            39.9726516
          ],
          [
            116.3482366,
            39.9738577
          ]
        ]
      }
    },
    {
      "type": "Feature",
      "id": "CON-RAIL-0072",
      "properties": {
        "id": "CON-RAIL-0072",
        "layer": "EXISTING_RAIL",
        "constraint_type": "rail_operating_existing",
        "osm_railway_value": "rail",
        "osmid": "w1181036691",
        "source_type": "osm",
        "confidence": "medium",
        "geometry_role": "existing_condition",
        "name_zh": "现状运营铁路线位（OpenStreetMap）",
        "evidence_level_zh": "第三方开放地图线位，非铁路用地边界，非安全保护区法定范围",
        "length_m": 69.987
      },
      "geometry": {
        "type": "LineString",
        "coordinates": [
          [
            116.3458916,
            39.9486911
          ],
          [
            116.3458909,
            39.9488623
          ],
          [
            116.3458857,
            39.9489833
          ],
          [
            116.3458723,
            39.9491149
          ],
          [
            116.3458358,
            39.949319
          ]
        ]
      }
    },
    {
      "type": "Feature",
      "id": "CON-RAIL-0073",
      "properties": {
        "id": "CON-RAIL-0073",
        "layer": "EXISTING_RAIL",
        "constraint_type": "rail_operating_existing",
        "osm_railway_value": "rail",
        "osmid": "w1181036692",
        "source_type": "osm",
        "confidence": "medium",
        "geometry_role": "existing_condition",
        "name_zh": "现状运营铁路线位（OpenStreetMap）",
        "evidence_level_zh": "第三方开放地图线位，非铁路用地边界，非安全保护区法定范围",
        "length_m": 84.36
      },
      "geometry": {
        "type": "LineString",
        "coordinates": [
          [
            116.3458998,
            39.9493397
          ],
          [
            116.3459377,
            39.9491215
          ],
          [
            116.3460393,
            39.9485876
          ]
        ]
      }
    },
    {
      "type": "Feature",
      "id": "CON-RAIL-0074",
      "properties": {
        "id": "CON-RAIL-0074",
        "layer": "EXISTING_RAIL",
        "constraint_type": "rail_operating_existing",
        "osm_railway_value": "subway",
        "osmid": "w1342316871",
        "source_type": "osm",
        "confidence": "medium",
        "geometry_role": "existing_condition",
        "name_zh": "现状运营轨道交通线位（OpenStreetMap）",
        "evidence_level_zh": "第三方开放地图线位，非轨道控制保护区法定范围",
        "length_m": 1302.361
      },
      "geometry": {
        "type": "LineString",
        "coordinates": [
          [
            116.355182775,
            39.966465858
          ],
          [
            116.3525608,
            39.9663984
          ],
          [
            116.3496595,
            39.9663709
          ],
          [
            116.3428731,
            39.9663067
          ],
          [
            116.339944044,
            39.966218788
          ]
        ]
      }
    },
    {
      "type": "Feature",
      "id": "CON-RAIL-0075",
      "properties": {
        "id": "CON-RAIL-0075",
        "layer": "EXISTING_RAIL",
        "constraint_type": "rail_operating_existing",
        "osm_railway_value": "rail",
        "osmid": "w1432379268",
        "source_type": "osm",
        "confidence": "medium",
        "geometry_role": "existing_condition",
        "name_zh": "现状运营铁路线位（OpenStreetMap）",
        "evidence_level_zh": "第三方开放地图线位，非铁路用地边界，非安全保护区法定范围",
        "length_m": 189.282
      },
      "geometry": {
        "type": "LineString",
        "coordinates": [
          [
            116.3447293,
            39.9514654
          ],
          [
            116.3450676,
            39.9508233
          ],
          [
            116.3453127,
            39.9503805
          ],
          [
            116.3455717,
            39.9498889
          ]
        ]
      }
    },
    {
      "type": "Feature",
      "id": "CON-RAIL-0076",
      "properties": {
        "id": "CON-RAIL-0076",
        "layer": "EXISTING_RAIL",
        "constraint_type": "rail_disused_existing",
        "osm_railway_value": "disused",
        "osmid": "w1444126611",
        "source_type": "osm",
        "confidence": "medium",
        "geometry_role": "existing_condition",
        "name_zh": "已停用铁路线位（OpenStreetMap，轨道仍在）",
        "evidence_level_zh": "第三方开放地图线位，停用状态未经现场核校",
        "length_m": 234.829
      },
      "geometry": {
        "type": "LineString",
        "coordinates": [
          [
            116.3403469,
            39.9590298
          ],
          [
            116.3404448,
            39.9588989
          ],
          [
            116.340494,
            39.9588355
          ],
          [
            116.3406247,
            39.9586672
          ],
          [
            116.3409378,
            39.9582369
          ],
          [
            116.3411537,
            39.9579307
          ],
          [
            116.3412437,
            39.95779
          ],
          [
            116.3413339,
            39.9576114
          ],
          [
            116.3414557,
            39.957377
          ],
          [
            116.3415741,
            39.9571426
          ]
        ]
      }
    },
    {
      "type": "Feature",
      "id": "CON-RAIL-0077",
      "properties": {
        "id": "CON-RAIL-0077",
        "layer": "EXISTING_RAIL",
        "constraint_type": "rail_operating_existing",
        "osm_railway_value": "subway",
        "osmid": "w1545095425",
        "source_type": "osm",
        "confidence": "medium",
        "geometry_role": "existing_condition",
        "name_zh": "现状运营轨道交通线位（OpenStreetMap）",
        "evidence_level_zh": "第三方开放地图线位，非轨道控制保护区法定范围",
        "length_m": 2646.202
      },
      "geometry": {
        "type": "LineString",
        "coordinates": [
          [
            116.3466388,
            39.9976539
          ],
          [
            116.3467224,
            39.9960535
          ],
          [
            116.3469352,
            39.9917675
          ],
          [
            116.3472065,
            39.9867982
          ],
          [
            116.3472656,
            39.9857157
          ],
          [
            116.3473211,
            39.9846992
          ],
          [
            116.3475027,
            39.9819599
          ],
          [
            116.347811,
            39.9772827
          ],
          [
            116.3478521,
            39.9769088
          ],
          [
            116.3479455,
            39.9765141
          ],
          [
            116.3480579,
            39.97557
          ],
          [
            116.3480884,
            39.9751746
          ],
          [
            116.3481203,
            39.9744935
          ],
          [
            116.3481576,
            39.9738563
          ]
        ]
      }
    },
    {
      "type": "Feature",
      "id": "CON-RAIL-0078",
      "properties": {
        "id": "CON-RAIL-0078",
        "layer": "EXISTING_RAIL",
        "constraint_type": "rail_operating_existing",
        "osm_railway_value": "subway",
        "osmid": "w1545095426",
        "source_type": "osm",
        "confidence": "medium",
        "geometry_role": "existing_condition",
        "name_zh": "现状运营轨道交通线位（OpenStreetMap）",
        "evidence_level_zh": "第三方开放地图线位，非轨道控制保护区法定范围",
        "length_m": 2646.083
      },
      "geometry": {
        "type": "LineString",
        "coordinates": [
          [
            116.3482366,
            39.9738577
          ],
          [
            116.3482112,
            39.9744976
          ],
          [
            116.3479824,
            39.9767422
          ],
          [
            116.3478759,
            39.9771007
          ],
          [
            116.3478114,
            39.97807
          ],
          [
            116.3477339,
            39.9794078
          ],
          [
            116.3476597,
            39.9806589
          ],
          [
            116.3475791,
            39.9817889
          ],
          [
            116.3474418,
            39.9838162
          ],
          [
            116.3474049,
            39.9843613
          ],
          [
            116.3473717,
            39.9857271
          ],
          [
            116.3473132,
            39.9868023
          ],
          [
            116.3473036,
            39.9869693
          ],
          [
            116.3470445,
            39.9916932
          ],
          [
            116.3467167,
            39.9976516
          ]
        ]
      }
    },
    {
      "type": "Feature",
      "id": "CON-RAIL-0079",
      "properties": {
        "id": "CON-RAIL-0079",
        "layer": "EXISTING_RAIL",
        "constraint_type": "rail_operating_existing",
        "osm_railway_value": "subway",
        "osmid": "w1545095427",
        "source_type": "osm",
        "confidence": "medium",
        "geometry_role": "existing_condition",
        "name_zh": "现状运营轨道交通线位（OpenStreetMap）",
        "evidence_level_zh": "第三方开放地图线位，非轨道控制保护区法定范围",
        "length_m": 383.182
      },
      "geometry": {
        "type": "LineString",
        "coordinates": [
          [
            116.3464587,
            40.001102
          ],
          [
            116.3465717,
            39.9989386
          ],
          [
            116.3466388,
            39.9976539
          ]
        ]
      }
    },
    {
      "type": "Feature",
      "id": "CON-RAIL-0080",
      "properties": {
        "id": "CON-RAIL-0080",
        "layer": "EXISTING_RAIL",
        "constraint_type": "rail_operating_existing",
        "osm_railway_value": "subway",
        "osmid": "w1545095428",
        "source_type": "osm",
        "confidence": "medium",
        "geometry_role": "existing_condition",
        "name_zh": "现状运营轨道交通线位（OpenStreetMap）",
        "evidence_level_zh": "第三方开放地图线位，非轨道控制保护区法定范围",
        "length_m": 383.388
      },
      "geometry": {
        "type": "LineString",
        "coordinates": [
          [
            116.3467167,
            39.9976516
          ],
          [
            116.3466457,
            39.998942
          ],
          [
            116.3465452,
            40.0011018
          ]
        ]
      }
    },
    {
      "type": "Feature",
      "id": "CON-RAIL-0081",
      "properties": {
        "id": "CON-RAIL-0081",
        "layer": "EXISTING_RAIL",
        "constraint_type": "rail_razed_alignment",
        "osm_railway_value": "razed",
        "osmid": "w1548786797",
        "source_type": "osm",
        "confidence": "medium",
        "geometry_role": "analysis_helper",
        "name_zh": "已拆除铁路历史线位记录（OpenStreetMap）",
        "evidence_level_zh": "历史线位记录，非现状实体，仅用于说明京张走廊的历史几何",
        "length_m": 99.908
      },
      "geometry": {
        "type": "LineString",
        "coordinates": [
          [
            116.3420759,
            39.9562024
          ],
          [
            116.3425201,
            39.9553701
          ]
        ]
      }
    },
    {
      "type": "Feature",
      "id": "CON-RAIL-0082",
      "properties": {
        "id": "CON-RAIL-0082",
        "layer": "EXISTING_RAIL",
        "constraint_type": "rail_disused_existing",
        "osm_railway_value": "disused",
        "osmid": "w1548786798",
        "source_type": "osm",
        "confidence": "medium",
        "geometry_role": "existing_condition",
        "name_zh": "已停用铁路线位（OpenStreetMap，轨道仍在）",
        "evidence_level_zh": "第三方开放地图线位，停用状态未经现场核校",
        "length_m": 46.443
      },
      "geometry": {
        "type": "LineString",
        "coordinates": [
          [
            116.3419246,
            39.9566068
          ],
          [
            116.3420797,
            39.9563078
          ],
          [
            116.3421266,
            39.9562185
          ]
        ]
      }
    },
    {
      "type": "Feature",
      "id": "CON-WATER-001",
      "properties": {
        "id": "CON-WATER-001",
        "layer": "EXISTING_WATER",
        "constraint_type": "water_body_existing",
        "source_type": "osm",
        "confidence": "medium",
        "geometry_role": "existing_condition",
        "name_zh": "现状水体（OSM 提取）",
        "evidence_level_zh": "第三方开放地图水体面，非蓝线法定范围，非水利工程边界",
        "area_sqm_declared": 3476.809
      },
      "geometry": {
        "type": "Polygon",
        "coordinates": [
          [
            [
              116.340949,
              39.982383
            ],
            [
              116.3408766,
              39.9825069
            ],
            [
              116.34083,
              39.982575
            ],
            [
              116.340726,
              39.9826299
            ],
            [
              116.3407446,
              39.9827009
            ],
            [
              116.3408035,
              39.9827557
            ],
            [
              116.3408266,
              39.9828022
            ],
            [
              116.3408804,
              39.9828223
            ],
            [
              116.3410058,
              39.9828479
            ],
            [
              116.3411595,
              39.9828196
            ],
            [
              116.341286,
              39.9827552
            ],
            [
              116.3413574,
              39.9826867
            ],
            [
              116.3414005,
              39.9825949
            ],
            [
              116.3414184,
              39.9825044
            ],
            [
              116.3414237,
              39.9824142
            ],
            [
              116.3414145,
              39.9823408
            ],
            [
              116.3414378,
              39.9822856
            ],
            [
              116.3414422,
              39.9821617
            ],
            [
              116.3413731,
              39.9821169
            ],
            [
              116.341297,
              39.9820981
            ],
            [
              116.3412286,
              39.982113
            ],
            [
              116.3411783,
              39.9820827
            ],
            [
              116.341118,
              39.9820722
            ],
            [
              116.3410389,
              39.9820891
            ],
            [
              116.3410004,
              39.9821113
            ],
            [
              116.3409835,
              39.9821545
            ],
            [
              116.3409942,
              39.9822193
            ],
            [
              116.3409746,
              39.9823018
            ],
            [
              116.340949,
              39.982383
            ]
          ]
        ]
      }
    },
    {
      "type": "Feature",
      "id": "CON-WATER-002",
      "properties": {
        "id": "CON-WATER-002",
        "layer": "EXISTING_WATER",
        "constraint_type": "water_body_existing",
        "source_type": "osm",
        "confidence": "medium",
        "geometry_role": "existing_condition",
        "name_zh": "现状水体（OSM 提取）",
        "evidence_level_zh": "第三方开放地图水体面，非蓝线法定范围，非水利工程边界",
        "area_sqm_declared": 30109.152
      },
      "geometry": {
        "type": "Polygon",
        "coordinates": [
          [
            [
              116.3529675,
              40.0062333
            ],
            [
              116.3529593,
              40.0063005
            ],
            [
              116.3529209,
              40.0063888
            ],
            [
              116.3528194,
              40.0065001
            ],
            [
              116.3527508,
              40.0066535
            ],
            [
              116.3525423,
              40.0070758
            ],
            [
              116.352194,
              40.0077923
            ],
            [
              116.3519498,
              40.0083049
            ],
            [
              116.3514808,
              40.0093029
            ],
            [
              116.3509761,
              40.0102946
            ],
            [
              116.3504823,
              40.011198
            ],
            [
              116.3499474,
              40.0120614
            ],
            [
              116.3495771,
              40.0126098
            ],
            [
              116.3488914,
              40.0136833
            ],
            [
              116.3486527,
              40.0141098
            ],
            [
              116.3485485,
              40.0143093
            ],
            [
              116.3479752,
              40.0153429
            ],
            [
              116.3470278,
              40.0166942
            ],
            [
              116.3466974,
              40.0171823
            ],
            [
              116.346659764,
              40.017238731
            ],
            [
              116.3466556,
              40.0172368
            ],
            [
              116.3466162,
              40.0172867
            ],
            [
              116.346625038,
              40.0172908
            ],
            [
              116.3466139,
              40.0173075
            ],
            [
              116.3463737,
              40.0175631
            ],
            [
              116.3461317,
              40.0179222
            ],
            [
              116.3459643,
              40.0182108
            ],
            [
              116.3460247,
              40.0182327
            ],
            [
              116.3461034,
              40.0182645
            ],
            [
              116.3461484,
              40.0181831
            ],
            [
              116.3463706,
              40.0178323
            ],
            [
              116.3465818,
              40.0175277
            ],
            [
              116.3466915,
              40.0173576
            ],
            [
              116.346713496,
              40.01733183
            ],
            [
              116.3467932,
              40.0173688
            ],
            [
              116.3468326,
              40.0173189
            ],
            [
              116.346755183,
              40.017282991
            ],
            [
              116.346878,
              40.0171391
            ],
            [
              116.3469493,
              40.0171328
            ],
            [
              116.347273,
              40.0166286
            ],
            [
              116.3479039,
              40.0157526
            ],
            [
              116.3484415,
              40.0149522
            ],
            [
              116.3488502,
              40.0142358
            ],
            [
              116.3490806,
              40.0138514
            ],
            [
              116.3494537,
              40.0132211
            ],
            [
              116.3500928,
              40.0122925
            ],
            [
              116.3501943,
              40.0121371
            ],
            [
              116.3506195,
              40.0114312
            ],
            [
              116.3507978,
              40.0111013
            ],
            [
              116.3510638,
              40.0106055
            ],
            [
              116.3519005,
              40.0089226
            ],
            [
              116.3527288,
              40.0072607
            ],
            [
              116.3527755,
              40.0071305
            ],
            [
              116.3527755,
              40.0071137
            ],
            [
              116.3530031,
              40.0065989
            ],
            [
              116.3530333,
              40.0064476
            ],
            [
              116.3530717,
              40.0063384
            ],
            [
              116.3531897,
              40.0061703
            ],
            [
              116.3532226,
              40.0061178
            ],
            [
              116.3534749,
              40.0058005
            ],
            [
              116.354128865,
              40.005130964
            ],
            [
              116.354116922,
              40.004912977
            ],
            [
              116.3536615,
              40.0053824
            ],
            [
              116.353442,
              40.0055967
            ],
            [
              116.3533104,
              40.0057396
            ],
            [
              116.3531129,
              40.0059707
            ],
            [
              116.3529675,
              40.0062333
            ]
          ]
        ]
      }
    },
    {
      "type": "Feature",
      "id": "CON-WATER-003",
      "properties": {
        "id": "CON-WATER-003",
        "layer": "EXISTING_WATER",
        "constraint_type": "water_body_existing",
        "source_type": "osm",
        "confidence": "medium",
        "geometry_role": "existing_condition",
        "name_zh": "现状水体（OSM 提取）",
        "evidence_level_zh": "第三方开放地图水体面，非蓝线法定范围，非水利工程边界",
        "area_sqm_declared": 7764.979
      },
      "geometry": {
        "type": "Polygon",
        "coordinates": [
          [
            [
              116.3437003,
              40.0220056
            ],
            [
              116.3436961,
              40.0220898
            ],
            [
              116.3437173,
              40.0222486
            ],
            [
              116.3437596,
              40.0224041
            ],
            [
              116.3438357,
              40.0225305
            ],
            [
              116.3439711,
              40.022754
            ],
            [
              116.3440558,
              40.0229225
            ],
            [
              116.3441404,
              40.0232206
            ],
            [
              116.3441362,
              40.0234021
            ],
            [
              116.3441235,
              40.0235641
            ],
            [
              116.344115,
              40.0237358
            ],
            [
              116.3441054,
              40.0237865
            ],
            [
              116.3441175,
              40.0238869
            ],
            [
              116.3441446,
              40.0239432
            ],
            [
              116.3442165,
              40.0240792
            ],
            [
              116.3442462,
              40.0242218
            ],
            [
              116.3442462,
              40.0244227
            ],
            [
              116.3441996,
              40.0245977
            ],
            [
              116.3442624,
              40.0246227
            ],
            [
              116.3442969,
              40.0246139
            ],
            [
              116.3443392,
              40.0245199
            ],
            [
              116.3443562,
              40.0242996
            ],
            [
              116.3443562,
              40.0240663
            ],
            [
              116.3444027,
              40.0238946
            ],
            [
              116.3443773,
              40.0237164
            ],
            [
              116.3443054,
              40.0235738
            ],
            [
              116.3442715,
              40.0232206
            ],
            [
              116.3441573,
              40.0228415
            ],
            [
              116.3439584,
              40.0224884
            ],
            [
              116.3438823,
              40.0223555
            ],
            [
              116.3438484,
              40.0220931
            ],
            [
              116.3438484,
              40.0220056
            ],
            [
              116.3440896,
              40.0215001
            ],
            [
              116.3442546,
              40.0212538
            ],
            [
              116.34439,
              40.0210335
            ],
            [
              116.3452193,
              40.0196823
            ],
            [
              116.3451441,
              40.0196625
            ],
            [
              116.3450458,
              40.0196467
            ],
            [
              116.3442589,
              40.0209525
            ],
            [
              116.344172,
              40.0210992
            ],
            [
              116.3440092,
              40.021377
            ],
            [
              116.3439161,
              40.0215325
            ],
            [
              116.3437003,
              40.0220056
            ]
          ]
        ]
      }
    },
    {
      "type": "Feature",
      "id": "CON-WATER-004",
      "properties": {
        "id": "CON-WATER-004",
        "layer": "EXISTING_WATER",
        "constraint_type": "water_body_existing",
        "source_type": "osm",
        "confidence": "medium",
        "geometry_role": "existing_condition",
        "name_zh": "现状水体（OSM 提取）",
        "evidence_level_zh": "第三方开放地图水体面，非蓝线法定范围，非水利工程边界",
        "area_sqm_declared": 39860.407
      },
      "geometry": {
        "type": "Polygon",
        "coordinates": [
          [
            [
              116.3460124,
              40.0258504
            ],
            [
              116.3462094,
              40.0258846
            ],
            [
              116.3485133,
              40.0261976
            ],
            [
              116.3503342,
              40.0264765
            ],
            [
              116.350500525,
              40.026500162
            ],
            [
              116.354768838,
              40.026500028
            ],
            [
              116.3525378,
              40.0263285
            ],
            [
              116.3516051,
              40.0262118
            ],
            [
              116.3463655,
              40.0254151
            ],
            [
              116.3456483,
              40.0253638
            ],
            [
              116.344177,
              40.0251503
            ],
            [
              116.3442265,
              40.0250745
            ],
            [
              116.3441434,
              40.0250604
            ],
            [
              116.3440851,
              40.0250506
            ],
            [
              116.3440452,
              40.0251303
            ],
            [
              116.3437531,
              40.0250878
            ],
            [
              116.3435859,
              40.0250309
            ],
            [
              116.3431051,
              40.0249311
            ],
            [
              116.342969,
              40.0249028
            ],
            [
              116.342619249,
              40.024845008
            ],
            [
              116.342641935,
              40.025309953
            ],
            [
              116.3430072,
              40.0253607
            ],
            [
              116.3434595,
              40.0254236
            ],
            [
              116.3436899,
              40.0254151
            ],
            [
              116.3455145,
              40.0256939
            ],
            [
              116.3460124,
              40.0258504
            ]
          ]
        ]
      }
    },
    {
      "type": "Feature",
      "id": "CON-WATER-005",
      "properties": {
        "id": "CON-WATER-005",
        "layer": "EXISTING_WATER",
        "constraint_type": "water_body_existing",
        "source_type": "osm",
        "confidence": "medium",
        "geometry_role": "existing_condition",
        "name_zh": "现状水体（OSM 提取）",
        "evidence_level_zh": "第三方开放地图水体面，非蓝线法定范围，非水利工程边界",
        "area_sqm_declared": 5497.987
      },
      "geometry": {
        "type": "Polygon",
        "coordinates": [
          [
            [
              116.3508418,
              39.9464374
            ],
            [
              116.3509237,
              39.9465561
            ],
            [
              116.3510724,
              39.9465258
            ],
            [
              116.3535858,
              39.9464115
            ],
            [
              116.3538582,
              39.9464118
            ],
            [
              116.3539917,
              39.9462536
            ],
            [
              116.3534546,
              39.9462024
            ],
            [
              116.3512818,
              39.946335
            ],
            [
              116.3508418,
              39.9464374
            ]
          ]
        ]
      }
    },
    {
      "type": "Feature",
      "id": "CON-WATER-006",
      "properties": {
        "id": "CON-WATER-006",
        "layer": "EXISTING_WATER",
        "constraint_type": "water_body_existing",
        "source_type": "osm",
        "confidence": "medium",
        "geometry_role": "existing_condition",
        "name_zh": "现状水体（OSM 提取）",
        "evidence_level_zh": "第三方开放地图水体面，非蓝线法定范围，非水利工程边界",
        "area_sqm_declared": 29938.551
      },
      "geometry": {
        "type": "Polygon",
        "coordinates": [
          [
            [
              116.3476049,
              39.9744818
            ],
            [
              116.3473506,
              39.9743895
            ],
            [
              116.3471875,
              39.9742188
            ],
            [
              116.3471071,
              39.9739952
            ],
            [
              116.3471185,
              39.9737829
            ],
            [
              116.3471698,
              39.9728078
            ],
            [
              116.3472182,
              39.9719332
            ],
            [
              116.3472966,
              39.9707135
            ],
            [
              116.3473079,
              39.9699345
            ],
            [
              116.3473722,
              39.9687452
            ],
            [
              116.347467,
              39.9680986
            ],
            [
              116.3475443,
              39.9674401
            ],
            [
              116.3475681,
              39.9672221
            ],
            [
              116.3475347,
              39.9667216
            ],
            [
              116.3475865,
              39.9659142
            ],
            [
              116.3476204,
              39.9655944
            ],
            [
              116.3476963,
              39.9649654
            ],
            [
              116.3476777,
              39.9647729
            ],
            [
              116.3476093,
              39.9642599
            ],
            [
              116.347628,
              39.9637749
            ],
            [
              116.3476356,
              39.9635801
            ],
            [
              116.3476906,
              39.9629877
            ],
            [
              116.3477243,
              39.9622856
            ],
            [
              116.3477659,
              39.9615204
            ],
            [
              116.347812,
              39.9606231
            ],
            [
              116.3478401,
              39.9600067
            ],
            [
              116.3478777,
              39.959305
            ],
            [
              116.3479152,
              39.9583941
            ],
            [
              116.3478874,
              39.9583427
            ],
            [
              116.347854,
              39.9583343
            ],
            [
              116.3478217,
              39.9583293
            ],
            [
              116.3477741,
              39.9584143
            ],
            [
              116.3477113,
              39.9596047
            ],
            [
              116.3476947,
              39.9600046
            ],
            [
              116.3476692,
              39.9606418
            ],
            [
              116.3476399,
              39.9606612
            ],
            [
              116.3476361,
              39.960747
            ],
            [
              116.347654,
              39.9608053
            ],
            [
              116.3475982,
              39.9617331
            ],
            [
              116.3475589,
              39.9625419
            ],
            [
              116.3475007,
              39.9634867
            ],
            [
              116.3474883,
              39.9639956
            ],
            [
              116.3474643,
              39.9642867
            ],
            [
              116.3475775,
              39.9648191
            ],
            [
              116.3475862,
              39.9652204
            ],
            [
              116.3474808,
              39.9658261
            ],
            [
              116.3474567,
              39.9666219
            ],
            [
              116.34744,
              39.9671559
            ],
            [
              116.3473715,
              39.9678574
            ],
            [
              116.3472658,
              39.9684845
            ],
            [
              116.3472104,
              39.968744
            ],
            [
              116.3471711,
              39.9699065
            ],
            [
              116.3471399,
              39.9707062
            ],
            [
              116.3470972,
              39.9719705
            ],
            [
              116.347068,
              39.9728046
            ],
            [
              116.3469869,
              39.9738561
            ],
            [
              116.3470166,
              39.9740571
            ],
            [
              116.3470958,
              39.9743414
            ],
            [
              116.3472034,
              39.9744575
            ],
            [
              116.347468,
              39.9745714
            ],
            [
              116.3478369,
              39.9746375
            ],
            [
              116.3484643,
              39.9746342
            ],
            [
              116.3491555,
              39.9745936
            ],
            [
              116.354528812,
              39.974642202
            ],
            [
              116.354538523,
              39.974520812
            ],
            [
              116.3530779,
              39.9745049
            ],
            [
              116.3490868,
              39.9744259
            ],
            [
              116.3485085,
              39.9744969
            ],
            [
              116.3478572,
              39.9745249
            ],
            [
              116.3476049,
              39.9744818
            ]
          ]
        ]
      }
    },
    {
      "type": "Feature",
      "id": "CON-WATER-007",
      "properties": {
        "id": "CON-WATER-007",
        "layer": "EXISTING_WATER",
        "constraint_type": "water_body_existing",
        "source_type": "osm",
        "confidence": "medium",
        "geometry_role": "existing_condition",
        "name_zh": "现状水体（OSM 提取）",
        "evidence_level_zh": "第三方开放地图水体面，非蓝线法定范围，非水利工程边界",
        "area_sqm_declared": 3869.864
      },
      "geometry": {
        "type": "Polygon",
        "coordinates": [
          [
            [
              116.3537916,
              40.0120254
            ],
            [
              116.3538477,
              40.0119611
            ],
            [
              116.3538591,
              40.0118889
            ],
            [
              116.3538494,
              40.0118253
            ],
            [
              116.3538698,
              40.0117125
            ],
            [
              116.3539453,
              40.0117143
            ],
            [
              116.3540478,
              40.0116328
            ],
            [
              116.3541099,
              40.0115577
            ],
            [
              116.3541109,
              40.0114917
            ],
            [
              116.354087,
              40.0114287
            ],
            [
              116.3540336,
              40.0113554
            ],
            [
              116.3538842,
              40.0113134
            ],
            [
              116.3538135,
              40.0113107
            ],
            [
              116.3537381,
              40.0113905
            ],
            [
              116.3537273,
              40.011474
            ],
            [
              116.3536542,
              40.0115088
            ],
            [
              116.353574,
              40.011596
            ],
            [
              116.3534386,
              40.0116584
            ],
            [
              116.353362,
              40.0117432
            ],
            [
              116.3533038,
              40.0118354
            ],
            [
              116.3532405,
              40.0118934
            ],
            [
              116.3532413,
              40.0119477
            ],
            [
              116.3532707,
              40.0119934
            ],
            [
              116.3533693,
              40.0120418
            ],
            [
              116.3534099,
              40.0120629
            ],
            [
              116.3534405,
              40.0120887
            ],
            [
              116.353466,
              40.0121567
            ],
            [
              116.3534982,
              40.0122232
            ],
            [
              116.3535465,
              40.0122657
            ],
            [
              116.3535887,
              40.0122812
            ],
            [
              116.3536536,
              40.0122746
            ],
            [
              116.3536847,
              40.0122481
            ],
            [
              116.3537161,
              40.0121746
            ],
            [
              116.3537369,
              40.0121176
            ],
            [
              116.3537916,
              40.0120254
            ]
          ]
        ]
      }
    },
    {
      "type": "Feature",
      "id": "CON-WATER-008",
      "properties": {
        "id": "CON-WATER-008",
        "layer": "EXISTING_WATER",
        "constraint_type": "water_body_existing",
        "source_type": "osm",
        "confidence": "medium",
        "geometry_role": "existing_condition",
        "name_zh": "现状水体（OSM 提取）",
        "evidence_level_zh": "第三方开放地图水体面，非蓝线法定范围，非水利工程边界",
        "area_sqm_declared": 6685.846
      },
      "geometry": {
        "type": "Polygon",
        "coordinates": [
          [
            [
              116.3497041,
              40.0251347
            ],
            [
              116.3498656,
              40.0251535
            ],
            [
              116.3500377,
              40.0251815
            ],
            [
              116.3501482,
              40.0252125
            ],
            [
              116.3503036,
              40.0252693
            ],
            [
              116.350482,
              40.0253539
            ],
            [
              116.3505804,
              40.0254277
            ],
            [
              116.3507619,
              40.025489
            ],
            [
              116.3509127,
              40.0254927
            ],
            [
              116.3510629,
              40.0254419
            ],
            [
              116.351219,
              40.0253694
            ],
            [
              116.3513537,
              40.0253472
            ],
            [
              116.3515851,
              40.0253491
            ],
            [
              116.351746,
              40.0253291
            ],
            [
              116.3519955,
              40.0253687
            ],
            [
              116.3521345,
              40.0253985
            ],
            [
              116.3525438,
              40.0255569
            ],
            [
              116.3527419,
              40.0256914
            ],
            [
              116.3528129,
              40.0257629
            ],
            [
              116.3530184,
              40.0259174
            ],
            [
              116.353265,
              40.0259661
            ],
            [
              116.3533995,
              40.0259603
            ],
            [
              116.3533098,
              40.0258888
            ],
            [
              116.3532239,
              40.0258659
            ],
            [
              116.3530259,
              40.0258316
            ],
            [
              116.3529324,
              40.0257572
            ],
            [
              116.3528988,
              40.0256713
            ],
            [
              116.3528465,
              40.0256141
            ],
            [
              116.3526896,
              40.0255798
            ],
            [
              116.3523831,
              40.0254396
            ],
            [
              116.3522038,
              40.025328
            ],
            [
              116.3519721,
              40.0251391
            ],
            [
              116.3517404,
              40.0251363
            ],
            [
              116.3516844,
              40.0251534
            ],
            [
              116.351591,
              40.0251849
            ],
            [
              116.351449,
              40.0251906
            ],
            [
              116.3513518,
              40.0251763
            ],
            [
              116.3508175,
              40.0252192
            ],
            [
              116.3505484,
              40.0252192
            ],
            [
              116.3504513,
              40.0251992
            ],
            [
              116.3502906,
              40.0251105
            ],
            [
              116.3500776,
              40.0250418
            ],
            [
              116.3497237,
              40.0250205
            ],
            [
              116.3496239,
              40.0249787
            ],
            [
              116.3494883,
              40.0248807
            ],
            [
              116.3493846,
              40.0248349
            ],
            [
              116.3492564,
              40.0248195
            ],
            [
              116.3492257,
              40.0248358
            ],
            [
              116.3491547,
              40.0248501
            ],
            [
              116.3491046,
              40.0249165
            ],
            [
              116.3489551,
              40.0250596
            ],
            [
              116.3489249,
              40.0251256
            ],
            [
              116.3489578,
              40.0251639
            ],
            [
              116.3490008,
              40.0251916
            ],
            [
              116.3490569,
              40.0251925
            ],
            [
              116.3491122,
              40.0251635
            ],
            [
              116.3492155,
              40.0250781
            ],
            [
              116.3492872,
              40.0250479
            ],
            [
              116.349428,
              40.0250393
            ],
            [
              116.3495181,
              40.0250762
            ],
            [
              116.3497041,
              40.0251347
            ]
          ]
        ]
      }
    }
  ],
  "data_gap": {
    "status": "official_regulatory_constraints_not_published",
    "missing_official_layers": [
      "控制性详细规划地块控制线与指标",
      "道路红线",
      "轨道交通线位与控制保护区",
      "文物保护单位保护范围与建设控制地带",
      "生态控制线/蓝线/绿线",
      "市政管线廊道"
    ],
    "statement_zh": "截至提交时组织方未公开上述法定控制线，本层不含任何法定管控几何；现有要素仅为可核验的开放地图现状线位与水体面，不得当作红线、蓝线、绿线或控制保护区。官方控规数据发布后必须整体复算。",
    "assumption_ids": [
      "A-CONTROLS-001",
      "A-CONSTRAINT-GAP-001"
    ]
  }
}
