{
  "type": "FeatureCollection",
  "name": "green_space",
  "crs": {
    "type": "name",
    "properties": {
      "name": "urn:ogc:def:crs:OGC:1.3:CRS84"
    }
  },
  "note": "现状绿地与开敞空间，来源 OpenStreetMap（ODbL），已裁切至临时 site_boundary。",
  "features": [
    {
      "type": "Feature",
      "id": "GREEN-001",
      "properties": {
        "id": "GREEN-001",
        "layer": "GREEN_SPACE",
        "source_type": "osm",
        "confidence": "medium",
        "geometry_role": "existing_condition",
        "land_use_code": "1401",
        "name_zh": "现状公园绿地与开敞空间（OSM 提取）",
        "source_id": "DATA-SRC-OSM-JINGZHANG-BASE",
        "evidence_level_zh": "第三方开放地图，可用于背景与设计模型复算，不作为法定绿线依据",
        "area_sqm_declared": 137687.506
      },
      "geometry": {
        "type": "Polygon",
        "coordinates": [
          [
            [
              116.3474756,
              39.9605917
            ],
            [
              116.3474006,
              39.9606226
            ],
            [
              116.3472743,
              39.9636296
            ],
            [
              116.3472982,
              39.9637707
            ],
            [
              116.3474255,
              39.9637803
            ],
            [
              116.3476773,
              39.9638864
            ],
            [
              116.3476665,
              39.9643593
            ],
            [
              116.3477363,
              39.964902
            ],
            [
              116.3477041,
              39.9656749
            ],
            [
              116.3476236,
              39.9660655
            ],
            [
              116.3475753,
              39.9668878
            ],
            [
              116.3476142,
              39.9672502
            ],
            [
              116.347664,
              39.9675677
            ],
            [
              116.3476535,
              39.9678822
            ],
            [
              116.3475248,
              39.9685862
            ],
            [
              116.3474064,
              39.9705874
            ],
            [
              116.3473798,
              39.9709099
            ],
            [
              116.3472803,
              39.9721173
            ],
            [
              116.3471904,
              39.9729935
            ],
            [
              116.3471408,
              39.9739878
            ],
            [
              116.3471825,
              39.9740994
            ],
            [
              116.3472544,
              39.9741881
            ],
            [
              116.3473358,
              39.9742804
            ],
            [
              116.3474346,
              39.9743624
            ],
            [
              116.3475975,
              39.9744087
            ],
            [
              116.3478919,
              39.9744297
            ],
            [
              116.3479625,
              39.9727521
            ],
            [
              116.3480264,
              39.9713776
            ],
            [
              116.3479754,
              39.9712723
            ],
            [
              116.3479874,
              39.9708315
            ],
            [
              116.3480609,
              39.9708031
            ],
            [
              116.3482491,
              39.9677953
            ],
            [
              116.3481985,
              39.9677607
            ],
            [
              116.3482062,
              39.9674865
            ],
            [
              116.3482452,
              39.9674609
            ],
            [
              116.3483138,
              39.966078
            ],
            [
              116.3483847,
              39.9652153
            ],
            [
              116.3483478,
              39.9651881
            ],
            [
              116.3483625,
              39.9648938
            ],
            [
              116.3483987,
              39.9648678
            ],
            [
              116.3484412,
              39.9637652
            ],
            [
              116.3487798,
              39.9572167
            ],
            [
              116.3487682,
              39.9568931
            ],
            [
              116.348532,
              39.9568966
            ],
            [
              116.3478817,
              39.9580713
            ],
            [
              116.3476213,
              39.9585902
            ],
            [
              116.3474963,
              39.9589893
            ],
            [
              116.347489,
              39.9593731
            ],
            [
              116.3474353,
              39.960106
            ],
            [
              116.3475097,
              39.9601156
            ],
            [
              116.3474756,
              39.9605917
            ]
          ]
        ]
      }
    },
    {
      "type": "Feature",
      "id": "GREEN-002",
      "properties": {
        "id": "GREEN-002",
        "layer": "GREEN_SPACE",
        "source_type": "osm",
        "confidence": "medium",
        "geometry_role": "existing_condition",
        "land_use_code": "1401",
        "name_zh": "现状公园绿地与开敞空间（OSM 提取）",
        "source_id": "DATA-SRC-OSM-JINGZHANG-BASE",
        "evidence_level_zh": "第三方开放地图，可用于背景与设计模型复算，不作为法定绿线依据",
        "area_sqm_declared": 83773.395
      },
      "geometry": {
        "type": "Polygon",
        "coordinates": [
          [
            [
              116.3544916,
              39.9751076
            ],
            [
              116.3546095,
              39.9736333
            ],
            [
              116.3484017,
              39.973618
            ],
            [
              116.348376,
              39.9746749
            ],
            [
              116.3487072,
              39.9746661
            ],
            [
              116.3486979,
              39.9750313
            ],
            [
              116.3492217,
              39.9750356
            ],
            [
              116.3493255,
              39.9750418
            ],
            [
              116.3497521,
              39.9750675
            ],
            [
              116.351346,
              39.975081
            ],
            [
              116.3544916,
              39.9751076
            ]
          ]
        ]
      }
    },
    {
      "type": "Feature",
      "id": "GREEN-003",
      "properties": {
        "id": "GREEN-003",
        "layer": "GREEN_SPACE",
        "source_type": "osm",
        "confidence": "medium",
        "geometry_role": "existing_condition",
        "land_use_code": "1401",
        "name_zh": "现状公园绿地与开敞空间（OSM 提取）",
        "source_id": "DATA-SRC-OSM-JINGZHANG-BASE",
        "evidence_level_zh": "第三方开放地图，可用于背景与设计模型复算，不作为法定绿线依据",
        "area_sqm_declared": 38995.726
      },
      "geometry": {
        "type": "Polygon",
        "coordinates": [
          [
            [
              116.3519307,
              40.0210655
            ],
            [
              116.3527575,
              40.021116
            ],
            [
              116.3546683,
              40.0211466
            ],
            [
              116.3550089,
              40.02119
            ],
            [
              116.3549562,
              40.0202286
            ],
            [
              116.3527653,
              40.0202605
            ],
            [
              116.3518281,
              40.0202684
            ],
            [
              116.3510615,
              40.0194328
            ],
            [
              116.350974,
              40.0197737
            ],
            [
              116.3501925,
              40.0200506
            ],
            [
              116.3506472,
              40.020555
            ],
            [
              116.3511622,
              40.0208735
            ],
            [
              116.3515683,
              40.0209873
            ],
            [
              116.3519307,
              40.0210655
            ]
          ]
        ]
      }
    },
    {
      "type": "Feature",
      "id": "GREEN-004",
      "properties": {
        "id": "GREEN-004",
        "layer": "GREEN_SPACE",
        "source_type": "osm",
        "confidence": "medium",
        "geometry_role": "existing_condition",
        "land_use_code": "1401",
        "name_zh": "现状公园绿地与开敞空间（OSM 提取）",
        "source_id": "DATA-SRC-OSM-JINGZHANG-BASE",
        "evidence_level_zh": "第三方开放地图，可用于背景与设计模型复算，不作为法定绿线依据",
        "area_sqm_declared": 36262.245
      },
      "geometry": {
        "type": "Polygon",
        "coordinates": [
          [
            [
              116.3505861,
              39.9432316
            ],
            [
              116.3504775,
              39.9433667
            ],
            [
              116.3504721,
              39.9434202
            ],
            [
              116.3504937,
              39.9435702
            ],
            [
              116.3504771,
              39.9447369
            ],
            [
              116.3504803,
              39.9453069
            ],
            [
              116.3505471,
              39.945505
            ],
            [
              116.3505382,
              39.9461573
            ],
            [
              116.3504999,
              39.9462323
            ],
            [
              116.3504882,
              39.946554
            ],
            [
              116.3506545,
              39.946554
            ],
            [
              116.3508507,
              39.9466251
            ],
            [
              116.3534373,
              39.9464962
            ],
            [
              116.3538743,
              39.9464519
            ],
            [
              116.3540821,
              39.9463042
            ],
            [
              116.3542508,
              39.9461814
            ],
            [
              116.3534501,
              39.9460659
            ],
            [
              116.3513862,
              39.9461807
            ],
            [
              116.3507891,
              39.9462139
            ],
            [
              116.3507334,
              39.9439914
            ],
            [
              116.3509938,
              39.9435647
            ],
            [
              116.3512714,
              39.9434407
            ],
            [
              116.35329,
              39.9440451
            ],
            [
              116.3553,
              39.9446047
            ],
            [
              116.3553,
              39.9442338
            ],
            [
              116.3539268,
              39.9438685
            ],
            [
              116.3536747,
              39.9438397
            ],
            [
              116.3527265,
              39.9436141
            ],
            [
              116.3526729,
              39.9435195
            ],
            [
              116.351026,
              39.9430794
            ],
            [
              116.3508369,
              39.9430788
            ],
            [
              116.3506773,
              39.9431288
            ],
            [
              116.3505861,
              39.9432316
            ]
          ]
        ]
      }
    },
    {
      "type": "Feature",
      "id": "GREEN-005",
      "properties": {
        "id": "GREEN-005",
        "layer": "GREEN_SPACE",
        "source_type": "osm",
        "confidence": "medium",
        "geometry_role": "existing_condition",
        "land_use_code": "1401",
        "name_zh": "现状公园绿地与开敞空间（OSM 提取）",
        "source_id": "DATA-SRC-OSM-JINGZHANG-BASE",
        "evidence_level_zh": "第三方开放地图，可用于背景与设计模型复算，不作为法定绿线依据",
        "area_sqm_declared": 27129.97
      },
      "geometry": {
        "type": "Polygon",
        "coordinates": [
          [
            [
              116.3523169,
              39.9899851
            ],
            [
              116.3531352,
              39.990009
            ],
            [
              116.3533007,
              39.9900135
            ],
            [
              116.3533,
              39.99
            ],
            [
              116.3533161,
              39.9897994
            ],
            [
              116.3531457,
              39.9897952
            ],
            [
              116.3531492,
              39.9897223
            ],
            [
              116.3526803,
              39.9897088
            ],
            [
              116.3526956,
              39.9893953
            ],
            [
              116.3527472,
              39.9885035
            ],
            [
              116.3526945,
              39.9884981
            ],
            [
              116.3527084,
              39.9881905
            ],
            [
              116.352907,
              39.9881957
            ],
            [
              116.3528524,
              39.9896777
            ],
            [
              116.3531086,
              39.9896833
            ],
            [
              116.3532922,
              39.9897808
            ],
            [
              116.3533175,
              39.9897814
            ],
            [
              116.3534465,
              39.9881699
            ],
            [
              116.3534642,
              39.9879478
            ],
            [
              116.3519116,
              39.9879066
            ],
            [
              116.3518858,
              39.9884766
            ],
            [
              116.3518473,
              39.989371
            ],
            [
              116.3518331,
              39.989674
            ],
            [
              116.3518186,
              39.9899708
            ],
            [
              116.3523169,
              39.9899851
            ]
          ]
        ]
      }
    },
    {
      "type": "Feature",
      "id": "GREEN-006",
      "properties": {
        "id": "GREEN-006",
        "layer": "GREEN_SPACE",
        "source_type": "osm",
        "confidence": "medium",
        "geometry_role": "existing_condition",
        "land_use_code": "1401",
        "name_zh": "现状公园绿地与开敞空间（OSM 提取）",
        "source_id": "DATA-SRC-OSM-JINGZHANG-BASE",
        "evidence_level_zh": "第三方开放地图，可用于背景与设计模型复算，不作为法定绿线依据",
        "area_sqm_declared": 25434.727
      },
      "geometry": {
        "type": "Polygon",
        "coordinates": [
          [
            [
              116.3521823,
              40.0133477
            ],
            [
              116.352592,
              40.0134164
            ],
            [
              116.3535906,
              40.0133575
            ],
            [
              116.3540259,
              40.0127888
            ],
            [
              116.3542372,
              40.0120338
            ],
            [
              116.3544814,
              40.0115641
            ],
            [
              116.3544431,
              40.0108667
            ],
            [
              116.3539427,
              40.0109208
            ],
            [
              116.3528673,
              40.012676
            ],
            [
              116.352432,
              40.0127545
            ],
            [
              116.3521823,
              40.0133477
            ]
          ]
        ]
      }
    },
    {
      "type": "Feature",
      "id": "GREEN-007",
      "properties": {
        "id": "GREEN-007",
        "layer": "GREEN_SPACE",
        "source_type": "osm",
        "confidence": "medium",
        "geometry_role": "existing_condition",
        "land_use_code": "1401",
        "name_zh": "现状公园绿地与开敞空间（OSM 提取）",
        "source_id": "DATA-SRC-OSM-JINGZHANG-BASE",
        "evidence_level_zh": "第三方开放地图，可用于背景与设计模型复算，不作为法定绿线依据",
        "area_sqm_declared": 24910.098
      },
      "geometry": {
        "type": "Polygon",
        "coordinates": [
          [
            [
              116.3451326,
              39.941578
            ],
            [
              116.3442384,
              39.9414291
            ],
            [
              116.343909,
              39.9414293
            ],
            [
              116.3435373,
              39.9414889
            ],
            [
              116.3433448,
              39.9415285
            ],
            [
              116.3431368,
              39.9415816
            ],
            [
              116.3417713,
              39.9418493
            ],
            [
              116.3409881,
              39.9418575
            ],
            [
              116.3408815,
              39.9418542
            ],
            [
              116.3408528,
              39.9417442
            ],
            [
              116.3406239,
              39.9417399
            ],
            [
              116.3406008,
              39.9425719
            ],
            [
              116.3411039,
              39.9426413
            ],
            [
              116.3418476,
              39.9424641
            ],
            [
              116.3436602,
              39.9419668
            ],
            [
              116.3440515,
              39.9418747
            ],
            [
              116.3444546,
              39.9419731
            ],
            [
              116.3447922,
              39.9421347
            ],
            [
              116.3449446,
              39.9419463
            ],
            [
              116.3451326,
              39.941578
            ]
          ]
        ]
      }
    },
    {
      "type": "Feature",
      "id": "GREEN-008",
      "properties": {
        "id": "GREEN-008",
        "layer": "GREEN_SPACE",
        "source_type": "osm",
        "confidence": "medium",
        "geometry_role": "existing_condition",
        "land_use_code": "1401",
        "name_zh": "现状公园绿地与开敞空间（OSM 提取）",
        "source_id": "DATA-SRC-OSM-JINGZHANG-BASE",
        "evidence_level_zh": "第三方开放地图，可用于背景与设计模型复算，不作为法定绿线依据",
        "area_sqm_declared": 24204.485
      },
      "geometry": {
        "type": "Polygon",
        "coordinates": [
          [
            [
              116.3442847,
              40.0193875
            ],
            [
              116.3423536,
              40.0193992
            ],
            [
              116.3424062,
              40.0204781
            ],
            [
              116.3425856,
              40.0206126
            ],
            [
              116.3432131,
              40.0208222
            ],
            [
              116.3438866,
              40.0209573
            ],
            [
              116.3441042,
              40.020496
            ],
            [
              116.3442055,
              40.0202626
            ],
            [
              116.3442902,
              40.0200856
            ],
            [
              116.3443318,
              40.0199132
            ],
            [
              116.3443464,
              40.0196493
            ],
            [
              116.3442847,
              40.0193875
            ]
          ]
        ]
      }
    },
    {
      "type": "Feature",
      "id": "GREEN-009",
      "properties": {
        "id": "GREEN-009",
        "layer": "GREEN_SPACE",
        "source_type": "osm",
        "confidence": "medium",
        "geometry_role": "existing_condition",
        "land_use_code": "1401",
        "name_zh": "现状公园绿地与开敞空间（OSM 提取）",
        "source_id": "DATA-SRC-OSM-JINGZHANG-BASE",
        "evidence_level_zh": "第三方开放地图，可用于背景与设计模型复算，不作为法定绿线依据",
        "area_sqm_declared": 22549.711
      },
      "geometry": {
        "type": "Polygon",
        "coordinates": [
          [
            [
              116.3457799,
              39.9779666
            ],
            [
              116.3458012,
              39.977583
            ],
            [
              116.3458067,
              39.9774702
            ],
            [
              116.3459581,
              39.9774745
            ],
            [
              116.3460075,
              39.9766026
            ],
            [
              116.3443187,
              39.9765548
            ],
            [
              116.3442163,
              39.9765513
            ],
            [
              116.3441535,
              39.97793
            ],
            [
              116.3457799,
              39.9779666
            ]
          ]
        ]
      }
    },
    {
      "type": "Feature",
      "id": "GREEN-010",
      "properties": {
        "id": "GREEN-010",
        "layer": "GREEN_SPACE",
        "source_type": "osm",
        "confidence": "medium",
        "geometry_role": "existing_condition",
        "land_use_code": "1401",
        "name_zh": "现状公园绿地与开敞空间（OSM 提取）",
        "source_id": "DATA-SRC-OSM-JINGZHANG-BASE",
        "evidence_level_zh": "第三方开放地图，可用于背景与设计模型复算，不作为法定绿线依据",
        "area_sqm_declared": 20713.618
      },
      "geometry": {
        "type": "Polygon",
        "coordinates": [
          [
            [
              116.3412124,
              39.9780629
            ],
            [
              116.3405433,
              39.9780422
            ],
            [
              116.340489,
              39.9780412
            ],
            [
              116.3404302,
              39.9780401
            ],
            [
              116.3403414,
              39.9796888
            ],
            [
              116.3403947,
              39.9796902
            ],
            [
              116.3404637,
              39.9796923
            ],
            [
              116.3408191,
              39.9797032
            ],
            [
              116.3411292,
              39.9797129
            ],
            [
              116.3411304,
              39.9795595
            ],
            [
              116.3412212,
              39.9795624
            ],
            [
              116.3417252,
              39.9795787
            ],
            [
              116.3417296,
              39.9794992
            ],
            [
              116.3418076,
              39.9780821
            ],
            [
              116.3412124,
              39.9780629
            ]
          ]
        ]
      }
    },
    {
      "type": "Feature",
      "id": "GREEN-011",
      "properties": {
        "id": "GREEN-011",
        "layer": "GREEN_SPACE",
        "source_type": "osm",
        "confidence": "medium",
        "geometry_role": "existing_condition",
        "land_use_code": "1401",
        "name_zh": "现状公园绿地与开敞空间（OSM 提取）",
        "source_id": "DATA-SRC-OSM-JINGZHANG-BASE",
        "evidence_level_zh": "第三方开放地图，可用于背景与设计模型复算，不作为法定绿线依据",
        "area_sqm_declared": 19160.913
      },
      "geometry": {
        "type": "Polygon",
        "coordinates": [
          [
            [
              116.3438447,
              39.9896561
            ],
            [
              116.344956,
              39.9896876
            ],
            [
              116.3449832,
              39.9891082
            ],
            [
              116.3450273,
              39.9881036
            ],
            [
              116.3448441,
              39.9880986
            ],
            [
              116.3448468,
              39.9880345
            ],
            [
              116.3444726,
              39.9880253
            ],
            [
              116.3444884,
              39.9876741
            ],
            [
              116.3439295,
              39.9876593
            ],
            [
              116.3439239,
              39.9877842
            ],
            [
              116.3439149,
              39.9880116
            ],
            [
              116.3438868,
              39.988675
            ],
            [
              116.3438704,
              39.9890788
            ],
            [
              116.3438447,
              39.9896561
            ]
          ]
        ]
      }
    },
    {
      "type": "Feature",
      "id": "GREEN-012",
      "properties": {
        "id": "GREEN-012",
        "layer": "GREEN_SPACE",
        "source_type": "osm",
        "confidence": "medium",
        "geometry_role": "existing_condition",
        "land_use_code": "1401",
        "name_zh": "现状公园绿地与开敞空间（OSM 提取）",
        "source_id": "DATA-SRC-OSM-JINGZHANG-BASE",
        "evidence_level_zh": "第三方开放地图，可用于背景与设计模型复算，不作为法定绿线依据",
        "area_sqm_declared": 18244.103
      },
      "geometry": {
        "type": "Polygon",
        "coordinates": [
          [
            [
              116.3416335,
              39.9820998
            ],
            [
              116.3415035,
              39.9819487
            ],
            [
              116.3408641,
              39.981915
            ],
            [
              116.3401454,
              39.9819058
            ],
            [
              116.340235,
              39.9832956
            ],
            [
              116.3406285,
              39.9833072
            ],
            [
              116.3414316,
              39.9833301
            ],
            [
              116.3414356,
              39.9832901
            ],
            [
              116.3413015,
              39.983288
            ],
            [
              116.3413095,
              39.9831246
            ],
            [
              116.3415201,
              39.9831298
            ],
            [
              116.3415188,
              39.983212
            ],
            [
              116.3415919,
              39.9832117
            ],
            [
              116.3416335,
              39.9820998
            ]
          ]
        ]
      }
    },
    {
      "type": "Feature",
      "id": "GREEN-013",
      "properties": {
        "id": "GREEN-013",
        "layer": "GREEN_SPACE",
        "source_type": "osm",
        "confidence": "medium",
        "geometry_role": "existing_condition",
        "land_use_code": "1401",
        "name_zh": "现状公园绿地与开敞空间（OSM 提取）",
        "source_id": "DATA-SRC-OSM-JINGZHANG-BASE",
        "evidence_level_zh": "第三方开放地图，可用于背景与设计模型复算，不作为法定绿线依据",
        "area_sqm_declared": 15496.646
      },
      "geometry": {
        "type": "Polygon",
        "coordinates": [
          [
            [
              116.3415121,
              39.9458486
            ],
            [
              116.3414343,
              39.9458013
            ],
            [
              116.3413645,
              39.9457704
            ],
            [
              116.3412707,
              39.9457447
            ],
            [
              116.3411728,
              39.9457314
            ],
            [
              116.3410977,
              39.9457303
            ],
            [
              116.3410225,
              39.9457324
            ],
            [
              116.3409555,
              39.9457468
            ],
            [
              116.3408777,
              39.9457735
            ],
            [
              116.3406377,
              39.945762
            ],
            [
              116.340487,
              39.9466702
            ],
            [
              116.3404702,
              39.9472758
            ],
            [
              116.3409461,
              39.9473319
            ],
            [
              116.3411084,
              39.9473404
            ],
            [
              116.341221,
              39.9473157
            ],
            [
              116.3413243,
              39.9472839
            ],
            [
              116.3413779,
              39.9472859
            ],
            [
              116.3415,
              39.9472939
            ],
            [
              116.3416757,
              39.9458514
            ],
            [
              116.3415121,
              39.9458486
            ]
          ]
        ]
      }
    },
    {
      "type": "Feature",
      "id": "GREEN-014",
      "properties": {
        "id": "GREEN-014",
        "layer": "GREEN_SPACE",
        "source_type": "osm",
        "confidence": "medium",
        "geometry_role": "existing_condition",
        "land_use_code": "1401",
        "name_zh": "现状公园绿地与开敞空间（OSM 提取）",
        "source_id": "DATA-SRC-OSM-JINGZHANG-BASE",
        "evidence_level_zh": "第三方开放地图，可用于背景与设计模型复算，不作为法定绿线依据",
        "area_sqm_declared": 13312.034
      },
      "geometry": {
        "type": "Polygon",
        "coordinates": [
          [
            [
              116.3500675,
              40.0028432
            ],
            [
              116.3518924,
              40.0028997
            ],
            [
              116.3519525,
              40.002146
            ],
            [
              116.3501159,
              40.0020672
            ],
            [
              116.3500675,
              40.0028432
            ]
          ]
        ]
      }
    },
    {
      "type": "Feature",
      "id": "GREEN-015",
      "properties": {
        "id": "GREEN-015",
        "layer": "GREEN_SPACE",
        "source_type": "osm",
        "confidence": "medium",
        "geometry_role": "existing_condition",
        "land_use_code": "1401",
        "name_zh": "现状公园绿地与开敞空间（OSM 提取）",
        "source_id": "DATA-SRC-OSM-JINGZHANG-BASE",
        "evidence_level_zh": "第三方开放地图，可用于背景与设计模型复算，不作为法定绿线依据",
        "area_sqm_declared": 10202.051
      },
      "geometry": {
        "type": "Polygon",
        "coordinates": [
          [
            [
              116.3542574,
              40.0074775
            ],
            [
              116.3532497,
              40.0072582
            ],
            [
              116.3528826,
              40.0080438
            ],
            [
              116.3543073,
              40.0083879
            ],
            [
              116.3542574,
              40.0074775
            ]
          ]
        ]
      }
    },
    {
      "type": "Feature",
      "id": "GREEN-016",
      "properties": {
        "id": "GREEN-016",
        "layer": "GREEN_SPACE",
        "source_type": "osm",
        "confidence": "medium",
        "geometry_role": "existing_condition",
        "land_use_code": "1401",
        "name_zh": "现状公园绿地与开敞空间（OSM 提取）",
        "source_id": "DATA-SRC-OSM-JINGZHANG-BASE",
        "evidence_level_zh": "第三方开放地图，可用于背景与设计模型复算，不作为法定绿线依据",
        "area_sqm_declared": 9787.046
      },
      "geometry": {
        "type": "Polygon",
        "coordinates": [
          [
            [
              116.3509559,
              39.9832663
            ],
            [
              116.3509587,
              39.9830211
            ],
            [
              116.3511732,
              39.9830172
            ],
            [
              116.3511762,
              39.9828586
            ],
            [
              116.3509806,
              39.9828536
            ],
            [
              116.3509799,
              39.9826331
            ],
            [
              116.3507876,
              39.9826201
            ],
            [
              116.3508033,
              39.982201
            ],
            [
              116.350692,
              39.9821985
            ],
            [
              116.3506839,
              39.9824152
            ],
            [
              116.3506829,
              39.9824417
            ],
            [
              116.3505245,
              39.9824383
            ],
            [
              116.3505194,
              39.9825748
            ],
            [
              116.3499107,
              39.9825614
            ],
            [
              116.3498418,
              39.9826499
            ],
            [
              116.3498361,
              39.9827994
            ],
            [
              116.3498151,
              39.9832869
            ],
            [
              116.3505886,
              39.9833065
            ],
            [
              116.3505725,
              39.9836819
            ],
            [
              116.3506888,
              39.9836848
            ],
            [
              116.3508908,
              39.9836881
            ],
            [
              116.3509023,
              39.9832672
            ],
            [
              116.3509559,
              39.9832663
            ]
          ]
        ]
      }
    },
    {
      "type": "Feature",
      "id": "GREEN-017",
      "properties": {
        "id": "GREEN-017",
        "layer": "GREEN_SPACE",
        "source_type": "osm",
        "confidence": "medium",
        "geometry_role": "existing_condition",
        "land_use_code": "1401",
        "name_zh": "现状公园绿地与开敞空间（OSM 提取）",
        "source_id": "DATA-SRC-OSM-JINGZHANG-BASE",
        "evidence_level_zh": "第三方开放地图，可用于背景与设计模型复算，不作为法定绿线依据",
        "area_sqm_declared": 8884.847
      },
      "geometry": {
        "type": "Polygon",
        "coordinates": [
          [
            [
              116.3427148,
              40.0216039
            ],
            [
              116.3430924,
              40.0215612
            ],
            [
              116.3437576,
              40.0215316
            ],
            [
              116.344028,
              40.0211175
            ],
            [
              116.3429422,
              40.0208973
            ],
            [
              116.3425774,
              40.0207461
            ],
            [
              116.3424141,
              40.02064
            ],
            [
              116.3424611,
              40.0216039
            ],
            [
              116.3427148,
              40.0216039
            ]
          ]
        ]
      }
    },
    {
      "type": "Feature",
      "id": "GREEN-018",
      "properties": {
        "id": "GREEN-018",
        "layer": "GREEN_SPACE",
        "source_type": "osm",
        "confidence": "medium",
        "geometry_role": "existing_condition",
        "land_use_code": "1401",
        "name_zh": "现状公园绿地与开敞空间（OSM 提取）",
        "source_id": "DATA-SRC-OSM-JINGZHANG-BASE",
        "evidence_level_zh": "第三方开放地图，可用于背景与设计模型复算，不作为法定绿线依据",
        "area_sqm_declared": 8204.285
      },
      "geometry": {
        "type": "Polygon",
        "coordinates": [
          [
            [
              116.3484957,
              39.984605
            ],
            [
              116.3484737,
              39.9851713
            ],
            [
              116.3499832,
              39.9852182
            ],
            [
              116.3500084,
              39.9846409
            ],
            [
              116.3484957,
              39.984605
            ]
          ]
        ]
      }
    },
    {
      "type": "Feature",
      "id": "GREEN-019",
      "properties": {
        "id": "GREEN-019",
        "layer": "GREEN_SPACE",
        "source_type": "osm",
        "confidence": "medium",
        "geometry_role": "existing_condition",
        "land_use_code": "1401",
        "name_zh": "现状公园绿地与开敞空间（OSM 提取）",
        "source_id": "DATA-SRC-OSM-JINGZHANG-BASE",
        "evidence_level_zh": "第三方开放地图，可用于背景与设计模型复算，不作为法定绿线依据",
        "area_sqm_declared": 7901.562
      },
      "geometry": {
        "type": "Polygon",
        "coordinates": [
          [
            [
              116.3432159,
              40.007485
            ],
            [
              116.345196,
              40.0074921
            ],
            [
              116.3452053,
              40.0070736
            ],
            [
              116.3432133,
              40.0070643
            ],
            [
              116.3432159,
              40.007485
            ]
          ]
        ]
      }
    },
    {
      "type": "Feature",
      "id": "GREEN-020",
      "properties": {
        "id": "GREEN-020",
        "layer": "GREEN_SPACE",
        "source_type": "osm",
        "confidence": "medium",
        "geometry_role": "existing_condition",
        "land_use_code": "1401",
        "name_zh": "现状公园绿地与开敞空间（OSM 提取）",
        "source_id": "DATA-SRC-OSM-JINGZHANG-BASE",
        "evidence_level_zh": "第三方开放地图，可用于背景与设计模型复算，不作为法定绿线依据",
        "area_sqm_declared": 7369.337
      },
      "geometry": {
        "type": "Polygon",
        "coordinates": [
          [
            [
              116.350664,
              40.0127268
            ],
            [
              116.3501196,
              40.0125966
            ],
            [
              116.3494459,
              40.0135841
            ],
            [
              116.3494255,
              40.0138651
            ],
            [
              116.3501003,
              40.0138739
            ],
            [
              116.3500192,
              40.0137788
            ],
            [
              116.3500715,
              40.0136592
            ],
            [
              116.3501585,
              40.0135367
            ],
            [
              116.3501859,
              40.0134624
            ],
            [
              116.3503309,
              40.0133136
            ],
            [
              116.3503459,
              40.0131415
            ],
            [
              116.3504291,
              40.0130241
            ],
            [
              116.3505121,
              40.012991
            ],
            [
              116.350664,
              40.0127268
            ]
          ]
        ]
      }
    },
    {
      "type": "Feature",
      "id": "GREEN-021",
      "properties": {
        "id": "GREEN-021",
        "layer": "GREEN_SPACE",
        "source_type": "osm",
        "confidence": "medium",
        "geometry_role": "existing_condition",
        "land_use_code": "1401",
        "name_zh": "现状公园绿地与开敞空间（OSM 提取）",
        "source_id": "DATA-SRC-OSM-JINGZHANG-BASE",
        "evidence_level_zh": "第三方开放地图，可用于背景与设计模型复算，不作为法定绿线依据",
        "area_sqm_declared": 7247.138
      },
      "geometry": {
        "type": "Polygon",
        "coordinates": [
          [
            [
              116.3510087,
              40.0016182
            ],
            [
              116.3501346,
              40.0015775
            ],
            [
              116.3501133,
              40.0020005
            ],
            [
              116.3519466,
              40.0020845
            ],
            [
              116.3519749,
              40.0016914
            ],
            [
              116.3510087,
              40.0016182
            ]
          ]
        ]
      }
    },
    {
      "type": "Feature",
      "id": "GREEN-022",
      "properties": {
        "id": "GREEN-022",
        "layer": "GREEN_SPACE",
        "source_type": "osm",
        "confidence": "medium",
        "geometry_role": "existing_condition",
        "land_use_code": "1401",
        "name_zh": "现状公园绿地与开敞空间（OSM 提取）",
        "source_id": "DATA-SRC-OSM-JINGZHANG-BASE",
        "evidence_level_zh": "第三方开放地图，可用于背景与设计模型复算，不作为法定绿线依据",
        "area_sqm_declared": 7194.127
      },
      "geometry": {
        "type": "Polygon",
        "coordinates": [
          [
            [
              116.3485958,
              40.0004305
            ],
            [
              116.3485736,
              40.0010773
            ],
            [
              116.3492215,
              40.0010903
            ],
            [
              116.349258,
              40.0000275
            ],
            [
              116.3484429,
              40.0000111
            ],
            [
              116.3484286,
              40.0004271
            ],
            [
              116.3485958,
              40.0004305
            ]
          ]
        ]
      }
    },
    {
      "type": "Feature",
      "id": "GREEN-023",
      "properties": {
        "id": "GREEN-023",
        "layer": "GREEN_SPACE",
        "source_type": "osm",
        "confidence": "medium",
        "geometry_role": "existing_condition",
        "land_use_code": "1401",
        "name_zh": "现状公园绿地与开敞空间（OSM 提取）",
        "source_id": "DATA-SRC-OSM-JINGZHANG-BASE",
        "evidence_level_zh": "第三方开放地图，可用于背景与设计模型复算，不作为法定绿线依据",
        "area_sqm_declared": 7107.744
      },
      "geometry": {
        "type": "Polygon",
        "coordinates": [
          [
            [
              116.3428637,
              39.9891085
            ],
            [
              116.3436444,
              39.9891313
            ],
            [
              116.343692,
              39.9881726
            ],
            [
              116.3429115,
              39.9881498
            ],
            [
              116.3428637,
              39.9891085
            ]
          ]
        ]
      }
    },
    {
      "type": "Feature",
      "id": "GREEN-024",
      "properties": {
        "id": "GREEN-024",
        "layer": "GREEN_SPACE",
        "source_type": "osm",
        "confidence": "medium",
        "geometry_role": "existing_condition",
        "land_use_code": "1401",
        "name_zh": "现状公园绿地与开敞空间（OSM 提取）",
        "source_id": "DATA-SRC-OSM-JINGZHANG-BASE",
        "evidence_level_zh": "第三方开放地图，可用于背景与设计模型复算，不作为法定绿线依据",
        "area_sqm_declared": 7004.349
      },
      "geometry": {
        "type": "Polygon",
        "coordinates": [
          [
            [
              116.3434947,
              39.9949657
            ],
            [
              116.343563,
              39.9937219
            ],
            [
              116.3429712,
              39.9937103
            ],
            [
              116.3428953,
              39.9949425
            ],
            [
              116.3434947,
              39.9949657
            ]
          ]
        ]
      }
    },
    {
      "type": "Feature",
      "id": "GREEN-025",
      "properties": {
        "id": "GREEN-025",
        "layer": "GREEN_SPACE",
        "source_type": "osm",
        "confidence": "medium",
        "geometry_role": "existing_condition",
        "land_use_code": "1401",
        "name_zh": "现状公园绿地与开敞空间（OSM 提取）",
        "source_id": "DATA-SRC-OSM-JINGZHANG-BASE",
        "evidence_level_zh": "第三方开放地图，可用于背景与设计模型复算，不作为法定绿线依据",
        "area_sqm_declared": 6926.9
      },
      "geometry": {
        "type": "Polygon",
        "coordinates": [
          [
            [
              116.3535964,
              39.9596948
            ],
            [
              116.3543736,
              39.9597183
            ],
            [
              116.3544218,
              39.9587804
            ],
            [
              116.3536445,
              39.958757
            ],
            [
              116.3535964,
              39.9596948
            ]
          ]
        ]
      }
    },
    {
      "type": "Feature",
      "id": "GREEN-026",
      "properties": {
        "id": "GREEN-026",
        "layer": "GREEN_SPACE",
        "source_type": "osm",
        "confidence": "medium",
        "geometry_role": "existing_condition",
        "land_use_code": "1401",
        "name_zh": "现状公园绿地与开敞空间（OSM 提取）",
        "source_id": "DATA-SRC-OSM-JINGZHANG-BASE",
        "evidence_level_zh": "第三方开放地图，可用于背景与设计模型复算，不作为法定绿线依据",
        "area_sqm_declared": 6871.165
      },
      "geometry": {
        "type": "Polygon",
        "coordinates": [
          [
            [
              116.3428692,
              39.9983261
            ],
            [
              116.3440966,
              39.9983656
            ],
            [
              116.3441267,
              39.9977738
            ],
            [
              116.342895,
              39.9977409
            ],
            [
              116.3428692,
              39.9983261
            ]
          ]
        ]
      }
    },
    {
      "type": "Feature",
      "id": "GREEN-027",
      "properties": {
        "id": "GREEN-027",
        "layer": "GREEN_SPACE",
        "source_type": "osm",
        "confidence": "medium",
        "geometry_role": "existing_condition",
        "land_use_code": "1401",
        "name_zh": "现状公园绿地与开敞空间（OSM 提取）",
        "source_id": "DATA-SRC-OSM-JINGZHANG-BASE",
        "evidence_level_zh": "第三方开放地图，可用于背景与设计模型复算，不作为法定绿线依据",
        "area_sqm_declared": 6855.101
      },
      "geometry": {
        "type": "Polygon",
        "coordinates": [
          [
            [
              116.3436612,
              39.9941025
            ],
            [
              116.3436388,
              39.9946577
            ],
            [
              116.3437754,
              39.994663
            ],
            [
              116.3439417,
              39.994663
            ],
            [
              116.3439309,
              39.9948479
            ],
            [
              116.3445639,
              39.9948767
            ],
            [
              116.3446283,
              39.9940095
            ],
            [
              116.344006,
              39.9939849
            ],
            [
              116.344006,
              39.9941123
            ],
            [
              116.3436612,
              39.9941025
            ]
          ]
        ]
      }
    },
    {
      "type": "Feature",
      "id": "GREEN-028",
      "properties": {
        "id": "GREEN-028",
        "layer": "GREEN_SPACE",
        "source_type": "osm",
        "confidence": "medium",
        "geometry_role": "existing_condition",
        "land_use_code": "1401",
        "name_zh": "现状公园绿地与开敞空间（OSM 提取）",
        "source_id": "DATA-SRC-OSM-JINGZHANG-BASE",
        "evidence_level_zh": "第三方开放地图，可用于背景与设计模型复算，不作为法定绿线依据",
        "area_sqm_declared": 6830.029
      },
      "geometry": {
        "type": "Polygon",
        "coordinates": [
          [
            [
              116.3506666,
              39.9479077
            ],
            [
              116.3505164,
              39.9473607
            ],
            [
              116.3504668,
              39.9468049
            ],
            [
              116.3503984,
              39.9468055
            ],
            [
              116.3503434,
              39.9481086
            ],
            [
              116.3503166,
              39.9484417
            ],
            [
              116.3502093,
              39.94882
            ],
            [
              116.3498351,
              39.9498899
            ],
            [
              116.3498083,
              39.9499392
            ],
            [
              116.3498874,
              39.9499921
            ],
            [
              116.3501288,
              39.9497659
            ],
            [
              116.3505848,
              39.9484499
            ],
            [
              116.3506559,
              39.9482531
            ],
            [
              116.3506398,
              39.9481832
            ],
            [
              116.3507028,
              39.9481415
            ],
            [
              116.3506827,
              39.9480598
            ],
            [
              116.3506398,
              39.9480393
            ],
            [
              116.3506666,
              39.9479077
            ]
          ]
        ]
      }
    },
    {
      "type": "Feature",
      "id": "GREEN-029",
      "properties": {
        "id": "GREEN-029",
        "layer": "GREEN_SPACE",
        "source_type": "osm",
        "confidence": "medium",
        "geometry_role": "existing_condition",
        "land_use_code": "1401",
        "name_zh": "现状公园绿地与开敞空间（OSM 提取）",
        "source_id": "DATA-SRC-OSM-JINGZHANG-BASE",
        "evidence_level_zh": "第三方开放地图，可用于背景与设计模型复算，不作为法定绿线依据",
        "area_sqm_declared": 6793.15
      },
      "geometry": {
        "type": "Polygon",
        "coordinates": [
          [
            [
              116.3492514,
              39.9685016
            ],
            [
              116.3492392,
              39.9697121
            ],
            [
              116.3493918,
              39.969713
            ],
            [
              116.3498308,
              39.969716
            ],
            [
              116.3498335,
              39.969425
            ],
            [
              116.3498429,
              39.9685051
            ],
            [
              116.3492514,
              39.9685016
            ]
          ]
        ]
      }
    },
    {
      "type": "Feature",
      "id": "GREEN-030",
      "properties": {
        "id": "GREEN-030",
        "layer": "GREEN_SPACE",
        "source_type": "osm",
        "confidence": "medium",
        "geometry_role": "existing_condition",
        "land_use_code": "1401",
        "name_zh": "现状公园绿地与开敞空间（OSM 提取）",
        "source_id": "DATA-SRC-OSM-JINGZHANG-BASE",
        "evidence_level_zh": "第三方开放地图，可用于背景与设计模型复算，不作为法定绿线依据",
        "area_sqm_declared": 6751.761
      },
      "geometry": {
        "type": "Polygon",
        "coordinates": [
          [
            [
              116.343262,
              39.9832994
            ],
            [
              116.3438249,
              39.9833141
            ],
            [
              116.3438808,
              39.9820505
            ],
            [
              116.3433183,
              39.9820358
            ],
            [
              116.343262,
              39.9832994
            ]
          ]
        ]
      }
    },
    {
      "type": "Feature",
      "id": "GREEN-031",
      "properties": {
        "id": "GREEN-031",
        "layer": "GREEN_SPACE",
        "source_type": "osm",
        "confidence": "medium",
        "geometry_role": "existing_condition",
        "land_use_code": "1401",
        "name_zh": "现状公园绿地与开敞空间（OSM 提取）",
        "source_id": "DATA-SRC-OSM-JINGZHANG-BASE",
        "evidence_level_zh": "第三方开放地图，可用于背景与设计模型复算，不作为法定绿线依据",
        "area_sqm_declared": 5670.012
      },
      "geometry": {
        "type": "Polygon",
        "coordinates": [
          [
            [
              116.3456429,
              39.9528248
            ],
            [
              116.345633,
              39.9519554
            ],
            [
              116.3449457,
              39.95196
            ],
            [
              116.3449557,
              39.9528294
            ],
            [
              116.3456429,
              39.9528248
            ]
          ]
        ]
      }
    },
    {
      "type": "Feature",
      "id": "GREEN-032",
      "properties": {
        "id": "GREEN-032",
        "layer": "GREEN_SPACE",
        "source_type": "osm",
        "confidence": "medium",
        "geometry_role": "existing_condition",
        "land_use_code": "1401",
        "name_zh": "现状公园绿地与开敞空间（OSM 提取）",
        "source_id": "DATA-SRC-OSM-JINGZHANG-BASE",
        "evidence_level_zh": "第三方开放地图，可用于背景与设计模型复算，不作为法定绿线依据",
        "area_sqm_declared": 5623.755
      },
      "geometry": {
        "type": "Polygon",
        "coordinates": [
          [
            [
              116.346745,
              39.9826973
            ],
            [
              116.3467627,
              39.9821177
            ],
            [
              116.3457401,
              39.9820994
            ],
            [
              116.3457224,
              39.9826788
            ],
            [
              116.346745,
              39.9826973
            ]
          ]
        ]
      }
    },
    {
      "type": "Feature",
      "id": "GREEN-033",
      "properties": {
        "id": "GREEN-033",
        "layer": "GREEN_SPACE",
        "source_type": "osm",
        "confidence": "medium",
        "geometry_role": "existing_condition",
        "land_use_code": "1401",
        "name_zh": "现状公园绿地与开敞空间（OSM 提取）",
        "source_id": "DATA-SRC-OSM-JINGZHANG-BASE",
        "evidence_level_zh": "第三方开放地图，可用于背景与设计模型复算，不作为法定绿线依据",
        "area_sqm_declared": 5591.643
      },
      "geometry": {
        "type": "Polygon",
        "coordinates": [
          [
            [
              116.3478694,
              39.9559703
            ],
            [
              116.3476849,
              39.9560652
            ],
            [
              116.3476195,
              39.9561994
            ],
            [
              116.3475448,
              39.9564518
            ],
            [
              116.3475191,
              39.9566093
            ],
            [
              116.3484485,
              39.9565771
            ],
            [
              116.3485442,
              39.9564554
            ],
            [
              116.3485839,
              39.9562334
            ],
            [
              116.3485652,
              39.9560491
            ],
            [
              116.3485442,
              39.9560085
            ],
            [
              116.3483737,
              39.9559667
            ],
            [
              116.3480585,
              39.9559291
            ],
            [
              116.3478694,
              39.9559703
            ]
          ]
        ]
      }
    },
    {
      "type": "Feature",
      "id": "GREEN-034",
      "properties": {
        "id": "GREEN-034",
        "layer": "GREEN_SPACE",
        "source_type": "osm",
        "confidence": "medium",
        "geometry_role": "existing_condition",
        "land_use_code": "1401",
        "name_zh": "现状公园绿地与开敞空间（OSM 提取）",
        "source_id": "DATA-SRC-OSM-JINGZHANG-BASE",
        "evidence_level_zh": "第三方开放地图，可用于背景与设计模型复算，不作为法定绿线依据",
        "area_sqm_declared": 5229.199
      },
      "geometry": {
        "type": "Polygon",
        "coordinates": [
          [
            [
              116.350417,
              39.9842548
            ],
            [
              116.3503704,
              39.9842772
            ],
            [
              116.3503588,
              39.9846276
            ],
            [
              116.3503962,
              39.9846366
            ],
            [
              116.351559,
              39.9846575
            ],
            [
              116.3515569,
              39.9847253
            ],
            [
              116.351694,
              39.9847277
            ],
            [
              116.351783,
              39.9847253
            ],
            [
              116.3517951,
              39.9842889
            ],
            [
              116.3516065,
              39.9842862
            ],
            [
              116.350417,
              39.9842548
            ]
          ]
        ]
      }
    },
    {
      "type": "Feature",
      "id": "GREEN-035",
      "properties": {
        "id": "GREEN-035",
        "layer": "GREEN_SPACE",
        "source_type": "osm",
        "confidence": "medium",
        "geometry_role": "existing_condition",
        "land_use_code": "1401",
        "name_zh": "现状公园绿地与开敞空间（OSM 提取）",
        "source_id": "DATA-SRC-OSM-JINGZHANG-BASE",
        "evidence_level_zh": "第三方开放地图，可用于背景与设计模型复算，不作为法定绿线依据",
        "area_sqm_declared": 4771.233
      },
      "geometry": {
        "type": "Polygon",
        "coordinates": [
          [
            [
              116.3533638,
              39.9827556
            ],
            [
              116.3533108,
              39.9835994
            ],
            [
              116.3533336,
              39.9836434
            ],
            [
              116.3538076,
              39.983657
            ],
            [
              116.3538869,
              39.9826664
            ],
            [
              116.3533963,
              39.9826503
            ],
            [
              116.3533638,
              39.9827556
            ]
          ]
        ]
      }
    },
    {
      "type": "Feature",
      "id": "GREEN-036",
      "properties": {
        "id": "GREEN-036",
        "layer": "GREEN_SPACE",
        "source_type": "osm",
        "confidence": "medium",
        "geometry_role": "existing_condition",
        "land_use_code": "1401",
        "name_zh": "现状公园绿地与开敞空间（OSM 提取）",
        "source_id": "DATA-SRC-OSM-JINGZHANG-BASE",
        "evidence_level_zh": "第三方开放地图，可用于背景与设计模型复算，不作为法定绿线依据",
        "area_sqm_declared": 4598.507
      },
      "geometry": {
        "type": "Polygon",
        "coordinates": [
          [
            [
              116.3448064,
              39.9911441
            ],
            [
              116.3458437,
              39.9911695
            ],
            [
              116.3458633,
              39.9907026
            ],
            [
              116.3448259,
              39.9906771
            ],
            [
              116.3448064,
              39.9911441
            ]
          ]
        ]
      }
    },
    {
      "type": "Feature",
      "id": "GREEN-037",
      "properties": {
        "id": "GREEN-037",
        "layer": "GREEN_SPACE",
        "source_type": "osm",
        "confidence": "medium",
        "geometry_role": "existing_condition",
        "land_use_code": "1401",
        "name_zh": "现状公园绿地与开敞空间（OSM 提取）",
        "source_id": "DATA-SRC-OSM-JINGZHANG-BASE",
        "evidence_level_zh": "第三方开放地图，可用于背景与设计模型复算，不作为法定绿线依据",
        "area_sqm_declared": 4232.9
      },
      "geometry": {
        "type": "Polygon",
        "coordinates": [
          [
            [
              116.3432406,
              39.9923586
            ],
            [
              116.3429616,
              39.9925148
            ],
            [
              116.3427685,
              39.9923963
            ],
            [
              116.342367,
              39.9923929
            ],
            [
              116.342146,
              39.9923859
            ],
            [
              116.3421301,
              39.9926874
            ],
            [
              116.3434927,
              39.9927038
            ],
            [
              116.3435034,
              39.9923751
            ],
            [
              116.343439,
              39.9923093
            ],
            [
              116.343439,
              39.9921819
            ],
            [
              116.3431386,
              39.9921696
            ],
            [
              116.343144,
              39.9922477
            ],
            [
              116.3432084,
              39.9923216
            ],
            [
              116.3432406,
              39.9923586
            ]
          ]
        ]
      }
    },
    {
      "type": "Feature",
      "id": "GREEN-038",
      "properties": {
        "id": "GREEN-038",
        "layer": "GREEN_SPACE",
        "source_type": "osm",
        "confidence": "medium",
        "geometry_role": "existing_condition",
        "land_use_code": "1401",
        "name_zh": "现状公园绿地与开敞空间（OSM 提取）",
        "source_id": "DATA-SRC-OSM-JINGZHANG-BASE",
        "evidence_level_zh": "第三方开放地图，可用于背景与设计模型复算，不作为法定绿线依据",
        "area_sqm_declared": 4212.627
      },
      "geometry": {
        "type": "Polygon",
        "coordinates": [
          [
            [
              116.3467038,
              39.9834028
            ],
            [
              116.3467249,
              39.9829517
            ],
            [
              116.3457419,
              39.9829245
            ],
            [
              116.3457208,
              39.9833759
            ],
            [
              116.3467038,
              39.9834028
            ]
          ]
        ]
      }
    },
    {
      "type": "Feature",
      "id": "GREEN-039",
      "properties": {
        "id": "GREEN-039",
        "layer": "GREEN_SPACE",
        "source_type": "osm",
        "confidence": "medium",
        "geometry_role": "existing_condition",
        "land_use_code": "1401",
        "name_zh": "现状公园绿地与开敞空间（OSM 提取）",
        "source_id": "DATA-SRC-OSM-JINGZHANG-BASE",
        "evidence_level_zh": "第三方开放地图，可用于背景与设计模型复算，不作为法定绿线依据",
        "area_sqm_declared": 4197.452
      },
      "geometry": {
        "type": "Polygon",
        "coordinates": [
          [
            [
              116.345777,
              39.9715659
            ],
            [
              116.3457804,
              39.9708654
            ],
            [
              116.3451488,
              39.9708636
            ],
            [
              116.3451454,
              39.9715642
            ],
            [
              116.345777,
              39.9715659
            ]
          ]
        ]
      }
    },
    {
      "type": "Feature",
      "id": "GREEN-040",
      "properties": {
        "id": "GREEN-040",
        "layer": "GREEN_SPACE",
        "source_type": "osm",
        "confidence": "medium",
        "geometry_role": "existing_condition",
        "land_use_code": "1401",
        "name_zh": "现状公园绿地与开敞空间（OSM 提取）",
        "source_id": "DATA-SRC-OSM-JINGZHANG-BASE",
        "evidence_level_zh": "第三方开放地图，可用于背景与设计模型复算，不作为法定绿线依据",
        "area_sqm_declared": 4139.108
      },
      "geometry": {
        "type": "Polygon",
        "coordinates": [
          [
            [
              116.3436792,
              39.9845628
            ],
            [
              116.3436777,
              39.9845919
            ],
            [
              116.3443985,
              39.9846146
            ],
            [
              116.3444309,
              39.9840102
            ],
            [
              116.3437101,
              39.9839875
            ],
            [
              116.3436792,
              39.9845628
            ]
          ]
        ]
      }
    },
    {
      "type": "Feature",
      "id": "GREEN-041",
      "properties": {
        "id": "GREEN-041",
        "layer": "GREEN_SPACE",
        "source_type": "osm",
        "confidence": "medium",
        "geometry_role": "existing_condition",
        "land_use_code": "1401",
        "name_zh": "现状公园绿地与开敞空间（OSM 提取）",
        "source_id": "DATA-SRC-OSM-JINGZHANG-BASE",
        "evidence_level_zh": "第三方开放地图，可用于背景与设计模型复算，不作为法定绿线依据",
        "area_sqm_declared": 3998.318
      },
      "geometry": {
        "type": "Polygon",
        "coordinates": [
          [
            [
              116.3526491,
              40.0015924
            ],
            [
              116.3533112,
              40.0016053
            ],
            [
              116.3533324,
              40.0009689
            ],
            [
              116.3526702,
              40.000956
            ],
            [
              116.3526491,
              40.0015924
            ]
          ]
        ]
      }
    },
    {
      "type": "Feature",
      "id": "GREEN-042",
      "properties": {
        "id": "GREEN-042",
        "layer": "GREEN_SPACE",
        "source_type": "osm",
        "confidence": "medium",
        "geometry_role": "existing_condition",
        "land_use_code": "1401",
        "name_zh": "现状公园绿地与开敞空间（OSM 提取）",
        "source_id": "DATA-SRC-OSM-JINGZHANG-BASE",
        "evidence_level_zh": "第三方开放地图，可用于背景与设计模型复算，不作为法定绿线依据",
        "area_sqm_declared": 3969.997
      },
      "geometry": {
        "type": "Polygon",
        "coordinates": [
          [
            [
              116.3458879,
              39.9937066
            ],
            [
              116.3459045,
              39.9935297
            ],
            [
              116.3454646,
              39.9935215
            ],
            [
              116.3454807,
              39.993316
            ],
            [
              116.3447795,
              39.9932987
            ],
            [
              116.3447726,
              39.9934927
            ],
            [
              116.3443864,
              39.9934845
            ],
            [
              116.344375,
              39.9936767
            ],
            [
              116.3458879,
              39.9937066
            ]
          ]
        ]
      }
    },
    {
      "type": "Feature",
      "id": "GREEN-043",
      "properties": {
        "id": "GREEN-043",
        "layer": "GREEN_SPACE",
        "source_type": "osm",
        "confidence": "medium",
        "geometry_role": "existing_condition",
        "land_use_code": "1401",
        "name_zh": "现状公园绿地与开敞空间（OSM 提取）",
        "source_id": "DATA-SRC-OSM-JINGZHANG-BASE",
        "evidence_level_zh": "第三方开放地图，可用于背景与设计模型复算，不作为法定绿线依据",
        "area_sqm_declared": 3831.412
      },
      "geometry": {
        "type": "Polygon",
        "coordinates": [
          [
            [
              116.3430319,
              39.9932047
            ],
            [
              116.3439119,
              39.9932279
            ],
            [
              116.3439574,
              39.9927804
            ],
            [
              116.3430471,
              39.9927513
            ],
            [
              116.3430319,
              39.9932047
            ]
          ]
        ]
      }
    },
    {
      "type": "Feature",
      "id": "GREEN-044",
      "properties": {
        "id": "GREEN-044",
        "layer": "GREEN_SPACE",
        "source_type": "osm",
        "confidence": "medium",
        "geometry_role": "existing_condition",
        "land_use_code": "1401",
        "name_zh": "现状公园绿地与开敞空间（OSM 提取）",
        "source_id": "DATA-SRC-OSM-JINGZHANG-BASE",
        "evidence_level_zh": "第三方开放地图，可用于背景与设计模型复算，不作为法定绿线依据",
        "area_sqm_declared": 3537.788
      },
      "geometry": {
        "type": "Polygon",
        "coordinates": [
          [
            [
              116.3546204,
              39.9570197
            ],
            [
              116.3545882,
              39.956995
            ],
            [
              116.3545051,
              39.9569559
            ],
            [
              116.3544407,
              39.9569292
            ],
            [
              116.3543575,
              39.9569251
            ],
            [
              116.3542637,
              39.9569456
            ],
            [
              116.354202,
              39.9569642
            ],
            [
              116.3541537,
              39.9569909
            ],
            [
              116.3541403,
              39.9576858
            ],
            [
              116.3541617,
              39.9577166
            ],
            [
              116.3542261,
              39.9577639
            ],
            [
              116.3542771,
              39.9577824
            ],
            [
              116.3543736,
              39.9577948
            ],
            [
              116.3544675,
              39.9577927
            ],
            [
              116.3545265,
              39.9577742
            ],
            [
              116.3545694,
              39.9577228
            ],
            [
              116.3545936,
              39.9576097
            ],
            [
              116.3546016,
              39.9574535
            ],
            [
              116.3546204,
              39.9570197
            ]
          ]
        ]
      }
    },
    {
      "type": "Feature",
      "id": "GREEN-045",
      "properties": {
        "id": "GREEN-045",
        "layer": "GREEN_SPACE",
        "source_type": "osm",
        "confidence": "medium",
        "geometry_role": "existing_condition",
        "land_use_code": "1401",
        "name_zh": "现状公园绿地与开敞空间（OSM 提取）",
        "source_id": "DATA-SRC-OSM-JINGZHANG-BASE",
        "evidence_level_zh": "第三方开放地图，可用于背景与设计模型复算，不作为法定绿线依据",
        "area_sqm_declared": 3524.262
      },
      "geometry": {
        "type": "Polygon",
        "coordinates": [
          [
            [
              116.3416377,
              39.9890046
            ],
            [
              116.3410924,
              39.9889944
            ],
            [
              116.3410709,
              39.9896756
            ],
            [
              116.341616,
              39.9896858
            ],
            [
              116.3416315,
              39.9891988
            ],
            [
              116.3416377,
              39.9890046
            ]
          ]
        ]
      }
    },
    {
      "type": "Feature",
      "id": "GREEN-046",
      "properties": {
        "id": "GREEN-046",
        "layer": "GREEN_SPACE",
        "source_type": "osm",
        "confidence": "medium",
        "geometry_role": "existing_condition",
        "land_use_code": "1401",
        "name_zh": "现状公园绿地与开敞空间（OSM 提取）",
        "source_id": "DATA-SRC-OSM-JINGZHANG-BASE",
        "evidence_level_zh": "第三方开放地图，可用于背景与设计模型复算，不作为法定绿线依据",
        "area_sqm_declared": 3370.534
      },
      "geometry": {
        "type": "Polygon",
        "coordinates": [
          [
            [
              116.3450108,
              39.9937724
            ],
            [
              116.3450055,
              39.9941628
            ],
            [
              116.3460193,
              39.9941834
            ],
            [
              116.3460301,
              39.9940436
            ],
            [
              116.3456975,
              39.9937888
            ],
            [
              116.3450108,
              39.9937724
            ]
          ]
        ]
      }
    },
    {
      "type": "Feature",
      "id": "GREEN-047",
      "properties": {
        "id": "GREEN-047",
        "layer": "GREEN_SPACE",
        "source_type": "osm",
        "confidence": "medium",
        "geometry_role": "existing_condition",
        "land_use_code": "1401",
        "name_zh": "现状公园绿地与开敞空间（OSM 提取）",
        "source_id": "DATA-SRC-OSM-JINGZHANG-BASE",
        "evidence_level_zh": "第三方开放地图，可用于背景与设计模型复算，不作为法定绿线依据",
        "area_sqm_declared": 3087.879
      },
      "geometry": {
        "type": "Polygon",
        "coordinates": [
          [
            [
              116.3544644,
              39.9754469
            ],
            [
              116.3542121,
              39.9754454
            ],
            [
              116.3541896,
              39.9770912
            ],
            [
              116.3543328,
              39.9770924
            ],
            [
              116.3544644,
              39.9754469
            ]
          ]
        ]
      }
    },
    {
      "type": "Feature",
      "id": "GREEN-048",
      "properties": {
        "id": "GREEN-048",
        "layer": "GREEN_SPACE",
        "source_type": "osm",
        "confidence": "medium",
        "geometry_role": "existing_condition",
        "land_use_code": "1401",
        "name_zh": "现状公园绿地与开敞空间（OSM 提取）",
        "source_id": "DATA-SRC-OSM-JINGZHANG-BASE",
        "evidence_level_zh": "第三方开放地图，可用于背景与设计模型复算，不作为法定绿线依据",
        "area_sqm_declared": 3086.382
      },
      "geometry": {
        "type": "Polygon",
        "coordinates": [
          [
            [
              116.341887,
              39.9932419
            ],
            [
              116.3408753,
              39.9932199
            ],
            [
              116.3408932,
              39.9934978
            ],
            [
              116.3411413,
              39.9935542
            ],
            [
              116.3418602,
              39.9935892
            ],
            [
              116.341887,
              39.9932419
            ]
          ]
        ]
      }
    },
    {
      "type": "Feature",
      "id": "GREEN-049",
      "properties": {
        "id": "GREEN-049",
        "layer": "GREEN_SPACE",
        "source_type": "osm",
        "confidence": "medium",
        "geometry_role": "existing_condition",
        "land_use_code": "1401",
        "name_zh": "现状公园绿地与开敞空间（OSM 提取）",
        "source_id": "DATA-SRC-OSM-JINGZHANG-BASE",
        "evidence_level_zh": "第三方开放地图，可用于背景与设计模型复算，不作为法定绿线依据",
        "area_sqm_declared": 2980.426
      },
      "geometry": {
        "type": "Polygon",
        "coordinates": [
          [
            [
              116.3400704,
              39.9782321
            ],
            [
              116.3399872,
              39.9781971
            ],
            [
              116.3399228,
              39.9781786
            ],
            [
              116.3399048,
              39.978175
            ],
            [
              116.339993,
              39.9795428
            ],
            [
              116.3400194,
              39.979531
            ],
            [
              116.340124,
              39.9794426
            ],
            [
              116.3401669,
              39.979381
            ],
            [
              116.340242,
              39.9784746
            ],
            [
              116.3402179,
              39.9784129
            ],
            [
              116.3401803,
              39.9783348
            ],
            [
              116.3401347,
              39.9782711
            ],
            [
              116.3400704,
              39.9782321
            ]
          ]
        ]
      }
    },
    {
      "type": "Feature",
      "id": "GREEN-050",
      "properties": {
        "id": "GREEN-050",
        "layer": "GREEN_SPACE",
        "source_type": "osm",
        "confidence": "medium",
        "geometry_role": "existing_condition",
        "land_use_code": "1401",
        "name_zh": "现状公园绿地与开敞空间（OSM 提取）",
        "source_id": "DATA-SRC-OSM-JINGZHANG-BASE",
        "evidence_level_zh": "第三方开放地图，可用于背景与设计模型复算，不作为法定绿线依据",
        "area_sqm_declared": 2973.644
      },
      "geometry": {
        "type": "Polygon",
        "coordinates": [
          [
            [
              116.3425746,
              39.9991427
            ],
            [
              116.342521,
              39.9991411
            ],
            [
              116.3425222,
              39.9990949
            ],
            [
              116.3412524,
              39.9990637
            ],
            [
              116.3412679,
              39.9993052
            ],
            [
              116.3425621,
              39.9993375
            ],
            [
              116.3425746,
              39.9991427
            ]
          ]
        ]
      }
    },
    {
      "type": "Feature",
      "id": "GREEN-051",
      "properties": {
        "id": "GREEN-051",
        "layer": "GREEN_SPACE",
        "source_type": "osm",
        "confidence": "medium",
        "geometry_role": "existing_condition",
        "land_use_code": "1401",
        "name_zh": "现状公园绿地与开敞空间（OSM 提取）",
        "source_id": "DATA-SRC-OSM-JINGZHANG-BASE",
        "evidence_level_zh": "第三方开放地图，可用于背景与设计模型复算，不作为法定绿线依据",
        "area_sqm_declared": 2953.947
      },
      "geometry": {
        "type": "Polygon",
        "coordinates": [
          [
            [
              116.3474629,
              39.9572348
            ],
            [
              116.3474401,
              39.9580105
            ],
            [
              116.3480656,
              39.956966
            ],
            [
              116.3475473,
              39.9569561
            ],
            [
              116.3474747,
              39.9570065
            ],
            [
              116.3474629,
              39.9572348
            ]
          ]
        ]
      }
    },
    {
      "type": "Feature",
      "id": "GREEN-052",
      "properties": {
        "id": "GREEN-052",
        "layer": "GREEN_SPACE",
        "source_type": "osm",
        "confidence": "medium",
        "geometry_role": "existing_condition",
        "land_use_code": "1401",
        "name_zh": "现状公园绿地与开敞空间（OSM 提取）",
        "source_id": "DATA-SRC-OSM-JINGZHANG-BASE",
        "evidence_level_zh": "第三方开放地图，可用于背景与设计模型复算，不作为法定绿线依据",
        "area_sqm_declared": 2782.209
      },
      "geometry": {
        "type": "Polygon",
        "coordinates": [
          [
            [
              116.3413068,
              39.9846439
            ],
            [
              116.341326,
              39.9844358
            ],
            [
              116.3406745,
              39.9844188
            ],
            [
              116.3404196,
              39.9844127
            ],
            [
              116.3403069,
              39.9844092
            ],
            [
              116.340333,
              39.9848143
            ],
            [
              116.3407582,
              39.9848145
            ],
            [
              116.3407752,
              39.9846319
            ],
            [
              116.3413068,
              39.9846439
            ]
          ]
        ]
      }
    },
    {
      "type": "Feature",
      "id": "GREEN-053",
      "properties": {
        "id": "GREEN-053",
        "layer": "GREEN_SPACE",
        "source_type": "osm",
        "confidence": "medium",
        "geometry_role": "existing_condition",
        "land_use_code": "1401",
        "name_zh": "现状公园绿地与开敞空间（OSM 提取）",
        "source_id": "DATA-SRC-OSM-JINGZHANG-BASE",
        "evidence_level_zh": "第三方开放地图，可用于背景与设计模型复算，不作为法定绿线依据",
        "area_sqm_declared": 2761.656
      },
      "geometry": {
        "type": "Polygon",
        "coordinates": [
          [
            [
              116.3523785,
              39.9868207
            ],
            [
              116.3523178,
              39.9868742
            ],
            [
              116.3523178,
              39.9873438
            ],
            [
              116.3523664,
              39.9873857
            ],
            [
              116.3528428,
              39.9873903
            ],
            [
              116.3528403,
              39.9868344
            ],
            [
              116.3523785,
              39.9868207
            ]
          ]
        ]
      }
    },
    {
      "type": "Feature",
      "id": "GREEN-054",
      "properties": {
        "id": "GREEN-054",
        "layer": "GREEN_SPACE",
        "source_type": "osm",
        "confidence": "medium",
        "geometry_role": "existing_condition",
        "land_use_code": "1401",
        "name_zh": "现状公园绿地与开敞空间（OSM 提取）",
        "source_id": "DATA-SRC-OSM-JINGZHANG-BASE",
        "evidence_level_zh": "第三方开放地图，可用于背景与设计模型复算，不作为法定绿线依据",
        "area_sqm_declared": 2395.107
      },
      "geometry": {
        "type": "Polygon",
        "coordinates": [
          [
            [
              116.3499996,
              40.0046275
            ],
            [
              116.3507414,
              40.0046393
            ],
            [
              116.3507506,
              40.0042989
            ],
            [
              116.3500089,
              40.0042871
            ],
            [
              116.3499996,
              40.0046275
            ]
          ]
        ]
      }
    },
    {
      "type": "Feature",
      "id": "GREEN-055",
      "properties": {
        "id": "GREEN-055",
        "layer": "GREEN_SPACE",
        "source_type": "osm",
        "confidence": "medium",
        "geometry_role": "existing_condition",
        "land_use_code": "1401",
        "name_zh": "现状公园绿地与开敞空间（OSM 提取）",
        "source_id": "DATA-SRC-OSM-JINGZHANG-BASE",
        "evidence_level_zh": "第三方开放地图，可用于背景与设计模型复算，不作为法定绿线依据",
        "area_sqm_declared": 2343.639
      },
      "geometry": {
        "type": "Polygon",
        "coordinates": [
          [
            [
              116.3416435,
              39.9454878
            ],
            [
              116.3406784,
              39.9454337
            ],
            [
              116.3406542,
              39.9456882
            ],
            [
              116.3408573,
              39.9456996
            ],
            [
              116.3416192,
              39.9457424
            ],
            [
              116.3416435,
              39.9454878
            ]
          ]
        ]
      }
    },
    {
      "type": "Feature",
      "id": "GREEN-056",
      "properties": {
        "id": "GREEN-056",
        "layer": "GREEN_SPACE",
        "source_type": "osm",
        "confidence": "medium",
        "geometry_role": "existing_condition",
        "land_use_code": "1401",
        "name_zh": "现状公园绿地与开敞空间（OSM 提取）",
        "source_id": "DATA-SRC-OSM-JINGZHANG-BASE",
        "evidence_level_zh": "第三方开放地图，可用于背景与设计模型复算，不作为法定绿线依据",
        "area_sqm_declared": 2236.504
      },
      "geometry": {
        "type": "Polygon",
        "coordinates": [
          [
            [
              116.3438977,
              39.9618923
            ],
            [
              116.3446215,
              39.9619033
            ],
            [
              116.34463,
              39.9615757
            ],
            [
              116.3439151,
              39.9615649
            ],
            [
              116.3438977,
              39.9618923
            ]
          ]
        ]
      }
    },
    {
      "type": "Feature",
      "id": "GREEN-057",
      "properties": {
        "id": "GREEN-057",
        "layer": "GREEN_SPACE",
        "source_type": "osm",
        "confidence": "medium",
        "geometry_role": "existing_condition",
        "land_use_code": "1401",
        "name_zh": "现状公园绿地与开敞空间（OSM 提取）",
        "source_id": "DATA-SRC-OSM-JINGZHANG-BASE",
        "evidence_level_zh": "第三方开放地图，可用于背景与设计模型复算，不作为法定绿线依据",
        "area_sqm_declared": 2222.971
      },
      "geometry": {
        "type": "Polygon",
        "coordinates": [
          [
            [
              116.3492775,
              39.9767268
            ],
            [
              116.3496224,
              39.9767286
            ],
            [
              116.3496284,
              39.9760493
            ],
            [
              116.3492833,
              39.9760476
            ],
            [
              116.3492775,
              39.9767268
            ]
          ]
        ]
      }
    },
    {
      "type": "Feature",
      "id": "GREEN-058",
      "properties": {
        "id": "GREEN-058",
        "layer": "GREEN_SPACE",
        "source_type": "osm",
        "confidence": "medium",
        "geometry_role": "existing_condition",
        "land_use_code": "1401",
        "name_zh": "现状公园绿地与开敞空间（OSM 提取）",
        "source_id": "DATA-SRC-OSM-JINGZHANG-BASE",
        "evidence_level_zh": "第三方开放地图，可用于背景与设计模型复算，不作为法定绿线依据",
        "area_sqm_declared": 2158.508
      },
      "geometry": {
        "type": "Polygon",
        "coordinates": [
          [
            [
              116.3481317,
              39.9826643
            ],
            [
              116.3480624,
              39.9827612
            ],
            [
              116.3480532,
              39.9828875
            ],
            [
              116.348127,
              39.9830192
            ],
            [
              116.3486428,
              39.9830377
            ],
            [
              116.3487065,
              39.9829797
            ],
            [
              116.3487278,
              39.9828695
            ],
            [
              116.3487128,
              39.9827311
            ],
            [
              116.3486561,
              39.9826788
            ],
            [
              116.3484507,
              39.9826608
            ],
            [
              116.3482262,
              39.982659
            ],
            [
              116.3481317,
              39.9826643
            ]
          ]
        ]
      }
    },
    {
      "type": "Feature",
      "id": "GREEN-059",
      "properties": {
        "id": "GREEN-059",
        "layer": "GREEN_SPACE",
        "source_type": "osm",
        "confidence": "medium",
        "geometry_role": "existing_condition",
        "land_use_code": "1401",
        "name_zh": "现状公园绿地与开敞空间（OSM 提取）",
        "source_id": "DATA-SRC-OSM-JINGZHANG-BASE",
        "evidence_level_zh": "第三方开放地图，可用于背景与设计模型复算，不作为法定绿线依据",
        "area_sqm_declared": 2120.786
      },
      "geometry": {
        "type": "Polygon",
        "coordinates": [
          [
            [
              116.3539467,
              40.0018058
            ],
            [
              116.3539025,
              40.0018042
            ],
            [
              116.3538021,
              40.0034137
            ],
            [
              116.3540352,
              40.0034222
            ],
            [
              116.3539467,
              40.0018058
            ]
          ]
        ]
      }
    },
    {
      "type": "Feature",
      "id": "GREEN-060",
      "properties": {
        "id": "GREEN-060",
        "layer": "GREEN_SPACE",
        "source_type": "osm",
        "confidence": "medium",
        "geometry_role": "existing_condition",
        "land_use_code": "1401",
        "name_zh": "现状公园绿地与开敞空间（OSM 提取）",
        "source_id": "DATA-SRC-OSM-JINGZHANG-BASE",
        "evidence_level_zh": "第三方开放地图，可用于背景与设计模型复算，不作为法定绿线依据",
        "area_sqm_declared": 2037.651
      },
      "geometry": {
        "type": "Polygon",
        "coordinates": [
          [
            [
              116.3442278,
              39.9402972
            ],
            [
              116.3441879,
              39.9402982
            ],
            [
              116.3442431,
              39.9399258
            ],
            [
              116.3439294,
              39.9398985
            ],
            [
              116.3438743,
              39.9402709
            ],
            [
              116.343905,
              39.9402736
            ],
            [
              116.3438696,
              39.9405721
            ],
            [
              116.3441926,
              39.9405946
            ],
            [
              116.3442278,
              39.9402972
            ]
          ]
        ]
      }
    },
    {
      "type": "Feature",
      "id": "GREEN-061",
      "properties": {
        "id": "GREEN-061",
        "layer": "GREEN_SPACE",
        "source_type": "osm",
        "confidence": "medium",
        "geometry_role": "existing_condition",
        "land_use_code": "1401",
        "name_zh": "现状公园绿地与开敞空间（OSM 提取）",
        "source_id": "DATA-SRC-OSM-JINGZHANG-BASE",
        "evidence_level_zh": "第三方开放地图，可用于背景与设计模型复算，不作为法定绿线依据",
        "area_sqm_declared": 1954.008
      },
      "geometry": {
        "type": "Polygon",
        "coordinates": [
          [
            [
              116.3512996,
              40.0006659
            ],
            [
              116.3513148,
              40.0001009
            ],
            [
              116.3509502,
              40.0000952
            ],
            [
              116.350935,
              40.0006601
            ],
            [
              116.3512996,
              40.0006659
            ]
          ]
        ]
      }
    },
    {
      "type": "Feature",
      "id": "GREEN-062",
      "properties": {
        "id": "GREEN-062",
        "layer": "GREEN_SPACE",
        "source_type": "osm",
        "confidence": "medium",
        "geometry_role": "existing_condition",
        "land_use_code": "1401",
        "name_zh": "现状公园绿地与开敞空间（OSM 提取）",
        "source_id": "DATA-SRC-OSM-JINGZHANG-BASE",
        "evidence_level_zh": "第三方开放地图，可用于背景与设计模型复算，不作为法定绿线依据",
        "area_sqm_declared": 1950.432
      },
      "geometry": {
        "type": "Polygon",
        "coordinates": [
          [
            [
              116.3441415,
              39.990641
            ],
            [
              116.3446282,
              39.9906485
            ],
            [
              116.3446393,
              39.9902261
            ],
            [
              116.3441525,
              39.9902187
            ],
            [
              116.3441415,
              39.990641
            ]
          ]
        ]
      }
    },
    {
      "type": "Feature",
      "id": "GREEN-063",
      "properties": {
        "id": "GREEN-063",
        "layer": "GREEN_SPACE",
        "source_type": "osm",
        "confidence": "medium",
        "geometry_role": "existing_condition",
        "land_use_code": "1401",
        "name_zh": "现状公园绿地与开敞空间（OSM 提取）",
        "source_id": "DATA-SRC-OSM-JINGZHANG-BASE",
        "evidence_level_zh": "第三方开放地图，可用于背景与设计模型复算，不作为法定绿线依据",
        "area_sqm_declared": 1863.056
      },
      "geometry": {
        "type": "Polygon",
        "coordinates": [
          [
            [
              116.3528234,
              39.9730928
            ],
            [
              116.3536195,
              39.9731207
            ],
            [
              116.3536345,
              39.9728675
            ],
            [
              116.352847,
              39.972851
            ],
            [
              116.3528234,
              39.9730928
            ]
          ]
        ]
      }
    },
    {
      "type": "Feature",
      "id": "GREEN-064",
      "properties": {
        "id": "GREEN-064",
        "layer": "GREEN_SPACE",
        "source_type": "osm",
        "confidence": "medium",
        "geometry_role": "existing_condition",
        "land_use_code": "1401",
        "name_zh": "现状公园绿地与开敞空间（OSM 提取）",
        "source_id": "DATA-SRC-OSM-JINGZHANG-BASE",
        "evidence_level_zh": "第三方开放地图，可用于背景与设计模型复算，不作为法定绿线依据",
        "area_sqm_declared": 1843.066
      },
      "geometry": {
        "type": "Polygon",
        "coordinates": [
          [
            [
              116.346048,
              39.9891538
            ],
            [
              116.3458616,
              39.9893511
            ],
            [
              116.3462694,
              39.9893767
            ],
            [
              116.3462865,
              39.9892174
            ],
            [
              116.3466511,
              39.9892247
            ],
            [
              116.34666,
              39.9889649
            ],
            [
              116.3462344,
              39.9889564
            ],
            [
              116.346048,
              39.9891538
            ]
          ]
        ]
      }
    },
    {
      "type": "Feature",
      "id": "GREEN-065",
      "properties": {
        "id": "GREEN-065",
        "layer": "GREEN_SPACE",
        "source_type": "osm",
        "confidence": "medium",
        "geometry_role": "existing_condition",
        "land_use_code": "1401",
        "name_zh": "现状公园绿地与开敞空间（OSM 提取）",
        "source_id": "DATA-SRC-OSM-JINGZHANG-BASE",
        "evidence_level_zh": "第三方开放地图，可用于背景与设计模型复算，不作为法定绿线依据",
        "area_sqm_declared": 1794.095
      },
      "geometry": {
        "type": "Polygon",
        "coordinates": [
          [
            [
              116.3539053,
              40.0010508
            ],
            [
              116.3535944,
              40.0010452
            ],
            [
              116.353577,
              40.0016095
            ],
            [
              116.3539363,
              40.001616
            ],
            [
              116.3539053,
              40.0010508
            ]
          ]
        ]
      }
    },
    {
      "type": "Feature",
      "id": "GREEN-066",
      "properties": {
        "id": "GREEN-066",
        "layer": "GREEN_SPACE",
        "source_type": "osm",
        "confidence": "medium",
        "geometry_role": "existing_condition",
        "land_use_code": "1401",
        "name_zh": "现状公园绿地与开敞空间（OSM 提取）",
        "source_id": "DATA-SRC-OSM-JINGZHANG-BASE",
        "evidence_level_zh": "第三方开放地图，可用于背景与设计模型复算，不作为法定绿线依据",
        "area_sqm_declared": 1764.061
      },
      "geometry": {
        "type": "Polygon",
        "coordinates": [
          [
            [
              116.3438467,
              39.9964047
            ],
            [
              116.3438556,
              39.9961197
            ],
            [
              116.3432032,
              39.9961078
            ],
            [
              116.3431944,
              39.9963928
            ],
            [
              116.3438467,
              39.9964047
            ]
          ]
        ]
      }
    },
    {
      "type": "Feature",
      "id": "GREEN-067",
      "properties": {
        "id": "GREEN-067",
        "layer": "GREEN_SPACE",
        "source_type": "osm",
        "confidence": "medium",
        "geometry_role": "existing_condition",
        "land_use_code": "1401",
        "name_zh": "现状公园绿地与开敞空间（OSM 提取）",
        "source_id": "DATA-SRC-OSM-JINGZHANG-BASE",
        "evidence_level_zh": "第三方开放地图，可用于背景与设计模型复算，不作为法定绿线依据",
        "area_sqm_declared": 1721.972
      },
      "geometry": {
        "type": "Polygon",
        "coordinates": [
          [
            [
              116.3474135,
              40.0104626
            ],
            [
              116.347435,
              40.0101339
            ],
            [
              116.3467108,
              40.0101215
            ],
            [
              116.3467001,
              40.0102941
            ],
            [
              116.3474135,
              40.0104626
            ]
          ]
        ]
      }
    },
    {
      "type": "Feature",
      "id": "GREEN-068",
      "properties": {
        "id": "GREEN-068",
        "layer": "GREEN_SPACE",
        "source_type": "osm",
        "confidence": "medium",
        "geometry_role": "existing_condition",
        "land_use_code": "1401",
        "name_zh": "现状公园绿地与开敞空间（OSM 提取）",
        "source_id": "DATA-SRC-OSM-JINGZHANG-BASE",
        "evidence_level_zh": "第三方开放地图，可用于背景与设计模型复算，不作为法定绿线依据",
        "area_sqm_declared": 1718.705
      },
      "geometry": {
        "type": "Polygon",
        "coordinates": [
          [
            [
              116.3507888,
              40.0081372
            ],
            [
              116.3511764,
              40.0082661
            ],
            [
              116.3513995,
              40.0078725
            ],
            [
              116.351012,
              40.0077437
            ],
            [
              116.3507888,
              40.0081372
            ]
          ]
        ]
      }
    },
    {
      "type": "Feature",
      "id": "GREEN-069",
      "properties": {
        "id": "GREEN-069",
        "layer": "GREEN_SPACE",
        "source_type": "osm",
        "confidence": "medium",
        "geometry_role": "existing_condition",
        "land_use_code": "1401",
        "name_zh": "现状公园绿地与开敞空间（OSM 提取）",
        "source_id": "DATA-SRC-OSM-JINGZHANG-BASE",
        "evidence_level_zh": "第三方开放地图，可用于背景与设计模型复算，不作为法定绿线依据",
        "area_sqm_declared": 1672.642
      },
      "geometry": {
        "type": "Polygon",
        "coordinates": [
          [
            [
              116.341937,
              39.9981053
            ],
            [
              116.3424257,
              39.9981158
            ],
            [
              116.3424389,
              39.9977552
            ],
            [
              116.3419502,
              39.9977446
            ],
            [
              116.341937,
              39.9981053
            ]
          ]
        ]
      }
    },
    {
      "type": "Feature",
      "id": "GREEN-070",
      "properties": {
        "id": "GREEN-070",
        "layer": "GREEN_SPACE",
        "source_type": "osm",
        "confidence": "medium",
        "geometry_role": "existing_condition",
        "land_use_code": "1401",
        "name_zh": "现状公园绿地与开敞空间（OSM 提取）",
        "source_id": "DATA-SRC-OSM-JINGZHANG-BASE",
        "evidence_level_zh": "第三方开放地图，可用于背景与设计模型复算，不作为法定绿线依据",
        "area_sqm_declared": 1648.237
      },
      "geometry": {
        "type": "Polygon",
        "coordinates": [
          [
            [
              116.35131,
              40.0006102
            ],
            [
              116.3518968,
              40.0006202
            ],
            [
              116.3519054,
              40.0003241
            ],
            [
              116.3513185,
              40.0003142
            ],
            [
              116.35131,
              40.0006102
            ]
          ]
        ]
      }
    },
    {
      "type": "Feature",
      "id": "GREEN-071",
      "properties": {
        "id": "GREEN-071",
        "layer": "GREEN_SPACE",
        "source_type": "osm",
        "confidence": "medium",
        "geometry_role": "existing_condition",
        "land_use_code": "1401",
        "name_zh": "现状公园绿地与开敞空间（OSM 提取）",
        "source_id": "DATA-SRC-OSM-JINGZHANG-BASE",
        "evidence_level_zh": "第三方开放地图，可用于背景与设计模型复算，不作为法定绿线依据",
        "area_sqm_declared": 1598.658
      },
      "geometry": {
        "type": "Polygon",
        "coordinates": [
          [
            [
              116.3489677,
              39.9833766
            ],
            [
              116.3489245,
              39.9832737
            ],
            [
              116.3487871,
              39.9831762
            ],
            [
              116.348581,
              39.9831373
            ],
            [
              116.3481361,
              39.9831337
            ],
            [
              116.3481287,
              39.9833574
            ],
            [
              116.3489677,
              39.9833766
            ]
          ]
        ]
      }
    },
    {
      "type": "Feature",
      "id": "GREEN-072",
      "properties": {
        "id": "GREEN-072",
        "layer": "GREEN_SPACE",
        "source_type": "osm",
        "confidence": "medium",
        "geometry_role": "existing_condition",
        "land_use_code": "1401",
        "name_zh": "现状公园绿地与开敞空间（OSM 提取）",
        "source_id": "DATA-SRC-OSM-JINGZHANG-BASE",
        "evidence_level_zh": "第三方开放地图，可用于背景与设计模型复算，不作为法定绿线依据",
        "area_sqm_declared": 1514.22
      },
      "geometry": {
        "type": "Polygon",
        "coordinates": [
          [
            [
              116.3459607,
              40.0059059
            ],
            [
              116.345338,
              40.0059178
            ],
            [
              116.3453411,
              40.0061811
            ],
            [
              116.3457424,
              40.0061968
            ],
            [
              116.3459458,
              40.0060872
            ],
            [
              116.3459607,
              40.0059059
            ]
          ]
        ]
      }
    },
    {
      "type": "Feature",
      "id": "GREEN-073",
      "properties": {
        "id": "GREEN-073",
        "layer": "GREEN_SPACE",
        "source_type": "osm",
        "confidence": "medium",
        "geometry_role": "existing_condition",
        "land_use_code": "1401",
        "name_zh": "现状公园绿地与开敞空间（OSM 提取）",
        "source_id": "DATA-SRC-OSM-JINGZHANG-BASE",
        "evidence_level_zh": "第三方开放地图，可用于背景与设计模型复算，不作为法定绿线依据",
        "area_sqm_declared": 1456.775
      },
      "geometry": {
        "type": "Polygon",
        "coordinates": [
          [
            [
              116.3413842,
              39.9976525
            ],
            [
              116.3416712,
              39.9976566
            ],
            [
              116.341698,
              39.9971203
            ],
            [
              116.3414137,
              39.9971142
            ],
            [
              116.3413842,
              39.9976525
            ]
          ]
        ]
      }
    },
    {
      "type": "Feature",
      "id": "GREEN-074",
      "properties": {
        "id": "GREEN-074",
        "layer": "GREEN_SPACE",
        "source_type": "osm",
        "confidence": "medium",
        "geometry_role": "existing_condition",
        "land_use_code": "1401",
        "name_zh": "现状公园绿地与开敞空间（OSM 提取）",
        "source_id": "DATA-SRC-OSM-JINGZHANG-BASE",
        "evidence_level_zh": "第三方开放地图，可用于背景与设计模型复算，不作为法定绿线依据",
        "area_sqm_declared": 1337.309
      },
      "geometry": {
        "type": "Polygon",
        "coordinates": [
          [
            [
              116.3440327,
              39.9646541
            ],
            [
              116.3440468,
              39.9644683
            ],
            [
              116.3432909,
              39.9644346
            ],
            [
              116.3432768,
              39.9646205
            ],
            [
              116.3440327,
              39.9646541
            ]
          ]
        ]
      }
    },
    {
      "type": "Feature",
      "id": "GREEN-075",
      "properties": {
        "id": "GREEN-075",
        "layer": "GREEN_SPACE",
        "source_type": "osm",
        "confidence": "medium",
        "geometry_role": "existing_condition",
        "land_use_code": "1401",
        "name_zh": "现状公园绿地与开敞空间（OSM 提取）",
        "source_id": "DATA-SRC-OSM-JINGZHANG-BASE",
        "evidence_level_zh": "第三方开放地图，可用于背景与设计模型复算，不作为法定绿线依据",
        "area_sqm_declared": 1277.343
      },
      "geometry": {
        "type": "Polygon",
        "coordinates": [
          [
            [
              116.3446421,
              39.9969626
            ],
            [
              116.3452095,
              39.99698
            ],
            [
              116.3452219,
              39.996743
            ],
            [
              116.3446544,
              39.9967256
            ],
            [
              116.3446421,
              39.9969626
            ]
          ]
        ]
      }
    },
    {
      "type": "Feature",
      "id": "GREEN-076",
      "properties": {
        "id": "GREEN-076",
        "layer": "GREEN_SPACE",
        "source_type": "osm",
        "confidence": "medium",
        "geometry_role": "existing_condition",
        "land_use_code": "1401",
        "name_zh": "现状公园绿地与开敞空间（OSM 提取）",
        "source_id": "DATA-SRC-OSM-JINGZHANG-BASE",
        "evidence_level_zh": "第三方开放地图，可用于背景与设计模型复算，不作为法定绿线依据",
        "area_sqm_declared": 1081.459
      },
      "geometry": {
        "type": "Polygon",
        "coordinates": [
          [
            [
              116.3447448,
              39.9399767
            ],
            [
              116.3447758,
              39.9399785
            ],
            [
              116.3447918,
              39.9398164
            ],
            [
              116.344412,
              39.9397943
            ],
            [
              116.3443813,
              39.9401047
            ],
            [
              116.3447301,
              39.940125
            ],
            [
              116.3447448,
              39.9399767
            ]
          ]
        ]
      }
    },
    {
      "type": "Feature",
      "id": "GREEN-077",
      "properties": {
        "id": "GREEN-077",
        "layer": "GREEN_SPACE",
        "source_type": "osm",
        "confidence": "medium",
        "geometry_role": "existing_condition",
        "land_use_code": "1401",
        "name_zh": "现状公园绿地与开敞空间（OSM 提取）",
        "source_id": "DATA-SRC-OSM-JINGZHANG-BASE",
        "evidence_level_zh": "第三方开放地图，可用于背景与设计模型复算，不作为法定绿线依据",
        "area_sqm_declared": 929.098
      },
      "geometry": {
        "type": "Polygon",
        "coordinates": [
          [
            [
              116.3417453,
              39.9463845
            ],
            [
              116.3422817,
              39.9464317
            ],
            [
              116.3423087,
              39.9462515
            ],
            [
              116.3417723,
              39.9462044
            ],
            [
              116.3417453,
              39.9463845
            ]
          ]
        ]
      }
    },
    {
      "type": "Feature",
      "id": "GREEN-078",
      "properties": {
        "id": "GREEN-078",
        "layer": "GREEN_SPACE",
        "source_type": "osm",
        "confidence": "medium",
        "geometry_role": "existing_condition",
        "land_use_code": "1401",
        "name_zh": "现状公园绿地与开敞空间（OSM 提取）",
        "source_id": "DATA-SRC-OSM-JINGZHANG-BASE",
        "evidence_level_zh": "第三方开放地图，可用于背景与设计模型复算，不作为法定绿线依据",
        "area_sqm_declared": 927.345
      },
      "geometry": {
        "type": "Polygon",
        "coordinates": [
          [
            [
              116.3488102,
              39.9973303
            ],
            [
              116.3488133,
              39.9970801
            ],
            [
              116.3484312,
              39.9970636
            ],
            [
              116.348422,
              39.9973208
            ],
            [
              116.3488102,
              39.9973303
            ]
          ]
        ]
      }
    },
    {
      "type": "Feature",
      "id": "GREEN-079",
      "properties": {
        "id": "GREEN-079",
        "layer": "GREEN_SPACE",
        "source_type": "osm",
        "confidence": "medium",
        "geometry_role": "existing_condition",
        "land_use_code": "1401",
        "name_zh": "现状公园绿地与开敞空间（OSM 提取）",
        "source_id": "DATA-SRC-OSM-JINGZHANG-BASE",
        "evidence_level_zh": "第三方开放地图，可用于背景与设计模型复算，不作为法定绿线依据",
        "area_sqm_declared": 915.978
      },
      "geometry": {
        "type": "Polygon",
        "coordinates": [
          [
            [
              116.3476212,
              40.0097968
            ],
            [
              116.3476364,
              40.0095767
            ],
            [
              116.3471939,
              40.0095633
            ],
            [
              116.3471791,
              40.009779
            ],
            [
              116.3476212,
              40.0097968
            ]
          ]
        ]
      }
    }
  ]
}
