{
  "type": "FeatureCollection",
  "name": "roads",
  "crs": {
    "type": "name",
    "properties": {
      "name": "urn:ogc:def:crs:OGC:1.3:CRS84"
    }
  },
  "note": "现状快速路/主干路/次干路/支路中心线（OSM）＋一条概念性慢行主廊道。",
  "features": [
    {
      "type": "Feature",
      "id": "ROAD-0001",
      "properties": {
        "id": "ROAD-0001",
        "layer": "ROAD_CENTERLINE",
        "source_type": "osm",
        "confidence": "medium",
        "geometry_role": "existing_condition",
        "road_class": "branch",
        "name_zh": "北四环中路",
        "osmid": "w5169015",
        "evidence_level_zh": "第三方开放地图，非道路红线，不作为工程线位依据",
        "length_m": 410.71
      },
      "geometry": {
        "type": "LineString",
        "coordinates": [
          [
            116.3403517,
            39.9851039
          ],
          [
            116.3415775,
            39.9851261
          ],
          [
            116.3420488,
            39.9851456
          ],
          [
            116.342638,
            39.9851858
          ],
          [
            116.3431607,
            39.9851857
          ],
          [
            116.3436524,
            39.9852045
          ],
          [
            116.3445204,
            39.9852171
          ],
          [
            116.345156,
            39.9852208
          ]
        ]
      }
    },
    {
      "type": "Feature",
      "id": "ROAD-0002",
      "properties": {
        "id": "ROAD-0002",
        "layer": "ROAD_CENTERLINE",
        "source_type": "osm",
        "confidence": "medium",
        "geometry_role": "existing_condition",
        "road_class": "expressway",
        "name_zh": "北三环",
        "osmid": "w5169081",
        "evidence_level_zh": "第三方开放地图，非道路红线，不作为工程线位依据",
        "length_m": 379.26
      },
      "geometry": {
        "type": "LineString",
        "coordinates": [
          [
            116.346715,
            39.9663987
          ],
          [
            116.3436266,
            39.9663756
          ],
          [
            116.3429622,
            39.966369
          ],
          [
            116.3422763,
            39.9663621
          ]
        ]
      }
    },
    {
      "type": "Feature",
      "id": "ROAD-0003",
      "properties": {
        "id": "ROAD-0003",
        "layer": "ROAD_CENTERLINE",
        "source_type": "osm",
        "confidence": "medium",
        "geometry_role": "existing_condition",
        "road_class": "expressway",
        "name_zh": "北二环",
        "osmid": "w8868032",
        "evidence_level_zh": "第三方开放地图，非道路红线，不作为工程线位依据",
        "length_m": 232.3
      },
      "geometry": {
        "type": "LineString",
        "coordinates": [
          [
            116.3527275,
            39.9431662
          ],
          [
            116.3540457,
            39.9434956
          ],
          [
            116.3547704,
            39.9436983
          ],
          [
            116.3553,
            39.9438408
          ]
        ]
      }
    },
    {
      "type": "Feature",
      "id": "ROAD-0004",
      "properties": {
        "id": "ROAD-0004",
        "layer": "ROAD_CENTERLINE",
        "source_type": "osm",
        "confidence": "medium",
        "geometry_role": "existing_condition",
        "road_class": "expressway",
        "name_zh": "西直门北大街",
        "osmid": "w8868091",
        "evidence_level_zh": "第三方开放地图，非道路红线，不作为工程线位依据",
        "length_m": 357.96
      },
      "geometry": {
        "type": "LineString",
        "coordinates": [
          [
            116.3493751,
            39.940267
          ],
          [
            116.3493377,
            39.9404702
          ],
          [
            116.3493276,
            39.9405162
          ],
          [
            116.3493237,
            39.9405396
          ],
          [
            116.349321,
            39.940563
          ],
          [
            116.3493184,
            39.9405879
          ],
          [
            116.3493169,
            39.9406128
          ],
          [
            116.3493159,
            39.9406382
          ],
          [
            116.3493156,
            39.9406626
          ],
          [
            116.3493162,
            39.9407064
          ],
          [
            116.3493174,
            39.9407502
          ],
          [
            116.3493195,
            39.9407944
          ],
          [
            116.3493228,
            39.9408378
          ],
          [
            116.3493267,
            39.940882
          ],
          [
            116.3493317,
            39.9409253
          ],
          [
            116.3493381,
            39.9409691
          ],
          [
            116.3493463,
            39.9410129
          ],
          [
            116.3493589,
            39.9410686
          ],
          [
            116.3493729,
            39.9411244
          ],
          [
            116.3493876,
            39.9411802
          ],
          [
            116.3494037,
            39.941236
          ],
          [
            116.3494194,
            39.9412823
          ],
          [
            116.3494275,
            39.9413052
          ],
          [
            116.3494369,
            39.941328
          ],
          [
            116.3494474,
            39.9413522
          ],
          [
            116.3494585,
            39.941376
          ],
          [
            116.3494707,
            39.9413993
          ],
          [
            116.3494836,
            39.9414226
          ],
          [
            116.3494979,
            39.9414462
          ],
          [
            116.3495129,
            39.9414697
          ],
          [
            116.3495457,
            39.9415181
          ],
          [
            116.3496128,
            39.9416137
          ],
          [
            116.349682,
            39.9417117
          ],
          [
            116.3497169,
            39.941761
          ],
          [
            116.3497539,
            39.9418151
          ],
          [
            116.3497822,
            39.9418567
          ],
          [
            116.3498091,
            39.9418983
          ],
          [
            116.3498325,
            39.9419367
          ],
          [
            116.3498587,
            39.9419815
          ],
          [
            116.3498789,
            39.942018
          ],
          [
            116.3498984,
            39.9420545
          ],
          [
            116.3499085,
            39.9420737
          ],
          [
            116.3499182,
            39.9420929
          ],
          [
            116.3499264,
            39.9421105
          ],
          [
            116.3499363,
            39.9421332
          ],
          [
            116.3499484,
            39.9421624
          ],
          [
            116.3499585,
            39.9421892
          ],
          [
            116.3499714,
            39.9422223
          ],
          [
            116.3499816,
            39.9422505
          ],
          [
            116.3499903,
            39.9422742
          ],
          [
            116.3499977,
            39.9422968
          ],
          [
            116.3500044,
            39.9423199
          ],
          [
            116.3500117,
            39.9423474
          ],
          [
            116.3500181,
            39.9423721
          ],
          [
            116.3500246,
            39.9424005
          ],
          [
            116.35003,
            39.9424296
          ],
          [
            116.3500353,
            39.9424595
          ],
          [
            116.3500386,
            39.9424853
          ],
          [
            116.3500424,
            39.9425159
          ],
          [
            116.3500482,
            39.9425728
          ],
          [
            116.3500582,
            39.9426856
          ],
          [
            116.3500662,
            39.9428016
          ],
          [
            116.3501019,
            39.9433794
          ]
        ]
      }
    },
    {
      "type": "Feature",
      "id": "ROAD-0005",
      "properties": {
        "id": "ROAD-0005",
        "layer": "ROAD_CENTERLINE",
        "source_type": "osm",
        "confidence": "medium",
        "geometry_role": "existing_condition",
        "road_class": "expressway",
        "name_zh": "现状道路中心线（OSM 提取）",
        "osmid": "w22270614",
        "evidence_level_zh": "第三方开放地图，非道路红线，不作为工程线位依据",
        "length_m": 303.33
      },
      "geometry": {
        "type": "LineString",
        "coordinates": [
          [
            116.3505842,
            40.0181481
          ],
          [
            116.3502239,
            40.0185797
          ],
          [
            116.3498155,
            40.0190534
          ],
          [
            116.3495121,
            40.0194611
          ],
          [
            116.3494319,
            40.0195556
          ],
          [
            116.3492456,
            40.0197752
          ],
          [
            116.3487102,
            40.0204679
          ]
        ]
      }
    },
    {
      "type": "Feature",
      "id": "ROAD-0006",
      "properties": {
        "id": "ROAD-0006",
        "layer": "ROAD_CENTERLINE",
        "source_type": "osm",
        "confidence": "medium",
        "geometry_role": "existing_condition",
        "road_class": "expressway",
        "name_zh": "北五环",
        "osmid": "w22270616",
        "evidence_level_zh": "第三方开放地图，非道路红线，不作为工程线位依据",
        "length_m": 349.21
      },
      "geometry": {
        "type": "LineString",
        "coordinates": [
          [
            116.3509394,
            40.021596
          ],
          [
            116.35428,
            40.0215817
          ],
          [
            116.3550298,
            40.0215707
          ]
        ]
      }
    },
    {
      "type": "Feature",
      "id": "ROAD-0007",
      "properties": {
        "id": "ROAD-0007",
        "layer": "ROAD_CENTERLINE",
        "source_type": "osm",
        "confidence": "medium",
        "geometry_role": "existing_condition",
        "road_class": "arterial",
        "name_zh": "现状道路中心线（OSM 提取）",
        "osmid": "w22759931",
        "evidence_level_zh": "第三方开放地图，非道路红线，不作为工程线位依据",
        "length_m": 75.06
      },
      "geometry": {
        "type": "LineString",
        "coordinates": [
          [
            116.3472549,
            39.9751157
          ],
          [
            116.3481335,
            39.9751183
          ]
        ]
      }
    },
    {
      "type": "Feature",
      "id": "ROAD-0008",
      "properties": {
        "id": "ROAD-0008",
        "layer": "ROAD_CENTERLINE",
        "source_type": "osm",
        "confidence": "medium",
        "geometry_role": "existing_condition",
        "road_class": "branch",
        "name_zh": "学院路",
        "osmid": "w22771900",
        "evidence_level_zh": "第三方开放地图，非道路红线，不作为工程线位依据",
        "length_m": 193.18
      },
      "geometry": {
        "type": "LineString",
        "coordinates": [
          [
            116.3470517,
            39.9850152
          ],
          [
            116.3470506,
            39.9850014
          ],
          [
            116.3470495,
            39.9849866
          ],
          [
            116.3470528,
            39.9849195
          ],
          [
            116.3471189,
            39.9835725
          ],
          [
            116.3471827,
            39.9832806
          ]
        ]
      }
    },
    {
      "type": "Feature",
      "id": "ROAD-0009",
      "properties": {
        "id": "ROAD-0009",
        "layer": "ROAD_CENTERLINE",
        "source_type": "osm",
        "confidence": "medium",
        "geometry_role": "existing_condition",
        "road_class": "secondary",
        "name_zh": "西直门内大街",
        "osmid": "w23351520",
        "evidence_level_zh": "第三方开放地图，非道路红线，不作为工程线位依据",
        "length_m": 242.62
      },
      "geometry": {
        "type": "LineString",
        "coordinates": [
          [
            116.352462,
            39.9391661
          ],
          [
            116.3533688,
            39.9391642
          ],
          [
            116.3537802,
            39.9391521
          ],
          [
            116.3553,
            39.9391316
          ]
        ]
      }
    },
    {
      "type": "Feature",
      "id": "ROAD-0010",
      "properties": {
        "id": "ROAD-0010",
        "layer": "ROAD_CENTERLINE",
        "source_type": "osm",
        "confidence": "medium",
        "geometry_role": "existing_condition",
        "road_class": "secondary",
        "name_zh": "西直门内大街",
        "osmid": "w23901570",
        "evidence_level_zh": "第三方开放地图，非道路红线，不作为工程线位依据",
        "length_m": 124.55
      },
      "geometry": {
        "type": "LineString",
        "coordinates": [
          [
            116.352462,
            39.9391661
          ],
          [
            116.3522157,
            39.9392092
          ],
          [
            116.3517144,
            39.9392031
          ],
          [
            116.3516076,
            39.9392014
          ],
          [
            116.3514976,
            39.9392014
          ],
          [
            116.3513852,
            39.9392023
          ],
          [
            116.3513284,
            39.9392035
          ],
          [
            116.3513006,
            39.9392045
          ],
          [
            116.3512749,
            39.9392064
          ],
          [
            116.3512368,
            39.9392103
          ],
          [
            116.3512042,
            39.9392145
          ],
          [
            116.3511716,
            39.9392195
          ],
          [
            116.3511464,
            39.9392223
          ],
          [
            116.3511237,
            39.939224
          ],
          [
            116.3511014,
            39.9392252
          ],
          [
            116.3510764,
            39.9392264
          ],
          [
            116.3510638,
            39.9392267
          ],
          [
            116.3510482,
            39.9392268
          ],
          [
            116.351035,
            39.9392267
          ],
          [
            116.3510133,
            39.9392264
          ]
        ]
      }
    },
    {
      "type": "Feature",
      "id": "ROAD-0011",
      "properties": {
        "id": "ROAD-0011",
        "layer": "ROAD_CENTERLINE",
        "source_type": "osm",
        "confidence": "medium",
        "geometry_role": "existing_condition",
        "road_class": "secondary",
        "name_zh": "学院南路",
        "osmid": "w24399537",
        "evidence_level_zh": "第三方开放地图，非道路红线，不作为工程线位依据",
        "length_m": 142.82
      },
      "geometry": {
        "type": "LineString",
        "coordinates": [
          [
            116.3474322,
            39.9568186
          ],
          [
            116.3466093,
            39.9567846
          ],
          [
            116.3458314,
            39.9567256
          ],
          [
            116.3457659,
            39.956723
          ]
        ]
      }
    },
    {
      "type": "Feature",
      "id": "ROAD-0012",
      "properties": {
        "id": "ROAD-0012",
        "layer": "ROAD_CENTERLINE",
        "source_type": "osm",
        "confidence": "medium",
        "geometry_role": "existing_condition",
        "road_class": "secondary",
        "name_zh": "高梁桥",
        "osmid": "w26514827",
        "evidence_level_zh": "第三方开放地图，非道路红线，不作为工程线位依据",
        "length_m": 77.16
      },
      "geometry": {
        "type": "LineString",
        "coordinates": [
          [
            116.3456934,
            39.9417329
          ],
          [
            116.3456844,
            39.9420719
          ],
          [
            116.3456014,
            39.9422605
          ],
          [
            116.3455028,
            39.9423976
          ]
        ]
      }
    },
    {
      "type": "Feature",
      "id": "ROAD-0013",
      "properties": {
        "id": "ROAD-0013",
        "layer": "ROAD_CENTERLINE",
        "source_type": "osm",
        "confidence": "medium",
        "geometry_role": "existing_condition",
        "road_class": "secondary",
        "name_zh": "高梁桥路",
        "osmid": "w26514829",
        "evidence_level_zh": "第三方开放地图，非道路红线，不作为工程线位依据",
        "length_m": 240.16
      },
      "geometry": {
        "type": "LineString",
        "coordinates": [
          [
            116.3459714,
            39.9390635
          ],
          [
            116.3457663,
            39.9401486
          ],
          [
            116.3456405,
            39.9409933
          ],
          [
            116.3456341,
            39.9410472
          ],
          [
            116.3456286,
            39.9410849
          ],
          [
            116.3456105,
            39.9412082
          ]
        ]
      }
    },
    {
      "type": "Feature",
      "id": "ROAD-0014",
      "properties": {
        "id": "ROAD-0014",
        "layer": "ROAD_CENTERLINE",
        "source_type": "osm",
        "confidence": "medium",
        "geometry_role": "existing_condition",
        "road_class": "secondary",
        "name_zh": "西直门外大街",
        "osmid": "w26514836",
        "evidence_level_zh": "第三方开放地图，非道路红线，不作为工程线位依据",
        "length_m": 139.46
      },
      "geometry": {
        "type": "LineString",
        "coordinates": [
          [
            116.3475854,
            39.939243
          ],
          [
            116.3465294,
            39.9391367
          ],
          [
            116.3461719,
            39.9390996
          ],
          [
            116.3460909,
            39.9390848
          ],
          [
            116.3459714,
            39.9390635
          ]
        ]
      }
    },
    {
      "type": "Feature",
      "id": "ROAD-0015",
      "properties": {
        "id": "ROAD-0015",
        "layer": "ROAD_CENTERLINE",
        "source_type": "osm",
        "confidence": "medium",
        "geometry_role": "existing_condition",
        "road_class": "expressway",
        "name_zh": "北五环",
        "osmid": "w26679311",
        "evidence_level_zh": "第三方开放地图，非道路红线，不作为工程线位依据",
        "length_m": 234.27
      },
      "geometry": {
        "type": "LineString",
        "coordinates": [
          [
            116.342466,
            40.0217039
          ],
          [
            116.3433525,
            40.0216938
          ],
          [
            116.3452098,
            40.0216684
          ]
        ]
      }
    },
    {
      "type": "Feature",
      "id": "ROAD-0016",
      "properties": {
        "id": "ROAD-0016",
        "layer": "ROAD_CENTERLINE",
        "source_type": "osm",
        "confidence": "medium",
        "geometry_role": "existing_condition",
        "road_class": "arterial",
        "name_zh": "学院路",
        "osmid": "w26679345",
        "evidence_level_zh": "第三方开放地图，非道路红线，不作为工程线位依据",
        "length_m": 86.97
      },
      "geometry": {
        "type": "LineString",
        "coordinates": [
          [
            116.3473036,
            39.9869693
          ],
          [
            116.3472767,
            39.9877523
          ]
        ]
      }
    },
    {
      "type": "Feature",
      "id": "ROAD-0017",
      "properties": {
        "id": "ROAD-0017",
        "layer": "ROAD_CENTERLINE",
        "source_type": "osm",
        "confidence": "medium",
        "geometry_role": "existing_condition",
        "road_class": "arterial",
        "name_zh": "学清路",
        "osmid": "w26679350",
        "evidence_level_zh": "第三方开放地图，非道路红线，不作为工程线位依据",
        "length_m": 136.7
      },
      "geometry": {
        "type": "LineString",
        "coordinates": [
          [
            116.3447813,
            40.022415
          ],
          [
            116.3446485,
            40.0221602
          ],
          [
            116.3446439,
            40.0219552
          ],
          [
            116.3446828,
            40.0217257
          ],
          [
            116.3447263,
            40.0215576
          ],
          [
            116.3447972,
            40.0213876
          ],
          [
            116.3448906,
            40.0212333
          ]
        ]
      }
    },
    {
      "type": "Feature",
      "id": "ROAD-0018",
      "properties": {
        "id": "ROAD-0018",
        "layer": "ROAD_CENTERLINE",
        "source_type": "osm",
        "confidence": "medium",
        "geometry_role": "existing_condition",
        "road_class": "expressway",
        "name_zh": "北四环中路",
        "osmid": "w26679357",
        "evidence_level_zh": "第三方开放地图，非道路红线，不作为工程线位依据",
        "length_m": 587.19
      },
      "geometry": {
        "type": "LineString",
        "coordinates": [
          [
            116.3439853,
            39.9853012
          ],
          [
            116.3467163,
            39.9854083
          ],
          [
            116.3479791,
            39.985453
          ],
          [
            116.3508531,
            39.9855326
          ]
        ]
      }
    },
    {
      "type": "Feature",
      "id": "ROAD-0019",
      "properties": {
        "id": "ROAD-0019",
        "layer": "ROAD_CENTERLINE",
        "source_type": "osm",
        "confidence": "medium",
        "geometry_role": "existing_condition",
        "road_class": "expressway",
        "name_zh": "北四环中路",
        "osmid": "w26679367",
        "evidence_level_zh": "第三方开放地图，非道路红线，不作为工程线位依据",
        "length_m": 152.11
      },
      "geometry": {
        "type": "LineString",
        "coordinates": [
          [
            116.3508531,
            39.9855326
          ],
          [
            116.352632,
            39.9855967
          ]
        ]
      }
    },
    {
      "type": "Feature",
      "id": "ROAD-0020",
      "properties": {
        "id": "ROAD-0020",
        "layer": "ROAD_CENTERLINE",
        "source_type": "osm",
        "confidence": "medium",
        "geometry_role": "existing_condition",
        "road_class": "expressway",
        "name_zh": "北四环中路",
        "osmid": "w26679371",
        "evidence_level_zh": "第三方开放地图，非道路红线，不作为工程线位依据",
        "length_m": 587.12
      },
      "geometry": {
        "type": "LineString",
        "coordinates": [
          [
            116.3508425,
            39.9857012
          ],
          [
            116.3479723,
            39.9856187
          ],
          [
            116.3470413,
            39.9855908
          ],
          [
            116.3467163,
            39.9855792
          ],
          [
            116.3439757,
            39.9854679
          ]
        ]
      }
    },
    {
      "type": "Feature",
      "id": "ROAD-0021",
      "properties": {
        "id": "ROAD-0021",
        "layer": "ROAD_CENTERLINE",
        "source_type": "osm",
        "confidence": "medium",
        "geometry_role": "existing_condition",
        "road_class": "branch",
        "name_zh": "学清路",
        "osmid": "w26679376",
        "evidence_level_zh": "第三方开放地图，非道路红线，不作为工程线位依据",
        "length_m": 450.19
      },
      "geometry": {
        "type": "LineString",
        "coordinates": [
          [
            116.3460866,
            40.0037372
          ],
          [
            116.3461064,
            40.0032936
          ],
          [
            116.3460866,
            40.0030664
          ],
          [
            116.3461207,
            40.0024984
          ],
          [
            116.3461562,
            40.0023556
          ],
          [
            116.3462113,
            40.0013076
          ],
          [
            116.3462663,
            39.9999279
          ],
          [
            116.3462676,
            39.999898
          ],
          [
            116.3462683,
            39.9998813
          ],
          [
            116.3462725,
            39.9997862
          ],
          [
            116.3462768,
            39.9996885
          ]
        ]
      }
    },
    {
      "type": "Feature",
      "id": "ROAD-0022",
      "properties": {
        "id": "ROAD-0022",
        "layer": "ROAD_CENTERLINE",
        "source_type": "osm",
        "confidence": "medium",
        "geometry_role": "existing_condition",
        "road_class": "branch",
        "name_zh": "现状道路中心线（OSM 提取）",
        "osmid": "w26679382",
        "evidence_level_zh": "第三方开放地图，非道路红线，不作为工程线位依据",
        "length_m": 73.59
      },
      "geometry": {
        "type": "LineString",
        "coordinates": [
          [
            116.3467685,
            39.9857998
          ],
          [
            116.3467686,
            39.9851371
          ]
        ]
      }
    },
    {
      "type": "Feature",
      "id": "ROAD-0023",
      "properties": {
        "id": "ROAD-0023",
        "layer": "ROAD_CENTERLINE",
        "source_type": "osm",
        "confidence": "medium",
        "geometry_role": "existing_condition",
        "road_class": "expressway",
        "name_zh": "学院路",
        "osmid": "w26679404",
        "evidence_level_zh": "第三方开放地图，非道路红线，不作为工程线位依据",
        "length_m": 145.73
      },
      "geometry": {
        "type": "LineString",
        "coordinates": [
          [
            116.3474525,
            39.983968
          ],
          [
            116.3474046,
            39.9851052
          ],
          [
            116.3473973,
            39.9852797
          ]
        ]
      }
    },
    {
      "type": "Feature",
      "id": "ROAD-0024",
      "properties": {
        "id": "ROAD-0024",
        "layer": "ROAD_CENTERLINE",
        "source_type": "osm",
        "confidence": "medium",
        "geometry_role": "existing_condition",
        "road_class": "expressway",
        "name_zh": "学知桥",
        "osmid": "w26679430",
        "evidence_level_zh": "第三方开放地图，非道路红线，不作为工程线位依据",
        "length_m": 322.15
      },
      "geometry": {
        "type": "LineString",
        "coordinates": [
          [
            116.3477942,
            39.976316
          ],
          [
            116.3477672,
            39.9760204
          ],
          [
            116.3477128,
            39.9757895
          ],
          [
            116.3476334,
            39.9755619
          ],
          [
            116.3469822,
            39.9742708
          ],
          [
            116.3468963,
            39.9739754
          ],
          [
            116.3468762,
            39.9735287
          ]
        ]
      }
    },
    {
      "type": "Feature",
      "id": "ROAD-0025",
      "properties": {
        "id": "ROAD-0025",
        "layer": "ROAD_CENTERLINE",
        "source_type": "osm",
        "confidence": "medium",
        "geometry_role": "existing_condition",
        "road_class": "expressway",
        "name_zh": "学知桥",
        "osmid": "w26679432",
        "evidence_level_zh": "第三方开放地图，非道路红线，不作为工程线位依据",
        "length_m": 285.17
      },
      "geometry": {
        "type": "LineString",
        "coordinates": [
          [
            116.3480688,
            39.9737505
          ],
          [
            116.3479189,
            39.9763161
          ]
        ]
      }
    },
    {
      "type": "Feature",
      "id": "ROAD-0026",
      "properties": {
        "id": "ROAD-0026",
        "layer": "ROAD_CENTERLINE",
        "source_type": "osm",
        "confidence": "medium",
        "geometry_role": "existing_condition",
        "road_class": "expressway",
        "name_zh": "西直门北大街",
        "osmid": "w26679441",
        "evidence_level_zh": "第三方开放地图，非道路红线，不作为工程线位依据",
        "length_m": 440.4
      },
      "geometry": {
        "type": "LineString",
        "coordinates": [
          [
            116.3475698,
            39.9585296
          ],
          [
            116.3484527,
            39.956954
          ],
          [
            116.3487328,
            39.9564599
          ],
          [
            116.3488116,
            39.9561172
          ],
          [
            116.3488889,
            39.9547552
          ]
        ]
      }
    },
    {
      "type": "Feature",
      "id": "ROAD-0027",
      "properties": {
        "id": "ROAD-0027",
        "layer": "ROAD_CENTERLINE",
        "source_type": "osm",
        "confidence": "medium",
        "geometry_role": "existing_condition",
        "road_class": "branch",
        "name_zh": "现状道路中心线（OSM 提取）",
        "osmid": "w26679456",
        "evidence_level_zh": "第三方开放地图，非道路红线，不作为工程线位依据",
        "length_m": 143.18
      },
      "geometry": {
        "type": "LineString",
        "coordinates": [
          [
            116.3482427,
            39.9434843
          ],
          [
            116.3485013,
            39.9435866
          ],
          [
            116.3490746,
            39.9433347
          ],
          [
            116.3493955,
            39.9432307
          ],
          [
            116.3496898,
            39.943208
          ],
          [
            116.3497698,
            39.9432018
          ]
        ]
      }
    },
    {
      "type": "Feature",
      "id": "ROAD-0028",
      "properties": {
        "id": "ROAD-0028",
        "layer": "ROAD_CENTERLINE",
        "source_type": "osm",
        "confidence": "medium",
        "geometry_role": "existing_condition",
        "road_class": "arterial",
        "name_zh": "学院路",
        "osmid": "w26763578",
        "evidence_level_zh": "第三方开放地图，非道路红线，不作为工程线位依据",
        "length_m": 138.29
      },
      "geometry": {
        "type": "LineString",
        "coordinates": [
          [
            116.3471288,
            39.9869634
          ],
          [
            116.3471638,
            39.9859534
          ],
          [
            116.3471719,
            39.9857184
          ]
        ]
      }
    },
    {
      "type": "Feature",
      "id": "ROAD-0029",
      "properties": {
        "id": "ROAD-0029",
        "layer": "ROAD_CENTERLINE",
        "source_type": "osm",
        "confidence": "medium",
        "geometry_role": "existing_condition",
        "road_class": "expressway",
        "name_zh": "北三环",
        "osmid": "w26812145",
        "evidence_level_zh": "第三方开放地图，非道路红线，不作为工程线位依据",
        "length_m": 203.18
      },
      "geometry": {
        "type": "LineString",
        "coordinates": [
          [
            116.3467174,
            39.9662886
          ],
          [
            116.3490955,
            39.966291
          ]
        ]
      }
    },
    {
      "type": "Feature",
      "id": "ROAD-0030",
      "properties": {
        "id": "ROAD-0030",
        "layer": "ROAD_CENTERLINE",
        "source_type": "osm",
        "confidence": "medium",
        "geometry_role": "existing_condition",
        "road_class": "expressway",
        "name_zh": "北三环",
        "osmid": "w26812150",
        "evidence_level_zh": "第三方开放地图，非道路红线，不作为工程线位依据",
        "length_m": 203.39
      },
      "geometry": {
        "type": "LineString",
        "coordinates": [
          [
            116.3490955,
            39.9664059
          ],
          [
            116.346715,
            39.9663987
          ]
        ]
      }
    },
    {
      "type": "Feature",
      "id": "ROAD-0031",
      "properties": {
        "id": "ROAD-0031",
        "layer": "ROAD_CENTERLINE",
        "source_type": "osm",
        "confidence": "medium",
        "geometry_role": "existing_condition",
        "road_class": "expressway",
        "name_zh": "北四环中路",
        "osmid": "w27081674",
        "evidence_level_zh": "第三方开放地图，非道路红线，不作为工程线位依据",
        "length_m": 92.31
      },
      "geometry": {
        "type": "LineString",
        "coordinates": [
          [
            116.3536369,
            39.9857901
          ],
          [
            116.3525568,
            39.9857615
          ]
        ]
      }
    },
    {
      "type": "Feature",
      "id": "ROAD-0032",
      "properties": {
        "id": "ROAD-0032",
        "layer": "ROAD_CENTERLINE",
        "source_type": "osm",
        "confidence": "medium",
        "geometry_role": "existing_condition",
        "road_class": "secondary",
        "name_zh": "志新路",
        "osmid": "w27081693",
        "evidence_level_zh": "第三方开放地图，非道路红线，不作为工程线位依据",
        "length_m": 539.81
      },
      "geometry": {
        "type": "LineString",
        "coordinates": [
          [
            116.3471011,
            39.9919443
          ],
          [
            116.3472626,
            39.991943
          ],
          [
            116.3490994,
            39.9920057
          ],
          [
            116.3498137,
            39.9920274
          ],
          [
            116.3514561,
            39.9920675
          ],
          [
            116.3515568,
            39.9920699
          ],
          [
            116.3528826,
            39.9921159
          ],
          [
            116.3534167,
            39.9921302
          ]
        ]
      }
    },
    {
      "type": "Feature",
      "id": "ROAD-0033",
      "properties": {
        "id": "ROAD-0033",
        "layer": "ROAD_CENTERLINE",
        "source_type": "osm",
        "confidence": "medium",
        "geometry_role": "existing_condition",
        "road_class": "branch",
        "name_zh": "学院路",
        "osmid": "w27081703",
        "evidence_level_zh": "第三方开放地图，非道路红线，不作为工程线位依据",
        "length_m": 140.55
      },
      "geometry": {
        "type": "LineString",
        "coordinates": [
          [
            116.3475026,
            39.9860006
          ],
          [
            116.3475009,
            39.9860361
          ],
          [
            116.3474415,
            39.9872655
          ]
        ]
      }
    },
    {
      "type": "Feature",
      "id": "ROAD-0034",
      "properties": {
        "id": "ROAD-0034",
        "layer": "ROAD_CENTERLINE",
        "source_type": "osm",
        "confidence": "medium",
        "geometry_role": "existing_condition",
        "road_class": "branch",
        "name_zh": "现状道路中心线（OSM 提取）",
        "osmid": "w27265186",
        "evidence_level_zh": "第三方开放地图，非道路红线，不作为工程线位依据",
        "length_m": 207.14
      },
      "geometry": {
        "type": "LineString",
        "coordinates": [
          [
            116.3397609,
            39.9728099
          ],
          [
            116.3406428,
            39.9728176
          ],
          [
            116.3415151,
            39.9728252
          ],
          [
            116.3421854,
            39.9728312
          ]
        ]
      }
    },
    {
      "type": "Feature",
      "id": "ROAD-0035",
      "properties": {
        "id": "ROAD-0035",
        "layer": "ROAD_CENTERLINE",
        "source_type": "osm",
        "confidence": "medium",
        "geometry_role": "existing_condition",
        "road_class": "branch",
        "name_zh": "蓟门里北路",
        "osmid": "w27265187",
        "evidence_level_zh": "第三方开放地图，非道路红线，不作为工程线位依据",
        "length_m": 387.18
      },
      "geometry": {
        "type": "LineString",
        "coordinates": [
          [
            116.3467665,
            39.9719708
          ],
          [
            116.3467059,
            39.9719712
          ],
          [
            116.3448765,
            39.9720197
          ],
          [
            116.344134,
            39.9720446
          ],
          [
            116.3439296,
            39.9720423
          ],
          [
            116.3424625,
            39.9720521
          ],
          [
            116.3422363,
            39.9720528
          ]
        ]
      }
    },
    {
      "type": "Feature",
      "id": "ROAD-0036",
      "properties": {
        "id": "ROAD-0036",
        "layer": "ROAD_CENTERLINE",
        "source_type": "osm",
        "confidence": "medium",
        "geometry_role": "existing_condition",
        "road_class": "expressway",
        "name_zh": "京藏高速",
        "osmid": "w29235322",
        "evidence_level_zh": "第三方开放地图，非道路红线，不作为工程线位依据",
        "length_m": 174.35
      },
      "geometry": {
        "type": "LineString",
        "coordinates": [
          [
            116.3469009,
            40.02252
          ],
          [
            116.3479381,
            40.0211674
          ]
        ]
      }
    },
    {
      "type": "Feature",
      "id": "ROAD-0037",
      "properties": {
        "id": "ROAD-0037",
        "layer": "ROAD_CENTERLINE",
        "source_type": "osm",
        "confidence": "medium",
        "geometry_role": "existing_condition",
        "road_class": "expressway",
        "name_zh": "京藏高速",
        "osmid": "w29235323",
        "evidence_level_zh": "第三方开放地图，非道路红线，不作为工程线位依据",
        "length_m": 1119.23
      },
      "geometry": {
        "type": "LineString",
        "coordinates": [
          [
            116.3479381,
            40.0211674
          ],
          [
            116.3496201,
            40.0189584
          ],
          [
            116.3527934,
            40.014905
          ],
          [
            116.3542026,
            40.0129171
          ],
          [
            116.3544606,
            40.0125464
          ],
          [
            116.3545303,
            40.0124569
          ]
        ]
      }
    },
    {
      "type": "Feature",
      "id": "ROAD-0038",
      "properties": {
        "id": "ROAD-0038",
        "layer": "ROAD_CENTERLINE",
        "source_type": "osm",
        "confidence": "medium",
        "geometry_role": "existing_condition",
        "road_class": "expressway",
        "name_zh": "西二环",
        "osmid": "w29241925",
        "evidence_level_zh": "第三方开放地图，非道路红线，不作为工程线位依据",
        "length_m": 148.79
      },
      "geometry": {
        "type": "LineString",
        "coordinates": [
          [
            116.3491771,
            39.9403395
          ],
          [
            116.3492328,
            39.9390002
          ]
        ]
      }
    },
    {
      "type": "Feature",
      "id": "ROAD-0039",
      "properties": {
        "id": "ROAD-0039",
        "layer": "ROAD_CENTERLINE",
        "source_type": "osm",
        "confidence": "medium",
        "geometry_role": "existing_condition",
        "road_class": "expressway",
        "name_zh": "西直门外大街",
        "osmid": "w29276907",
        "evidence_level_zh": "第三方开放地图，非道路红线，不作为工程线位依据",
        "length_m": 72.38
      },
      "geometry": {
        "type": "LineString",
        "coordinates": [
          [
            116.3497701,
            39.9391938
          ],
          [
            116.348924,
            39.9391666
          ]
        ]
      }
    },
    {
      "type": "Feature",
      "id": "ROAD-0040",
      "properties": {
        "id": "ROAD-0040",
        "layer": "ROAD_CENTERLINE",
        "source_type": "osm",
        "confidence": "medium",
        "geometry_role": "existing_condition",
        "road_class": "branch",
        "name_zh": "现状道路中心线（OSM 提取）",
        "osmid": "w30064844",
        "evidence_level_zh": "第三方开放地图，非道路红线，不作为工程线位依据",
        "length_m": 243.66
      },
      "geometry": {
        "type": "LineString",
        "coordinates": [
          [
            116.3422974,
            39.9706388
          ],
          [
            116.3422862,
            39.9710439
          ],
          [
            116.3422779,
            39.9712862
          ],
          [
            116.3422363,
            39.9720528
          ],
          [
            116.3422354,
            39.9721514
          ],
          [
            116.3421854,
            39.9728312
          ]
        ]
      }
    },
    {
      "type": "Feature",
      "id": "ROAD-0041",
      "properties": {
        "id": "ROAD-0041",
        "layer": "ROAD_CENTERLINE",
        "source_type": "osm",
        "confidence": "medium",
        "geometry_role": "existing_condition",
        "road_class": "branch",
        "name_zh": "罗庄东路",
        "osmid": "w30064848",
        "evidence_level_zh": "第三方开放地图，非道路红线，不作为工程线位依据",
        "length_m": 247.61
      },
      "geometry": {
        "type": "LineString",
        "coordinates": [
          [
            116.3421854,
            39.9728312
          ],
          [
            116.3420792,
            39.974976
          ],
          [
            116.3420811,
            39.9750596
          ]
        ]
      }
    },
    {
      "type": "Feature",
      "id": "ROAD-0042",
      "properties": {
        "id": "ROAD-0042",
        "layer": "ROAD_CENTERLINE",
        "source_type": "osm",
        "confidence": "medium",
        "geometry_role": "existing_condition",
        "road_class": "branch",
        "name_zh": "清河路",
        "osmid": "w30705564",
        "evidence_level_zh": "第三方开放地图，非道路红线，不作为工程线位依据",
        "length_m": 356.42
      },
      "geometry": {
        "type": "LineString",
        "coordinates": [
          [
            116.344685,
            40.0259592
          ],
          [
            116.3470651,
            40.0262488
          ],
          [
            116.3488001,
            40.0265002
          ]
        ]
      }
    },
    {
      "type": "Feature",
      "id": "ROAD-0043",
      "properties": {
        "id": "ROAD-0043",
        "layer": "ROAD_CENTERLINE",
        "source_type": "osm",
        "confidence": "medium",
        "geometry_role": "existing_condition",
        "road_class": "arterial",
        "name_zh": "石板房南路",
        "osmid": "w30784189",
        "evidence_level_zh": "第三方开放地图，非道路红线，不作为工程线位依据",
        "length_m": 101.4
      },
      "geometry": {
        "type": "LineString",
        "coordinates": [
          [
            116.3530325,
            40.0068692
          ],
          [
            116.353092,
            40.0068793
          ],
          [
            116.3533108,
            40.0069237
          ],
          [
            116.3533343,
            40.0069285
          ],
          [
            116.3541817,
            40.0070993
          ]
        ]
      }
    },
    {
      "type": "Feature",
      "id": "ROAD-0044",
      "properties": {
        "id": "ROAD-0044",
        "layer": "ROAD_CENTERLINE",
        "source_type": "osm",
        "confidence": "medium",
        "geometry_role": "existing_condition",
        "road_class": "expressway",
        "name_zh": "北二环",
        "osmid": "w33681012",
        "evidence_level_zh": "第三方开放地图，非道路红线，不作为工程线位依据",
        "length_m": 74.41
      },
      "geometry": {
        "type": "LineString",
        "coordinates": [
          [
            116.3504611,
            39.942674
          ],
          [
            116.3504289,
            39.9426627
          ],
          [
            116.3503805,
            39.9426447
          ],
          [
            116.3503346,
            39.942627
          ],
          [
            116.3502898,
            39.9426093
          ],
          [
            116.3502441,
            39.9425905
          ],
          [
            116.3502012,
            39.9425717
          ],
          [
            116.3501539,
            39.94255
          ],
          [
            116.3501084,
            39.9425276
          ],
          [
            116.3500606,
            39.9425017
          ],
          [
            116.3500147,
            39.9424758
          ],
          [
            116.3499674,
            39.9424482
          ],
          [
            116.349921,
            39.9424207
          ],
          [
            116.3498778,
            39.9423934
          ],
          [
            116.3498366,
            39.9423661
          ],
          [
            116.3497897,
            39.9423329
          ],
          [
            116.3497448,
            39.9422997
          ]
        ]
      }
    },
    {
      "type": "Feature",
      "id": "ROAD-0045",
      "properties": {
        "id": "ROAD-0045",
        "layer": "ROAD_CENTERLINE",
        "source_type": "osm",
        "confidence": "medium",
        "geometry_role": "existing_condition",
        "road_class": "branch",
        "name_zh": "交通大学路",
        "osmid": "w40674435",
        "evidence_level_zh": "第三方开放地图，非道路红线，不作为工程线位依据",
        "length_m": 178.39
      },
      "geometry": {
        "type": "LineString",
        "coordinates": [
          [
            116.3423845,
            39.9488105
          ],
          [
            116.3421201,
            39.9487817
          ],
          [
            116.3404436,
            39.9482359
          ]
        ]
      }
    },
    {
      "type": "Feature",
      "id": "ROAD-0046",
      "properties": {
        "id": "ROAD-0046",
        "layer": "ROAD_CENTERLINE",
        "source_type": "osm",
        "confidence": "medium",
        "geometry_role": "existing_condition",
        "road_class": "branch",
        "name_zh": "花园北路",
        "osmid": "w41656965",
        "evidence_level_zh": "第三方开放地图，非道路红线，不作为工程线位依据",
        "length_m": 531.94
      },
      "geometry": {
        "type": "LineString",
        "coordinates": [
          [
            116.3478622,
            39.9800223
          ],
          [
            116.3487017,
            39.9800448
          ],
          [
            116.3491206,
            39.9800571
          ],
          [
            116.3497614,
            39.9801184
          ],
          [
            116.3500634,
            39.9801279
          ],
          [
            116.3515115,
            39.9801751
          ],
          [
            116.3517554,
            39.9801854
          ],
          [
            116.3525217,
            39.9802177
          ],
          [
            116.3527439,
            39.980227
          ],
          [
            116.3537791,
            39.9802507
          ],
          [
            116.3539899,
            39.9802545
          ],
          [
            116.3540797,
            39.9802561
          ]
        ]
      }
    },
    {
      "type": "Feature",
      "id": "ROAD-0047",
      "properties": {
        "id": "ROAD-0047",
        "layer": "ROAD_CENTERLINE",
        "source_type": "osm",
        "confidence": "medium",
        "geometry_role": "existing_condition",
        "road_class": "branch",
        "name_zh": "文慧园北路",
        "osmid": "w42400211",
        "evidence_level_zh": "第三方开放地图，非道路红线，不作为工程线位依据",
        "length_m": 283.55
      },
      "geometry": {
        "type": "LineString",
        "coordinates": [
          [
            116.3553,
            39.9540013
          ],
          [
            116.3552721,
            39.9544993
          ],
          [
            116.3552498,
            39.9548975
          ],
          [
            116.3552167,
            39.9554512
          ],
          [
            116.355163,
            39.9563948
          ],
          [
            116.3551591,
            39.9564543
          ],
          [
            116.3551581,
            39.9564801
          ],
          [
            116.3551539,
            39.9565525
          ]
        ]
      }
    },
    {
      "type": "Feature",
      "id": "ROAD-0048",
      "properties": {
        "id": "ROAD-0048",
        "layer": "ROAD_CENTERLINE",
        "source_type": "osm",
        "confidence": "medium",
        "geometry_role": "existing_condition",
        "road_class": "branch",
        "name_zh": "文慧园西路",
        "osmid": "w42400216",
        "evidence_level_zh": "第三方开放地图，非道路红线，不作为工程线位依据",
        "length_m": 685.25
      },
      "geometry": {
        "type": "LineString",
        "coordinates": [
          [
            116.3520834,
            39.9508656
          ],
          [
            116.3519003,
            39.9514002
          ],
          [
            116.3518425,
            39.9517837
          ],
          [
            116.3517617,
            39.9525236
          ],
          [
            116.3517571,
            39.9526451
          ],
          [
            116.3517954,
            39.9527461
          ],
          [
            116.3519239,
            39.9528034
          ],
          [
            116.3523085,
            39.952884
          ],
          [
            116.3523901,
            39.9529213
          ],
          [
            116.352433,
            39.9530099
          ],
          [
            116.3523724,
            39.9540814
          ],
          [
            116.352337,
            39.9542472
          ],
          [
            116.352254,
            39.9545957
          ],
          [
            116.3521378,
            39.9547973
          ],
          [
            116.3520382,
            39.9554188
          ],
          [
            116.3519884,
            39.9557292
          ],
          [
            116.3519691,
            39.9564946
          ],
          [
            116.3519675,
            39.9565594
          ],
          [
            116.3519669,
            39.9566491
          ]
        ]
      }
    },
    {
      "type": "Feature",
      "id": "ROAD-0049",
      "properties": {
        "id": "ROAD-0049",
        "layer": "ROAD_CENTERLINE",
        "source_type": "osm",
        "confidence": "medium",
        "geometry_role": "existing_condition",
        "road_class": "branch",
        "name_zh": "现状道路中心线（OSM 提取）",
        "osmid": "w42411722",
        "evidence_level_zh": "第三方开放地图，非道路红线，不作为工程线位依据",
        "length_m": 211.53
      },
      "geometry": {
        "type": "LineString",
        "coordinates": [
          [
            116.3398216,
            39.9706262
          ],
          [
            116.3407941,
            39.9706375
          ],
          [
            116.3410148,
            39.9706356
          ],
          [
            116.34153,
            39.9706405
          ],
          [
            116.3422974,
            39.9706388
          ]
        ]
      }
    },
    {
      "type": "Feature",
      "id": "ROAD-0050",
      "properties": {
        "id": "ROAD-0050",
        "layer": "ROAD_CENTERLINE",
        "source_type": "osm",
        "confidence": "medium",
        "geometry_role": "existing_condition",
        "road_class": "branch",
        "name_zh": "文慧园西路",
        "osmid": "w42412304",
        "evidence_level_zh": "第三方开放地图，非道路红线，不作为工程线位依据",
        "length_m": 512.93
      },
      "geometry": {
        "type": "LineString",
        "coordinates": [
          [
            116.3540026,
            39.9465736
          ],
          [
            116.3539313,
            39.9466238
          ],
          [
            116.3539057,
            39.9466434
          ],
          [
            116.3538955,
            39.9466527
          ],
          [
            116.3538867,
            39.9466623
          ],
          [
            116.3538781,
            39.9466739
          ],
          [
            116.3538695,
            39.9466858
          ],
          [
            116.35372,
            39.9468979
          ],
          [
            116.3527802,
            39.9481964
          ],
          [
            116.3526135,
            39.9484866
          ],
          [
            116.3525835,
            39.9485768
          ],
          [
            116.3525462,
            39.9488461
          ],
          [
            116.3525267,
            39.9493164
          ],
          [
            116.3524668,
            39.9496045
          ],
          [
            116.3520834,
            39.9508656
          ]
        ]
      }
    },
    {
      "type": "Feature",
      "id": "ROAD-0051",
      "properties": {
        "id": "ROAD-0051",
        "layer": "ROAD_CENTERLINE",
        "source_type": "osm",
        "confidence": "medium",
        "geometry_role": "existing_condition",
        "road_class": "branch",
        "name_zh": "桦皮厂胡同",
        "osmid": "w42488770",
        "evidence_level_zh": "第三方开放地图，非道路红线，不作为工程线位依据",
        "length_m": 433.68
      },
      "geometry": {
        "type": "LineString",
        "coordinates": [
          [
            116.352462,
            39.9391661
          ],
          [
            116.3524869,
            39.9392477
          ],
          [
            116.3524917,
            39.9392736
          ],
          [
            116.3526232,
            39.9399887
          ],
          [
            116.352887,
            39.9410591
          ],
          [
            116.352901,
            39.941213
          ],
          [
            116.3528622,
            39.9414569
          ],
          [
            116.3528321,
            39.9420052
          ],
          [
            116.3528095,
            39.942301
          ],
          [
            116.3527706,
            39.9428723
          ],
          [
            116.3527593,
            39.9430389
          ]
        ]
      }
    },
    {
      "type": "Feature",
      "id": "ROAD-0052",
      "properties": {
        "id": "ROAD-0052",
        "layer": "ROAD_CENTERLINE",
        "source_type": "osm",
        "confidence": "medium",
        "geometry_role": "existing_condition",
        "road_class": "arterial",
        "name_zh": "G6辅路",
        "osmid": "w48051095",
        "evidence_level_zh": "第三方开放地图，非道路红线，不作为工程线位依据",
        "length_m": 113.01
      },
      "geometry": {
        "type": "LineString",
        "coordinates": [
          [
            116.3501209,
            40.0204442
          ],
          [
            116.3501731,
            40.0205551
          ],
          [
            116.3505078,
            40.0212661
          ],
          [
            116.3505521,
            40.0214057
          ]
        ]
      }
    },
    {
      "type": "Feature",
      "id": "ROAD-0053",
      "properties": {
        "id": "ROAD-0053",
        "layer": "ROAD_CENTERLINE",
        "source_type": "osm",
        "confidence": "medium",
        "geometry_role": "existing_condition",
        "road_class": "arterial",
        "name_zh": "G6辅路",
        "osmid": "w48051223",
        "evidence_level_zh": "第三方开放地图，非道路红线，不作为工程线位依据",
        "length_m": 1284.7
      },
      "geometry": {
        "type": "LineString",
        "coordinates": [
          [
            116.3458996,
            40.0209082
          ],
          [
            116.3460802,
            40.0208397
          ],
          [
            116.3464143,
            40.020713
          ],
          [
            116.3473064,
            40.0202717
          ],
          [
            116.3480768,
            40.0198494
          ],
          [
            116.3487417,
            40.019485
          ],
          [
            116.3488384,
            40.0194079
          ],
          [
            116.3491162,
            40.0191862
          ],
          [
            116.3494598,
            40.0188319
          ],
          [
            116.3504287,
            40.0176092
          ],
          [
            116.3512148,
            40.0166042
          ],
          [
            116.3512827,
            40.0165174
          ],
          [
            116.3514988,
            40.0162411
          ],
          [
            116.3536158,
            40.0135345
          ],
          [
            116.3539403,
            40.0130907
          ],
          [
            116.3541088,
            40.0128022
          ],
          [
            116.3543609,
            40.0120389
          ],
          [
            116.3544918,
            40.0117549
          ]
        ]
      }
    },
    {
      "type": "Feature",
      "id": "ROAD-0054",
      "properties": {
        "id": "ROAD-0054",
        "layer": "ROAD_CENTERLINE",
        "source_type": "osm",
        "confidence": "medium",
        "geometry_role": "existing_condition",
        "road_class": "secondary",
        "name_zh": "现状道路中心线（OSM 提取）",
        "osmid": "w51384215",
        "evidence_level_zh": "第三方开放地图，非道路红线，不作为工程线位依据",
        "length_m": 88.54
      },
      "geometry": {
        "type": "LineString",
        "coordinates": [
          [
            116.3508012,
            39.9393393
          ],
          [
            116.3503511,
            39.9393259
          ],
          [
            116.349766,
            39.9393103
          ]
        ]
      }
    },
    {
      "type": "Feature",
      "id": "ROAD-0055",
      "properties": {
        "id": "ROAD-0055",
        "layer": "ROAD_CENTERLINE",
        "source_type": "osm",
        "confidence": "medium",
        "geometry_role": "existing_condition",
        "road_class": "branch",
        "name_zh": "现状道路中心线（OSM 提取）",
        "osmid": "w51384752",
        "evidence_level_zh": "第三方开放地图，非道路红线，不作为工程线位依据",
        "length_m": 78.49
      },
      "geometry": {
        "type": "LineString",
        "coordinates": [
          [
            116.3488785,
            39.9404012
          ],
          [
            116.3488837,
            39.940295
          ],
          [
            116.348898,
            39.9402302
          ],
          [
            116.3489214,
            39.9401658
          ],
          [
            116.3489512,
            39.9401131
          ],
          [
            116.3489719,
            39.9400693
          ],
          [
            116.34898,
            39.9400459
          ],
          [
            116.3489853,
            39.9400256
          ],
          [
            116.3489904,
            39.9400055
          ],
          [
            116.3489941,
            39.9399854
          ],
          [
            116.3489979,
            39.9399623
          ],
          [
            116.3490005,
            39.9399412
          ],
          [
            116.3490013,
            39.9399209
          ],
          [
            116.3490022,
            39.9399006
          ],
          [
            116.3490091,
            39.9397076
          ]
        ]
      }
    },
    {
      "type": "Feature",
      "id": "ROAD-0056",
      "properties": {
        "id": "ROAD-0056",
        "layer": "ROAD_CENTERLINE",
        "source_type": "osm",
        "confidence": "medium",
        "geometry_role": "existing_condition",
        "road_class": "branch",
        "name_zh": "现状道路中心线（OSM 提取）",
        "osmid": "w51386212",
        "evidence_level_zh": "第三方开放地图，非道路红线，不作为工程线位依据",
        "length_m": 246.44
      },
      "geometry": {
        "type": "LineString",
        "coordinates": [
          [
            116.3501427,
            39.9416558
          ],
          [
            116.3502062,
            39.9433296
          ],
          [
            116.3502066,
            39.9433391
          ],
          [
            116.3502071,
            39.9433485
          ],
          [
            116.3502077,
            39.943358
          ],
          [
            116.3502084,
            39.9433674
          ],
          [
            116.3502105,
            39.9433863
          ],
          [
            116.3502119,
            39.9433959
          ],
          [
            116.3502133,
            39.9434052
          ],
          [
            116.350215,
            39.9434146
          ],
          [
            116.3502168,
            39.9434241
          ],
          [
            116.3502188,
            39.9434333
          ],
          [
            116.3502208,
            39.9434429
          ],
          [
            116.3502297,
            39.9434807
          ],
          [
            116.3502391,
            39.9435174
          ],
          [
            116.3502442,
            39.9435358
          ],
          [
            116.3502501,
            39.943557
          ],
          [
            116.3502598,
            39.9435908
          ],
          [
            116.3502649,
            39.9436089
          ],
          [
            116.35027,
            39.9436273
          ],
          [
            116.3502744,
            39.9436451
          ],
          [
            116.3502784,
            39.9436628
          ],
          [
            116.3502823,
            39.9436804
          ],
          [
            116.3502861,
            39.943698
          ],
          [
            116.3502882,
            39.9437097
          ],
          [
            116.3502902,
            39.9437214
          ],
          [
            116.3502916,
            39.9437311
          ],
          [
            116.3502929,
            39.9437407
          ],
          [
            116.3502937,
            39.9437502
          ],
          [
            116.3502943,
            39.9437598
          ],
          [
            116.350295,
            39.9437744
          ],
          [
            116.3502954,
            39.943789
          ],
          [
            116.3502959,
            39.9438141
          ],
          [
            116.350296,
            39.9438685
          ]
        ]
      }
    },
    {
      "type": "Feature",
      "id": "ROAD-0057",
      "properties": {
        "id": "ROAD-0057",
        "layer": "ROAD_CENTERLINE",
        "source_type": "osm",
        "confidence": "medium",
        "geometry_role": "existing_condition",
        "road_class": "secondary",
        "name_zh": "现状道路中心线（OSM 提取）",
        "osmid": "w51391595",
        "evidence_level_zh": "第三方开放地图，非道路红线，不作为工程线位依据",
        "length_m": 71.27
      },
      "geometry": {
        "type": "LineString",
        "coordinates": [
          [
            116.349766,
            39.9393103
          ],
          [
            116.3489325,
            39.9392937
          ]
        ]
      }
    },
    {
      "type": "Feature",
      "id": "ROAD-0058",
      "properties": {
        "id": "ROAD-0058",
        "layer": "ROAD_CENTERLINE",
        "source_type": "osm",
        "confidence": "medium",
        "geometry_role": "existing_condition",
        "road_class": "secondary",
        "name_zh": "现状道路中心线（OSM 提取）",
        "osmid": "w51391599",
        "evidence_level_zh": "第三方开放地图，非道路红线，不作为工程线位依据",
        "length_m": 64.0
      },
      "geometry": {
        "type": "LineString",
        "coordinates": [
          [
            116.3504523,
            39.9390002
          ],
          [
            116.35097,
            39.9390115
          ],
          [
            116.3512008,
            39.9390157
          ]
        ]
      }
    },
    {
      "type": "Feature",
      "id": "ROAD-0059",
      "properties": {
        "id": "ROAD-0059",
        "layer": "ROAD_CENTERLINE",
        "source_type": "osm",
        "confidence": "medium",
        "geometry_role": "existing_condition",
        "road_class": "secondary",
        "name_zh": "西直门内大街",
        "osmid": "w51391600",
        "evidence_level_zh": "第三方开放地图，非道路红线，不作为工程线位依据",
        "length_m": 153.16
      },
      "geometry": {
        "type": "LineString",
        "coordinates": [
          [
            116.3497738,
            39.9390799
          ],
          [
            116.3506915,
            39.9391003
          ],
          [
            116.3512017,
            39.9391139
          ],
          [
            116.3512145,
            39.9391144
          ],
          [
            116.3512273,
            39.9391145
          ],
          [
            116.3512384,
            39.9391145
          ],
          [
            116.3512512,
            39.9391143
          ],
          [
            116.351263,
            39.9391141
          ],
          [
            116.3512762,
            39.9391136
          ],
          [
            116.3512883,
            39.9391131
          ],
          [
            116.3513008,
            39.9391123
          ],
          [
            116.3513819,
            39.9391048
          ],
          [
            116.3514567,
            39.9390991
          ],
          [
            116.3514849,
            39.9390969
          ],
          [
            116.3514985,
            39.9390959
          ],
          [
            116.3515127,
            39.9390952
          ],
          [
            116.3515242,
            39.9390947
          ],
          [
            116.3515372,
            39.9390944
          ],
          [
            116.3515637,
            39.9390945
          ]
        ]
      }
    },
    {
      "type": "Feature",
      "id": "ROAD-0060",
      "properties": {
        "id": "ROAD-0060",
        "layer": "ROAD_CENTERLINE",
        "source_type": "osm",
        "confidence": "medium",
        "geometry_role": "existing_condition",
        "road_class": "secondary",
        "name_zh": "现状道路中心线（OSM 提取）",
        "osmid": "w51391845",
        "evidence_level_zh": "第三方开放地图，非道路红线，不作为工程线位依据",
        "length_m": 116.5
      },
      "geometry": {
        "type": "LineString",
        "coordinates": [
          [
            116.3489325,
            39.9392937
          ],
          [
            116.3488028,
            39.939292
          ],
          [
            116.3487716,
            39.9392923
          ],
          [
            116.3487442,
            39.9392938
          ],
          [
            116.3487167,
            39.939297
          ],
          [
            116.3486881,
            39.9393011
          ],
          [
            116.3485683,
            39.939322
          ],
          [
            116.3485393,
            39.9393267
          ],
          [
            116.3485085,
            39.9393306
          ],
          [
            116.3483606,
            39.9393306
          ],
          [
            116.3479696,
            39.9392636
          ],
          [
            116.3477829,
            39.9392471
          ],
          [
            116.3475854,
            39.939243
          ]
        ]
      }
    },
    {
      "type": "Feature",
      "id": "ROAD-0061",
      "properties": {
        "id": "ROAD-0061",
        "layer": "ROAD_CENTERLINE",
        "source_type": "osm",
        "confidence": "medium",
        "geometry_role": "existing_condition",
        "road_class": "expressway",
        "name_zh": "北二环",
        "osmid": "w51391961",
        "evidence_level_zh": "第三方开放地图，非道路红线，不作为工程线位依据",
        "length_m": 160.07
      },
      "geometry": {
        "type": "LineString",
        "coordinates": [
          [
            116.3493751,
            39.940267
          ],
          [
            116.3493839,
            39.9402975
          ],
          [
            116.3493852,
            39.9403168
          ],
          [
            116.3493875,
            39.9403354
          ],
          [
            116.3493911,
            39.9403599
          ],
          [
            116.3493959,
            39.9403903
          ],
          [
            116.3493993,
            39.9404167
          ],
          [
            116.3494028,
            39.9404432
          ],
          [
            116.3494054,
            39.9404698
          ],
          [
            116.3494075,
            39.9404965
          ],
          [
            116.3494099,
            39.9405329
          ],
          [
            116.3494118,
            39.9405697
          ],
          [
            116.3494141,
            39.9406458
          ],
          [
            116.3494173,
            39.9407218
          ],
          [
            116.3494194,
            39.9407624
          ],
          [
            116.3494216,
            39.940803
          ],
          [
            116.3494227,
            39.9408228
          ],
          [
            116.3494249,
            39.9408425
          ],
          [
            116.3494309,
            39.9408804
          ],
          [
            116.3494357,
            39.9409044
          ],
          [
            116.3494406,
            39.9409273
          ],
          [
            116.3494478,
            39.9409564
          ],
          [
            116.3494577,
            39.9409903
          ],
          [
            116.3494714,
            39.9410323
          ],
          [
            116.3494897,
            39.941077
          ],
          [
            116.3495098,
            39.9411218
          ],
          [
            116.349531,
            39.9411657
          ],
          [
            116.3495532,
            39.9412097
          ],
          [
            116.3495708,
            39.9412431
          ],
          [
            116.3495894,
            39.9412765
          ],
          [
            116.3496074,
            39.941307
          ],
          [
            116.3496264,
            39.9413368
          ],
          [
            116.3496509,
            39.9413751
          ],
          [
            116.3496759,
            39.9414138
          ],
          [
            116.3497,
            39.941451
          ],
          [
            116.3497255,
            39.9414887
          ],
          [
            116.3497527,
            39.9415278
          ],
          [
            116.3497788,
            39.9415646
          ],
          [
            116.349833,
            39.9416412
          ]
        ]
      }
    },
    {
      "type": "Feature",
      "id": "ROAD-0062",
      "properties": {
        "id": "ROAD-0062",
        "layer": "ROAD_CENTERLINE",
        "source_type": "osm",
        "confidence": "medium",
        "geometry_role": "existing_condition",
        "road_class": "expressway",
        "name_zh": "西直门外大街",
        "osmid": "w51768307",
        "evidence_level_zh": "第三方开放地图，非道路红线，不作为工程线位依据",
        "length_m": 72.52
      },
      "geometry": {
        "type": "LineString",
        "coordinates": [
          [
            116.3489257,
            39.9390619
          ],
          [
            116.3497738,
            39.9390799
          ]
        ]
      }
    },
    {
      "type": "Feature",
      "id": "ROAD-0063",
      "properties": {
        "id": "ROAD-0063",
        "layer": "ROAD_CENTERLINE",
        "source_type": "osm",
        "confidence": "medium",
        "geometry_role": "existing_condition",
        "road_class": "expressway",
        "name_zh": "西直门外大街",
        "osmid": "w51768308",
        "evidence_level_zh": "第三方开放地图，非道路红线，不作为工程线位依据",
        "length_m": 106.88
      },
      "geometry": {
        "type": "LineString",
        "coordinates": [
          [
            116.348924,
            39.9391666
          ],
          [
            116.3488445,
            39.9391638
          ],
          [
            116.3487577,
            39.9391587
          ],
          [
            116.3486603,
            39.9391522
          ],
          [
            116.3485647,
            39.9391457
          ],
          [
            116.3484815,
            39.9391397
          ],
          [
            116.3484173,
            39.9391352
          ],
          [
            116.3483644,
            39.9391315
          ],
          [
            116.3483121,
            39.9391283
          ],
          [
            116.3482113,
            39.9391219
          ],
          [
            116.3481167,
            39.9391169
          ],
          [
            116.3480094,
            39.9391119
          ],
          [
            116.347888,
            39.9391079
          ],
          [
            116.3477863,
            39.939104
          ],
          [
            116.3476769,
            39.9390981
          ]
        ]
      }
    },
    {
      "type": "Feature",
      "id": "ROAD-0064",
      "properties": {
        "id": "ROAD-0064",
        "layer": "ROAD_CENTERLINE",
        "source_type": "osm",
        "confidence": "medium",
        "geometry_role": "existing_condition",
        "road_class": "arterial",
        "name_zh": "石板房南路",
        "osmid": "w55820118",
        "evidence_level_zh": "第三方开放地图，非道路红线，不作为工程线位依据",
        "length_m": 101.13
      },
      "geometry": {
        "type": "LineString",
        "coordinates": [
          [
            116.3541332,
            40.0072017
          ],
          [
            116.3533016,
            40.0070239
          ],
          [
            116.3531511,
            40.0069993
          ],
          [
            116.3530492,
            40.0069826
          ],
          [
            116.3529877,
            40.0069717
          ]
        ]
      }
    },
    {
      "type": "Feature",
      "id": "ROAD-0065",
      "properties": {
        "id": "ROAD-0065",
        "layer": "ROAD_CENTERLINE",
        "source_type": "osm",
        "confidence": "medium",
        "geometry_role": "existing_condition",
        "road_class": "branch",
        "name_zh": "域清街",
        "osmid": "w55820166",
        "evidence_level_zh": "第三方开放地图，非道路红线，不作为工程线位依据",
        "length_m": 211.89
      },
      "geometry": {
        "type": "LineString",
        "coordinates": [
          [
            116.3522516,
            40.0160712
          ],
          [
            116.3524152,
            40.0160687
          ],
          [
            116.3547318,
            40.0161342
          ]
        ]
      }
    },
    {
      "type": "Feature",
      "id": "ROAD-0066",
      "properties": {
        "id": "ROAD-0066",
        "layer": "ROAD_CENTERLINE",
        "source_type": "osm",
        "confidence": "medium",
        "geometry_role": "existing_condition",
        "road_class": "branch",
        "name_zh": "现状道路中心线（OSM 提取）",
        "osmid": "w60110708",
        "evidence_level_zh": "第三方开放地图，非道路红线，不作为工程线位依据",
        "length_m": 405.59
      },
      "geometry": {
        "type": "LineString",
        "coordinates": [
          [
            116.3525462,
            39.9488461
          ],
          [
            116.3520383,
            39.9488404
          ],
          [
            116.3508014,
            39.9486221
          ],
          [
            116.3507858,
            39.9486666
          ],
          [
            116.3504679,
            39.9496063
          ],
          [
            116.3502312,
            39.9500957
          ],
          [
            116.3497439,
            39.9504333
          ],
          [
            116.3495246,
            39.9506055
          ]
        ]
      }
    },
    {
      "type": "Feature",
      "id": "ROAD-0067",
      "properties": {
        "id": "ROAD-0067",
        "layer": "ROAD_CENTERLINE",
        "source_type": "osm",
        "confidence": "medium",
        "geometry_role": "existing_condition",
        "road_class": "branch",
        "name_zh": "现状道路中心线（OSM 提取）",
        "osmid": "w60110759",
        "evidence_level_zh": "第三方开放地图，非道路红线，不作为工程线位依据",
        "length_m": 268.33
      },
      "geometry": {
        "type": "LineString",
        "coordinates": [
          [
            116.3526135,
            39.9484866
          ],
          [
            116.3553,
            39.9497375
          ]
        ]
      }
    },
    {
      "type": "Feature",
      "id": "ROAD-0068",
      "properties": {
        "id": "ROAD-0068",
        "layer": "ROAD_CENTERLINE",
        "source_type": "osm",
        "confidence": "medium",
        "geometry_role": "existing_condition",
        "road_class": "branch",
        "name_zh": "德胜门西大街",
        "osmid": "w103140452",
        "evidence_level_zh": "第三方开放地图，非道路红线，不作为工程线位依据",
        "length_m": 83.39
      },
      "geometry": {
        "type": "LineString",
        "coordinates": [
          [
            116.3504117,
            39.942766
          ],
          [
            116.3498317,
            39.9426048
          ],
          [
            116.3498099,
            39.9425985
          ],
          [
            116.3497884,
            39.9425918
          ],
          [
            116.3497684,
            39.9425853
          ],
          [
            116.3497479,
            39.9425777
          ],
          [
            116.3497278,
            39.9425694
          ],
          [
            116.3497071,
            39.9425593
          ],
          [
            116.349687,
            39.9425484
          ],
          [
            116.3496681,
            39.9425375
          ],
          [
            116.3496511,
            39.9425264
          ],
          [
            116.3496364,
            39.9425149
          ],
          [
            116.3496219,
            39.9425021
          ],
          [
            116.3496086,
            39.9424893
          ],
          [
            116.3495953,
            39.9424756
          ],
          [
            116.3495831,
            39.942462
          ],
          [
            116.3495604,
            39.9424346
          ]
        ]
      }
    },
    {
      "type": "Feature",
      "id": "ROAD-0069",
      "properties": {
        "id": "ROAD-0069",
        "layer": "ROAD_CENTERLINE",
        "source_type": "osm",
        "confidence": "medium",
        "geometry_role": "existing_condition",
        "road_class": "branch",
        "name_zh": "现状道路中心线（OSM 提取）",
        "osmid": "w106620121",
        "evidence_level_zh": "第三方开放地图，非道路红线，不作为工程线位依据",
        "length_m": 138.25
      },
      "geometry": {
        "type": "LineString",
        "coordinates": [
          [
            116.3497639,
            39.9661836
          ],
          [
            116.3498197,
            39.966118
          ],
          [
            116.3498357,
            39.9660411
          ],
          [
            116.3498153,
            39.9659769
          ],
          [
            116.3497834,
            39.9659263
          ],
          [
            116.3494733,
            39.9658364
          ],
          [
            116.3492006,
            39.9657488
          ],
          [
            116.3489082,
            39.9656522
          ],
          [
            116.3487205,
            39.9656275
          ],
          [
            116.348701,
            39.96564
          ],
          [
            116.3486279,
            39.9656868
          ]
        ]
      }
    },
    {
      "type": "Feature",
      "id": "ROAD-0070",
      "properties": {
        "id": "ROAD-0070",
        "layer": "ROAD_CENTERLINE",
        "source_type": "osm",
        "confidence": "medium",
        "geometry_role": "existing_condition",
        "road_class": "branch",
        "name_zh": "现状道路中心线（OSM 提取）",
        "osmid": "w106620128",
        "evidence_level_zh": "第三方开放地图，非道路红线，不作为工程线位依据",
        "length_m": 192.1
      },
      "geometry": {
        "type": "LineString",
        "coordinates": [
          [
            116.3486468,
            39.9654797
          ],
          [
            116.3486829,
            39.9655268
          ],
          [
            116.3487188,
            39.9655474
          ],
          [
            116.3487688,
            39.9655761
          ],
          [
            116.3496727,
            39.9658414
          ],
          [
            116.3503313,
            39.9660725
          ],
          [
            116.3506822,
            39.9661825
          ]
        ]
      }
    },
    {
      "type": "Feature",
      "id": "ROAD-0071",
      "properties": {
        "id": "ROAD-0071",
        "layer": "ROAD_CENTERLINE",
        "source_type": "osm",
        "confidence": "medium",
        "geometry_role": "existing_condition",
        "road_class": "secondary",
        "name_zh": "高梁桥斜街",
        "osmid": "w109497807",
        "evidence_level_zh": "第三方开放地图，非道路红线，不作为工程线位依据",
        "length_m": 156.69
      },
      "geometry": {
        "type": "LineString",
        "coordinates": [
          [
            116.3455028,
            39.9423976
          ],
          [
            116.3452745,
            39.9425196
          ],
          [
            116.3448768,
            39.9426801
          ],
          [
            116.3441117,
            39.9429147
          ],
          [
            116.3439902,
            39.942952
          ],
          [
            116.343849,
            39.9429953
          ]
        ]
      }
    },
    {
      "type": "Feature",
      "id": "ROAD-0072",
      "properties": {
        "id": "ROAD-0072",
        "layer": "ROAD_CENTERLINE",
        "source_type": "osm",
        "confidence": "medium",
        "geometry_role": "existing_condition",
        "road_class": "expressway",
        "name_zh": "京藏高速",
        "osmid": "w116920046",
        "evidence_level_zh": "第三方开放地图，非道路红线，不作为工程线位依据",
        "length_m": 325.61
      },
      "geometry": {
        "type": "LineString",
        "coordinates": [
          [
            116.3471166,
            40.0225658
          ],
          [
            116.3454785,
            40.0245186
          ],
          [
            116.3451148,
            40.0250593
          ]
        ]
      }
    },
    {
      "type": "Feature",
      "id": "ROAD-0073",
      "properties": {
        "id": "ROAD-0073",
        "layer": "ROAD_CENTERLINE",
        "source_type": "osm",
        "confidence": "medium",
        "geometry_role": "existing_condition",
        "road_class": "expressway",
        "name_zh": "京藏高速",
        "osmid": "w116920048",
        "evidence_level_zh": "第三方开放地图，非道路红线，不作为工程线位依据",
        "length_m": 105.64
      },
      "geometry": {
        "type": "LineString",
        "coordinates": [
          [
            116.3437945,
            40.0265001
          ],
          [
            116.3444045,
            40.0256723
          ]
        ]
      }
    },
    {
      "type": "Feature",
      "id": "ROAD-0074",
      "properties": {
        "id": "ROAD-0074",
        "layer": "ROAD_CENTERLINE",
        "source_type": "osm",
        "confidence": "medium",
        "geometry_role": "existing_condition",
        "road_class": "arterial",
        "name_zh": "现状道路中心线（OSM 提取）",
        "osmid": "w116920050",
        "evidence_level_zh": "第三方开放地图，非道路红线，不作为工程线位依据",
        "length_m": 85.68
      },
      "geometry": {
        "type": "LineString",
        "coordinates": [
          [
            116.3442138,
            40.0256383
          ],
          [
            116.3447207,
            40.0249723
          ]
        ]
      }
    },
    {
      "type": "Feature",
      "id": "ROAD-0075",
      "properties": {
        "id": "ROAD-0075",
        "layer": "ROAD_CENTERLINE",
        "source_type": "osm",
        "confidence": "medium",
        "geometry_role": "existing_condition",
        "road_class": "expressway",
        "name_zh": "京藏高速",
        "osmid": "w116920055",
        "evidence_level_zh": "第三方开放地图，非道路红线，不作为工程线位依据",
        "length_m": 83.25
      },
      "geometry": {
        "type": "LineString",
        "coordinates": [
          [
            116.3451148,
            40.0250593
          ],
          [
            116.3446231,
            40.0257068
          ]
        ]
      }
    },
    {
      "type": "Feature",
      "id": "ROAD-0076",
      "properties": {
        "id": "ROAD-0076",
        "layer": "ROAD_CENTERLINE",
        "source_type": "osm",
        "confidence": "medium",
        "geometry_role": "existing_condition",
        "road_class": "arterial",
        "name_zh": "现状道路中心线（OSM 提取）",
        "osmid": "w116920060",
        "evidence_level_zh": "第三方开放地图，非道路红线，不作为工程线位依据",
        "length_m": 84.74
      },
      "geometry": {
        "type": "LineString",
        "coordinates": [
          [
            116.3452635,
            40.0250911
          ],
          [
            116.3447615,
            40.0257495
          ]
        ]
      }
    },
    {
      "type": "Feature",
      "id": "ROAD-0077",
      "properties": {
        "id": "ROAD-0077",
        "layer": "ROAD_CENTERLINE",
        "source_type": "osm",
        "confidence": "medium",
        "geometry_role": "existing_condition",
        "road_class": "arterial",
        "name_zh": "G6辅路",
        "osmid": "w116920061",
        "evidence_level_zh": "第三方开放地图，非道路红线，不作为工程线位依据",
        "length_m": 308.84
      },
      "geometry": {
        "type": "LineString",
        "coordinates": [
          [
            116.3447207,
            40.0249723
          ],
          [
            116.3450286,
            40.0245532
          ],
          [
            116.3452279,
            40.0242821
          ],
          [
            116.3453712,
            40.0239829
          ],
          [
            116.3453821,
            40.0236646
          ],
          [
            116.3453239,
            40.0232665
          ],
          [
            116.3451462,
            40.0229093
          ],
          [
            116.3447813,
            40.022415
          ]
        ]
      }
    },
    {
      "type": "Feature",
      "id": "ROAD-0078",
      "properties": {
        "id": "ROAD-0078",
        "layer": "ROAD_CENTERLINE",
        "source_type": "osm",
        "confidence": "medium",
        "geometry_role": "existing_condition",
        "road_class": "expressway",
        "name_zh": "北五环",
        "osmid": "w116920063",
        "evidence_level_zh": "第三方开放地图，非道路红线，不作为工程线位依据",
        "length_m": 233.1
      },
      "geometry": {
        "type": "LineString",
        "coordinates": [
          [
            116.3452035,
            40.021828
          ],
          [
            116.3424732,
            40.0218507
          ]
        ]
      }
    },
    {
      "type": "Feature",
      "id": "ROAD-0079",
      "properties": {
        "id": "ROAD-0079",
        "layer": "ROAD_CENTERLINE",
        "source_type": "osm",
        "confidence": "medium",
        "geometry_role": "existing_condition",
        "road_class": "expressway",
        "name_zh": "京藏高速",
        "osmid": "w116920066",
        "evidence_level_zh": "第三方开放地图，非道路红线，不作为工程线位依据",
        "length_m": 102.16
      },
      "geometry": {
        "type": "LineString",
        "coordinates": [
          [
            116.3446231,
            40.0257068
          ],
          [
            116.3440169,
            40.0265001
          ]
        ]
      }
    },
    {
      "type": "Feature",
      "id": "ROAD-0080",
      "properties": {
        "id": "ROAD-0080",
        "layer": "ROAD_CENTERLINE",
        "source_type": "osm",
        "confidence": "medium",
        "geometry_role": "existing_condition",
        "road_class": "expressway",
        "name_zh": "京藏高速",
        "osmid": "w116920067",
        "evidence_level_zh": "第三方开放地图，非道路红线，不作为工程线位依据",
        "length_m": 87.13
      },
      "geometry": {
        "type": "LineString",
        "coordinates": [
          [
            116.3444045,
            40.0256723
          ],
          [
            116.3449295,
            40.0249994
          ]
        ]
      }
    },
    {
      "type": "Feature",
      "id": "ROAD-0081",
      "properties": {
        "id": "ROAD-0081",
        "layer": "ROAD_CENTERLINE",
        "source_type": "osm",
        "confidence": "medium",
        "geometry_role": "existing_condition",
        "road_class": "expressway",
        "name_zh": "北五环",
        "osmid": "w116920070",
        "evidence_level_zh": "第三方开放地图，非道路红线，不作为工程线位依据",
        "length_m": 433.99
      },
      "geometry": {
        "type": "LineString",
        "coordinates": [
          [
            116.3452098,
            40.0216684
          ],
          [
            116.3502926,
            40.0215987
          ]
        ]
      }
    },
    {
      "type": "Feature",
      "id": "ROAD-0082",
      "properties": {
        "id": "ROAD-0082",
        "layer": "ROAD_CENTERLINE",
        "source_type": "osm",
        "confidence": "medium",
        "geometry_role": "existing_condition",
        "road_class": "expressway",
        "name_zh": "京藏高速",
        "osmid": "w116920072",
        "evidence_level_zh": "第三方开放地图，非道路红线，不作为工程线位依据",
        "length_m": 322.68
      },
      "geometry": {
        "type": "LineString",
        "coordinates": [
          [
            116.3449295,
            40.0249994
          ],
          [
            116.3454137,
            40.0243775
          ],
          [
            116.3469009,
            40.02252
          ]
        ]
      }
    },
    {
      "type": "Feature",
      "id": "ROAD-0083",
      "properties": {
        "id": "ROAD-0083",
        "layer": "ROAD_CENTERLINE",
        "source_type": "osm",
        "confidence": "medium",
        "geometry_role": "existing_condition",
        "road_class": "expressway",
        "name_zh": "北五环",
        "osmid": "w116920076",
        "evidence_level_zh": "第三方开放地图，非道路红线，不作为工程线位依据",
        "length_m": 435.46
      },
      "geometry": {
        "type": "LineString",
        "coordinates": [
          [
            116.3503037,
            40.0217701
          ],
          [
            116.346862,
            40.0218231
          ],
          [
            116.3452035,
            40.021828
          ]
        ]
      }
    },
    {
      "type": "Feature",
      "id": "ROAD-0084",
      "properties": {
        "id": "ROAD-0084",
        "layer": "ROAD_CENTERLINE",
        "source_type": "osm",
        "confidence": "medium",
        "geometry_role": "existing_condition",
        "road_class": "expressway",
        "name_zh": "京藏高速",
        "osmid": "w116920077",
        "evidence_level_zh": "第三方开放地图，非道路红线，不作为工程线位依据",
        "length_m": 170.78
      },
      "geometry": {
        "type": "LineString",
        "coordinates": [
          [
            116.348079,
            40.0212175
          ],
          [
            116.3471166,
            40.0225658
          ]
        ]
      }
    },
    {
      "type": "Feature",
      "id": "ROAD-0085",
      "properties": {
        "id": "ROAD-0085",
        "layer": "ROAD_CENTERLINE",
        "source_type": "osm",
        "confidence": "medium",
        "geometry_role": "existing_condition",
        "road_class": "branch",
        "name_zh": "现状道路中心线（OSM 提取）",
        "osmid": "w119980750",
        "evidence_level_zh": "第三方开放地图，非道路红线，不作为工程线位依据",
        "length_m": 604.87
      },
      "geometry": {
        "type": "LineString",
        "coordinates": [
          [
            116.3500401,
            40.0189265
          ],
          [
            116.3499694,
            40.0193659
          ],
          [
            116.3499498,
            40.0195892
          ],
          [
            116.3500007,
            40.0198992
          ],
          [
            116.3501303,
            40.0201475
          ],
          [
            116.3502395,
            40.0203254
          ],
          [
            116.3506314,
            40.0207208
          ],
          [
            116.3508558,
            40.0208741
          ],
          [
            116.3514028,
            40.0211026
          ],
          [
            116.3519023,
            40.0212061
          ],
          [
            116.3529422,
            40.0212079
          ],
          [
            116.3532625,
            40.0212055
          ],
          [
            116.3540658,
            40.0211994
          ],
          [
            116.3550149,
            40.0212988
          ]
        ]
      }
    },
    {
      "type": "Feature",
      "id": "ROAD-0086",
      "properties": {
        "id": "ROAD-0086",
        "layer": "ROAD_CENTERLINE",
        "source_type": "osm",
        "confidence": "medium",
        "geometry_role": "existing_condition",
        "road_class": "branch",
        "name_zh": "北四环中路",
        "osmid": "w120426543",
        "evidence_level_zh": "第三方开放地图，非道路红线，不作为工程线位依据",
        "length_m": 328.27
      },
      "geometry": {
        "type": "LineString",
        "coordinates": [
          [
            116.3442196,
            39.9856054
          ],
          [
            116.3423679,
            39.9855531
          ],
          [
            116.3418541,
            39.9855422
          ],
          [
            116.3406796,
            39.9855232
          ],
          [
            116.3403782,
            39.9855151
          ]
        ]
      }
    },
    {
      "type": "Feature",
      "id": "ROAD-0087",
      "properties": {
        "id": "ROAD-0087",
        "layer": "ROAD_CENTERLINE",
        "source_type": "osm",
        "confidence": "medium",
        "geometry_role": "existing_condition",
        "road_class": "branch",
        "name_zh": "北四环中路",
        "osmid": "w120426545",
        "evidence_level_zh": "第三方开放地图，非道路红线，不作为工程线位依据",
        "length_m": 187.94
      },
      "geometry": {
        "type": "LineString",
        "coordinates": [
          [
            116.3495688,
            39.9858175
          ],
          [
            116.3476537,
            39.9857348
          ],
          [
            116.3475921,
            39.9857331
          ],
          [
            116.3473717,
            39.9857271
          ]
        ]
      }
    },
    {
      "type": "Feature",
      "id": "ROAD-0088",
      "properties": {
        "id": "ROAD-0088",
        "layer": "ROAD_CENTERLINE",
        "source_type": "osm",
        "confidence": "medium",
        "geometry_role": "existing_condition",
        "road_class": "branch",
        "name_zh": "北四环中路",
        "osmid": "w120426546",
        "evidence_level_zh": "第三方开放地图，非道路红线，不作为工程线位依据",
        "length_m": 174.43
      },
      "geometry": {
        "type": "LineString",
        "coordinates": [
          [
            116.345156,
            39.9852208
          ],
          [
            116.3470154,
            39.9852662
          ],
          [
            116.3470635,
            39.9852681
          ],
          [
            116.347197,
            39.9852733
          ]
        ]
      }
    },
    {
      "type": "Feature",
      "id": "ROAD-0089",
      "properties": {
        "id": "ROAD-0089",
        "layer": "ROAD_CENTERLINE",
        "source_type": "osm",
        "confidence": "medium",
        "geometry_role": "existing_condition",
        "road_class": "branch",
        "name_zh": "联慧路",
        "osmid": "w120491938",
        "evidence_level_zh": "第三方开放地图，非道路红线，不作为工程线位依据",
        "length_m": 287.54
      },
      "geometry": {
        "type": "LineString",
        "coordinates": [
          [
            116.3540026,
            39.9465736
          ],
          [
            116.3539323,
            39.9465544
          ],
          [
            116.3538882,
            39.946545
          ],
          [
            116.3538646,
            39.9465416
          ],
          [
            116.35384,
            39.9465391
          ],
          [
            116.3538138,
            39.9465375
          ],
          [
            116.3537879,
            39.9465366
          ],
          [
            116.3537594,
            39.9465366
          ],
          [
            116.353736,
            39.9465374
          ],
          [
            116.3524197,
            39.946608
          ],
          [
            116.3515502,
            39.9466505
          ],
          [
            116.3507163,
            39.946701
          ],
          [
            116.3506525,
            39.9467048
          ]
        ]
      }
    },
    {
      "type": "Feature",
      "id": "ROAD-0090",
      "properties": {
        "id": "ROAD-0090",
        "layer": "ROAD_CENTERLINE",
        "source_type": "osm",
        "confidence": "medium",
        "geometry_role": "existing_condition",
        "road_class": "branch",
        "name_zh": "现状道路中心线（OSM 提取）",
        "osmid": "w120491960",
        "evidence_level_zh": "第三方开放地图，非道路红线，不作为工程线位依据",
        "length_m": 209.58
      },
      "geometry": {
        "type": "LineString",
        "coordinates": [
          [
            116.3507029,
            39.9665201
          ],
          [
            116.3504245,
            39.9666237
          ],
          [
            116.350347,
            39.9666569
          ],
          [
            116.3497656,
            39.966906
          ],
          [
            116.3487017,
            39.9672926
          ],
          [
            116.3486319,
            39.9673275
          ],
          [
            116.3485232,
            39.967382
          ]
        ]
      }
    },
    {
      "type": "Feature",
      "id": "ROAD-0091",
      "properties": {
        "id": "ROAD-0091",
        "layer": "ROAD_CENTERLINE",
        "source_type": "osm",
        "confidence": "medium",
        "geometry_role": "existing_condition",
        "road_class": "branch",
        "name_zh": "现状道路中心线（OSM 提取）",
        "osmid": "w120491974",
        "evidence_level_zh": "第三方开放地图，非道路红线，不作为工程线位依据",
        "length_m": 177.49
      },
      "geometry": {
        "type": "LineString",
        "coordinates": [
          [
            116.3473934,
            39.9584166
          ],
          [
            116.3474165,
            39.9570575
          ],
          [
            116.3474199,
            39.9569604
          ],
          [
            116.3474322,
            39.9568186
          ]
        ]
      }
    },
    {
      "type": "Feature",
      "id": "ROAD-0092",
      "properties": {
        "id": "ROAD-0092",
        "layer": "ROAD_CENTERLINE",
        "source_type": "osm",
        "confidence": "medium",
        "geometry_role": "existing_condition",
        "road_class": "branch",
        "name_zh": "现状道路中心线（OSM 提取）",
        "osmid": "w120492000",
        "evidence_level_zh": "第三方开放地图，非道路红线，不作为工程线位依据",
        "length_m": 158.12
      },
      "geometry": {
        "type": "LineString",
        "coordinates": [
          [
            116.3485388,
            39.9671836
          ],
          [
            116.3485703,
            39.9672104
          ],
          [
            116.3486025,
            39.9672135
          ],
          [
            116.3486222,
            39.9672144
          ],
          [
            116.3486682,
            39.9672166
          ],
          [
            116.3487205,
            39.9672135
          ],
          [
            116.3488197,
            39.9672083
          ],
          [
            116.3496905,
            39.9668792
          ],
          [
            116.3497982,
            39.9667864
          ],
          [
            116.3498303,
            39.9666925
          ],
          [
            116.349794,
            39.9665965
          ],
          [
            116.3497848,
            39.9665722
          ],
          [
            116.3496731,
            39.9665171
          ]
        ]
      }
    },
    {
      "type": "Feature",
      "id": "ROAD-0093",
      "properties": {
        "id": "ROAD-0093",
        "layer": "ROAD_CENTERLINE",
        "source_type": "osm",
        "confidence": "medium",
        "geometry_role": "existing_condition",
        "road_class": "branch",
        "name_zh": "北三环西路",
        "osmid": "w120492003",
        "evidence_level_zh": "第三方开放地图，非道路红线，不作为工程线位依据",
        "length_m": 203.6
      },
      "geometry": {
        "type": "LineString",
        "coordinates": [
          [
            116.3490955,
            39.9665205
          ],
          [
            116.3467125,
            39.9665115
          ]
        ]
      }
    },
    {
      "type": "Feature",
      "id": "ROAD-0094",
      "properties": {
        "id": "ROAD-0094",
        "layer": "ROAD_CENTERLINE",
        "source_type": "osm",
        "confidence": "medium",
        "geometry_role": "existing_condition",
        "road_class": "expressway",
        "name_zh": "学院路",
        "osmid": "w120492004",
        "evidence_level_zh": "第三方开放地图，非道路红线，不作为工程线位依据",
        "length_m": 198.99
      },
      "geometry": {
        "type": "LineString",
        "coordinates": [
          [
            116.3479189,
            39.9763161
          ],
          [
            116.3478219,
            39.9778395
          ],
          [
            116.3478337,
            39.9781062
          ]
        ]
      }
    },
    {
      "type": "Feature",
      "id": "ROAD-0095",
      "properties": {
        "id": "ROAD-0095",
        "layer": "ROAD_CENTERLINE",
        "source_type": "osm",
        "confidence": "medium",
        "geometry_role": "existing_condition",
        "road_class": "expressway",
        "name_zh": "西土城路",
        "osmid": "w120492007",
        "evidence_level_zh": "第三方开放地图，非道路红线，不作为工程线位依据",
        "length_m": 150.57
      },
      "geometry": {
        "type": "LineString",
        "coordinates": [
          [
            116.3488619,
            39.9585562
          ],
          [
            116.3488127,
            39.9599117
          ]
        ]
      }
    },
    {
      "type": "Feature",
      "id": "ROAD-0096",
      "properties": {
        "id": "ROAD-0096",
        "layer": "ROAD_CENTERLINE",
        "source_type": "osm",
        "confidence": "medium",
        "geometry_role": "existing_condition",
        "road_class": "expressway",
        "name_zh": "西土城路",
        "osmid": "w120492008",
        "evidence_level_zh": "第三方开放地图，非道路红线，不作为工程线位依据",
        "length_m": 356.53
      },
      "geometry": {
        "type": "LineString",
        "coordinates": [
          [
            116.3468762,
            39.9735287
          ],
          [
            116.3469513,
            39.9718495
          ],
          [
            116.3469875,
            39.9703191
          ]
        ]
      }
    },
    {
      "type": "Feature",
      "id": "ROAD-0097",
      "properties": {
        "id": "ROAD-0097",
        "layer": "ROAD_CENTERLINE",
        "source_type": "osm",
        "confidence": "medium",
        "geometry_role": "existing_condition",
        "road_class": "expressway",
        "name_zh": "西直门北大街",
        "osmid": "w120492009",
        "evidence_level_zh": "第三方开放地图，非道路红线，不作为工程线位依据",
        "length_m": 103.58
      },
      "geometry": {
        "type": "LineString",
        "coordinates": [
          [
            116.3498106,
            39.9488527
          ],
          [
            116.3499025,
            39.948514
          ],
          [
            116.3499913,
            39.9479312
          ]
        ]
      }
    },
    {
      "type": "Feature",
      "id": "ROAD-0098",
      "properties": {
        "id": "ROAD-0098",
        "layer": "ROAD_CENTERLINE",
        "source_type": "osm",
        "confidence": "medium",
        "geometry_role": "existing_condition",
        "road_class": "expressway",
        "name_zh": "西直门北大街",
        "osmid": "w120492010",
        "evidence_level_zh": "第三方开放地图，非道路红线，不作为工程线位依据",
        "length_m": 237.83
      },
      "geometry": {
        "type": "LineString",
        "coordinates": [
          [
            116.3499378,
            39.9488665
          ],
          [
            116.3496843,
            39.949634
          ],
          [
            116.3493638,
            39.9506158
          ],
          [
            116.3492859,
            39.9509481
          ]
        ]
      }
    },
    {
      "type": "Feature",
      "id": "ROAD-0099",
      "properties": {
        "id": "ROAD-0099",
        "layer": "ROAD_CENTERLINE",
        "source_type": "osm",
        "confidence": "medium",
        "geometry_role": "existing_condition",
        "road_class": "expressway",
        "name_zh": "西直门北大街",
        "osmid": "w120492012",
        "evidence_level_zh": "第三方开放地图，非道路红线，不作为工程线位依据",
        "length_m": 237.62
      },
      "geometry": {
        "type": "LineString",
        "coordinates": [
          [
            116.3491743,
            39.9509355
          ],
          [
            116.3492601,
            39.9505988
          ],
          [
            116.3495891,
            39.9496015
          ],
          [
            116.3498106,
            39.9488527
          ]
        ]
      }
    },
    {
      "type": "Feature",
      "id": "ROAD-0100",
      "properties": {
        "id": "ROAD-0100",
        "layer": "ROAD_CENTERLINE",
        "source_type": "osm",
        "confidence": "medium",
        "geometry_role": "existing_condition",
        "road_class": "expressway",
        "name_zh": "西直门北大街",
        "osmid": "w120492014",
        "evidence_level_zh": "第三方开放地图，非道路红线，不作为工程线位依据",
        "length_m": 309.08
      },
      "geometry": {
        "type": "LineString",
        "coordinates": [
          [
            116.3492859,
            39.9509481
          ],
          [
            116.3492006,
            39.9513078
          ],
          [
            116.3491335,
            39.9518333
          ],
          [
            116.3490723,
            39.953105
          ],
          [
            116.3490458,
            39.953722
          ]
        ]
      }
    },
    {
      "type": "Feature",
      "id": "ROAD-0101",
      "properties": {
        "id": "ROAD-0101",
        "layer": "ROAD_CENTERLINE",
        "source_type": "osm",
        "confidence": "medium",
        "geometry_role": "existing_condition",
        "road_class": "arterial",
        "name_zh": "学清路",
        "osmid": "w121100408",
        "evidence_level_zh": "第三方开放地图，非道路红线，不作为工程线位依据",
        "length_m": 661.63
      },
      "geometry": {
        "type": "LineString",
        "coordinates": [
          [
            116.3462909,
            40.0080764
          ],
          [
            116.3462054,
            40.0096618
          ],
          [
            116.3461307,
            40.0110459
          ],
          [
            116.3460849,
            40.0120789
          ],
          [
            116.3460944,
            40.0122597
          ],
          [
            116.3460927,
            40.0124242
          ],
          [
            116.3460758,
            40.0130284
          ],
          [
            116.346061,
            40.0131416
          ],
          [
            116.346006,
            40.0133775
          ],
          [
            116.3459839,
            40.0137457
          ],
          [
            116.3459816,
            40.0137936
          ],
          [
            116.3459762,
            40.0139026
          ],
          [
            116.3460619,
            40.0140077
          ]
        ]
      }
    },
    {
      "type": "Feature",
      "id": "ROAD-0102",
      "properties": {
        "id": "ROAD-0102",
        "layer": "ROAD_CENTERLINE",
        "source_type": "osm",
        "confidence": "medium",
        "geometry_role": "existing_condition",
        "road_class": "arterial",
        "name_zh": "学院路",
        "osmid": "w121100409",
        "evidence_level_zh": "第三方开放地图，非道路红线，不作为工程线位依据",
        "length_m": 838.35
      },
      "geometry": {
        "type": "LineString",
        "coordinates": [
          [
            116.3464221,
            39.9995711
          ],
          [
            116.3464228,
            39.9994753
          ],
          [
            116.3464234,
            39.9994031
          ],
          [
            116.346424,
            39.9993237
          ],
          [
            116.3464728,
            39.9984372
          ],
          [
            116.3465094,
            39.997752
          ],
          [
            116.3465331,
            39.9975496
          ],
          [
            116.3466227,
            39.9957596
          ],
          [
            116.3466311,
            39.9955906
          ],
          [
            116.3467246,
            39.9937217
          ],
          [
            116.346879,
            39.9922312
          ],
          [
            116.3468938,
            39.9920982
          ],
          [
            116.3468982,
            39.9920314
          ]
        ]
      }
    },
    {
      "type": "Feature",
      "id": "ROAD-0103",
      "properties": {
        "id": "ROAD-0103",
        "layer": "ROAD_CENTERLINE",
        "source_type": "osm",
        "confidence": "medium",
        "geometry_role": "existing_condition",
        "road_class": "expressway",
        "name_zh": "京藏高速",
        "osmid": "w121399160",
        "evidence_level_zh": "第三方开放地图，非道路红线，不作为工程线位依据",
        "length_m": 1090.17
      },
      "geometry": {
        "type": "LineString",
        "coordinates": [
          [
            116.3545466,
            40.0127539
          ],
          [
            116.3543879,
            40.0129538
          ],
          [
            116.3495547,
            40.0191978
          ],
          [
            116.3485828,
            40.0204632
          ],
          [
            116.348079,
            40.0212175
          ]
        ]
      }
    },
    {
      "type": "Feature",
      "id": "ROAD-0104",
      "properties": {
        "id": "ROAD-0104",
        "layer": "ROAD_CENTERLINE",
        "source_type": "osm",
        "confidence": "medium",
        "geometry_role": "existing_condition",
        "road_class": "arterial",
        "name_zh": "石板房南路",
        "osmid": "w121399195",
        "evidence_level_zh": "第三方开放地图，非道路红线，不作为工程线位依据",
        "length_m": 528.17
      },
      "geometry": {
        "type": "LineString",
        "coordinates": [
          [
            116.3525528,
            40.0068934
          ],
          [
            116.3524999,
            40.0068892
          ],
          [
            116.3512481,
            40.0067523
          ],
          [
            116.3508475,
            40.0067308
          ],
          [
            116.348976,
            40.0066241
          ],
          [
            116.3488943,
            40.0066195
          ],
          [
            116.3478334,
            40.006559
          ],
          [
            116.3477479,
            40.0065541
          ],
          [
            116.3466184,
            40.0064897
          ],
          [
            116.3465743,
            40.0064855
          ],
          [
            116.3463945,
            40.0064685
          ]
        ]
      }
    },
    {
      "type": "Feature",
      "id": "ROAD-0105",
      "properties": {
        "id": "ROAD-0105",
        "layer": "ROAD_CENTERLINE",
        "source_type": "osm",
        "confidence": "medium",
        "geometry_role": "existing_condition",
        "road_class": "arterial",
        "name_zh": "石板房南路",
        "osmid": "w121399196",
        "evidence_level_zh": "第三方开放地图，非道路红线，不作为工程线位依据",
        "length_m": 523.98
      },
      "geometry": {
        "type": "LineString",
        "coordinates": [
          [
            116.3465087,
            40.0063658
          ],
          [
            116.34658,
            40.0063698
          ],
          [
            116.3509216,
            40.0066142
          ],
          [
            116.3513582,
            40.0066388
          ],
          [
            116.3524359,
            40.0067661
          ],
          [
            116.3525462,
            40.0067814
          ],
          [
            116.3526161,
            40.0067928
          ]
        ]
      }
    },
    {
      "type": "Feature",
      "id": "ROAD-0106",
      "properties": {
        "id": "ROAD-0106",
        "layer": "ROAD_CENTERLINE",
        "source_type": "osm",
        "confidence": "medium",
        "geometry_role": "existing_condition",
        "road_class": "branch",
        "name_zh": "林业大学北路",
        "osmid": "w121399199",
        "evidence_level_zh": "第三方开放地图，非道路红线，不作为工程线位依据",
        "length_m": 120.96
      },
      "geometry": {
        "type": "LineString",
        "coordinates": [
          [
            116.3447267,
            40.0063477
          ],
          [
            116.3449696,
            40.0063066
          ],
          [
            116.3458953,
            40.0063126
          ],
          [
            116.3459356,
            40.0063129
          ],
          [
            116.3460263,
            40.0063135
          ],
          [
            116.3461337,
            40.0063353
          ]
        ]
      }
    },
    {
      "type": "Feature",
      "id": "ROAD-0107",
      "properties": {
        "id": "ROAD-0107",
        "layer": "ROAD_CENTERLINE",
        "source_type": "osm",
        "confidence": "medium",
        "geometry_role": "existing_condition",
        "road_class": "branch",
        "name_zh": "北四环中路",
        "osmid": "w121399210",
        "evidence_level_zh": "第三方开放地图，非道路红线，不作为工程线位依据",
        "length_m": 227.51
      },
      "geometry": {
        "type": "LineString",
        "coordinates": [
          [
            116.3504939,
            39.9853809
          ],
          [
            116.3509252,
            39.9853879
          ],
          [
            116.3511741,
            39.9853889
          ],
          [
            116.3518735,
            39.9854172
          ],
          [
            116.3531549,
            39.9854653
          ]
        ]
      }
    },
    {
      "type": "Feature",
      "id": "ROAD-0108",
      "properties": {
        "id": "ROAD-0108",
        "layer": "ROAD_CENTERLINE",
        "source_type": "osm",
        "confidence": "medium",
        "geometry_role": "existing_condition",
        "road_class": "secondary",
        "name_zh": "清华东路",
        "osmid": "w121510221",
        "evidence_level_zh": "第三方开放地图，非道路红线，不作为工程线位依据",
        "length_m": 613.66
      },
      "geometry": {
        "type": "LineString",
        "coordinates": [
          [
            116.3466551,
            39.9995895
          ],
          [
            116.346831,
            39.9995956
          ],
          [
            116.3469281,
            39.9995999
          ],
          [
            116.3497773,
            39.9996855
          ],
          [
            116.3498139,
            39.9996866
          ],
          [
            116.351014,
            39.9997272
          ],
          [
            116.3517073,
            39.9997423
          ],
          [
            116.3537722,
            39.9997871
          ],
          [
            116.3538362,
            39.9997892
          ]
        ]
      }
    },
    {
      "type": "Feature",
      "id": "ROAD-0109",
      "properties": {
        "id": "ROAD-0109",
        "layer": "ROAD_CENTERLINE",
        "source_type": "osm",
        "confidence": "medium",
        "geometry_role": "existing_condition",
        "road_class": "branch",
        "name_zh": "林业大学北路",
        "osmid": "w121510222",
        "evidence_level_zh": "第三方开放地图，非道路红线，不作为工程线位依据",
        "length_m": 123.02
      },
      "geometry": {
        "type": "LineString",
        "coordinates": [
          [
            116.3461515,
            40.0064562
          ],
          [
            116.3460797,
            40.0064299
          ],
          [
            116.3459625,
            40.006426
          ],
          [
            116.3449636,
            40.0063927
          ],
          [
            116.3447267,
            40.0063477
          ]
        ]
      }
    },
    {
      "type": "Feature",
      "id": "ROAD-0110",
      "properties": {
        "id": "ROAD-0110",
        "layer": "ROAD_CENTERLINE",
        "source_type": "osm",
        "confidence": "medium",
        "geometry_role": "existing_condition",
        "road_class": "branch",
        "name_zh": "林业大学北路",
        "osmid": "w121510223",
        "evidence_level_zh": "第三方开放地图，非道路红线，不作为工程线位依据",
        "length_m": 173.69
      },
      "geometry": {
        "type": "LineString",
        "coordinates": [
          [
            116.3447267,
            40.0063477
          ],
          [
            116.3447092,
            40.0063477
          ],
          [
            116.3445725,
            40.0063477
          ],
          [
            116.3431753,
            40.0063478
          ],
          [
            116.3426926,
            40.0063478
          ]
        ]
      }
    },
    {
      "type": "Feature",
      "id": "ROAD-0111",
      "properties": {
        "id": "ROAD-0111",
        "layer": "ROAD_CENTERLINE",
        "source_type": "osm",
        "confidence": "medium",
        "geometry_role": "existing_condition",
        "road_class": "secondary",
        "name_zh": "清华东路",
        "osmid": "w121510224",
        "evidence_level_zh": "第三方开放地图，非道路红线，不作为工程线位依据",
        "length_m": 439.54
      },
      "geometry": {
        "type": "LineString",
        "coordinates": [
          [
            116.3412775,
            39.9994538
          ],
          [
            116.3425507,
            39.9994916
          ],
          [
            116.3425943,
            39.9994927
          ],
          [
            116.3426726,
            39.9994946
          ],
          [
            116.3429124,
            39.9994991
          ],
          [
            116.3437537,
            39.9995201
          ],
          [
            116.3443854,
            39.9995359
          ],
          [
            116.3461359,
            39.9995679
          ],
          [
            116.3461752,
            39.9995685
          ],
          [
            116.3462821,
            39.9995695
          ],
          [
            116.3464221,
            39.9995711
          ]
        ]
      }
    },
    {
      "type": "Feature",
      "id": "ROAD-0112",
      "properties": {
        "id": "ROAD-0112",
        "layer": "ROAD_CENTERLINE",
        "source_type": "osm",
        "confidence": "medium",
        "geometry_role": "existing_condition",
        "road_class": "branch",
        "name_zh": "学清路",
        "osmid": "w121510226",
        "evidence_level_zh": "第三方开放地图，非道路红线，不作为工程线位依据",
        "length_m": 651.99
      },
      "geometry": {
        "type": "LineString",
        "coordinates": [
          [
            116.3468248,
            39.9997012
          ],
          [
            116.3468173,
            39.9997927
          ],
          [
            116.346808,
            39.9998932
          ],
          [
            116.3467953,
            40.0002554
          ],
          [
            116.3467574,
            40.0016811
          ],
          [
            116.3465553,
            40.0054572
          ],
          [
            116.3465509,
            40.0055688
          ]
        ]
      }
    },
    {
      "type": "Feature",
      "id": "ROAD-0113",
      "properties": {
        "id": "ROAD-0113",
        "layer": "ROAD_CENTERLINE",
        "source_type": "osm",
        "confidence": "medium",
        "geometry_role": "existing_condition",
        "road_class": "branch",
        "name_zh": "小月河西路",
        "osmid": "w121510284",
        "evidence_level_zh": "第三方开放地图，非道路红线，不作为工程线位依据",
        "length_m": 278.37
      },
      "geometry": {
        "type": "LineString",
        "coordinates": [
          [
            116.3541013,
            40.0046277
          ],
          [
            116.3528204,
            40.0060301
          ],
          [
            116.3524574,
            40.0067195
          ],
          [
            116.3524359,
            40.0067661
          ]
        ]
      }
    },
    {
      "type": "Feature",
      "id": "ROAD-0114",
      "properties": {
        "id": "ROAD-0114",
        "layer": "ROAD_CENTERLINE",
        "source_type": "osm",
        "confidence": "medium",
        "geometry_role": "existing_condition",
        "road_class": "arterial",
        "name_zh": "现状道路中心线（OSM 提取）",
        "osmid": "w121980931",
        "evidence_level_zh": "第三方开放地图，非道路红线，不作为工程线位依据",
        "length_m": 70.32
      },
      "geometry": {
        "type": "LineString",
        "coordinates": [
          [
            116.3481255,
            39.9752192
          ],
          [
            116.3473024,
            39.975213
          ]
        ]
      }
    },
    {
      "type": "Feature",
      "id": "ROAD-0115",
      "properties": {
        "id": "ROAD-0115",
        "layer": "ROAD_CENTERLINE",
        "source_type": "osm",
        "confidence": "medium",
        "geometry_role": "existing_condition",
        "road_class": "expressway",
        "name_zh": "北四环中路",
        "osmid": "w121988943",
        "evidence_level_zh": "第三方开放地图，非道路红线，不作为工程线位依据",
        "length_m": 310.27
      },
      "geometry": {
        "type": "LineString",
        "coordinates": [
          [
            116.3403566,
            39.9851806
          ],
          [
            116.3418289,
            39.9852094
          ],
          [
            116.3439853,
            39.9853012
          ]
        ]
      }
    },
    {
      "type": "Feature",
      "id": "ROAD-0116",
      "properties": {
        "id": "ROAD-0116",
        "layer": "ROAD_CENTERLINE",
        "source_type": "osm",
        "confidence": "medium",
        "geometry_role": "existing_condition",
        "road_class": "secondary",
        "name_zh": "高梁桥",
        "osmid": "w122090120",
        "evidence_level_zh": "第三方开放地图，非道路红线，不作为工程线位依据",
        "length_m": 68.07
      },
      "geometry": {
        "type": "LineString",
        "coordinates": [
          [
            116.3449998,
            39.9421728
          ],
          [
            116.3451445,
            39.9419455
          ],
          [
            116.3453061,
            39.9416078
          ]
        ]
      }
    },
    {
      "type": "Feature",
      "id": "ROAD-0117",
      "properties": {
        "id": "ROAD-0117",
        "layer": "ROAD_CENTERLINE",
        "source_type": "osm",
        "confidence": "medium",
        "geometry_role": "existing_condition",
        "road_class": "branch",
        "name_zh": "西土城路",
        "osmid": "w122090126",
        "evidence_level_zh": "第三方开放地图，非道路红线，不作为工程线位依据",
        "length_m": 114.51
      },
      "geometry": {
        "type": "LineString",
        "coordinates": [
          [
            116.3486279,
            39.9656868
          ],
          [
            116.348621,
            39.9657991
          ],
          [
            116.348562,
            39.9667168
          ]
        ]
      }
    },
    {
      "type": "Feature",
      "id": "ROAD-0118",
      "properties": {
        "id": "ROAD-0118",
        "layer": "ROAD_CENTERLINE",
        "source_type": "osm",
        "confidence": "medium",
        "geometry_role": "existing_condition",
        "road_class": "expressway",
        "name_zh": "北四环中路",
        "osmid": "w122345938",
        "evidence_level_zh": "第三方开放地图，非道路红线，不作为工程线位依据",
        "length_m": 308.38
      },
      "geometry": {
        "type": "LineString",
        "coordinates": [
          [
            116.3439757,
            39.9854679
          ],
          [
            116.3417903,
            39.9853893
          ],
          [
            116.3403683,
            39.9853608
          ]
        ]
      }
    },
    {
      "type": "Feature",
      "id": "ROAD-0119",
      "properties": {
        "id": "ROAD-0119",
        "layer": "ROAD_CENTERLINE",
        "source_type": "osm",
        "confidence": "medium",
        "geometry_role": "existing_condition",
        "road_class": "branch",
        "name_zh": "西直门北大街",
        "osmid": "w127169798",
        "evidence_level_zh": "第三方开放地图，非道路红线，不作为工程线位依据",
        "length_m": 579.94
      },
      "geometry": {
        "type": "LineString",
        "coordinates": [
          [
            116.3496277,
            39.9390002
          ],
          [
            116.3496194,
            39.9392808
          ],
          [
            116.3496194,
            39.9393165
          ],
          [
            116.3496204,
            39.9393492
          ],
          [
            116.3496218,
            39.9393815
          ],
          [
            116.3496243,
            39.9394169
          ],
          [
            116.3496271,
            39.9394449
          ],
          [
            116.3496314,
            39.9394741
          ],
          [
            116.3496415,
            39.9395291
          ],
          [
            116.3496869,
            39.9397427
          ],
          [
            116.3496913,
            39.9397664
          ],
          [
            116.3496957,
            39.9397953
          ],
          [
            116.349699,
            39.9398221
          ],
          [
            116.3497018,
            39.9398486
          ],
          [
            116.349704,
            39.939875
          ],
          [
            116.3497055,
            39.9399016
          ],
          [
            116.3497059,
            39.9399283
          ],
          [
            116.3497056,
            39.9399438
          ],
          [
            116.3497049,
            39.9399593
          ],
          [
            116.3497027,
            39.9399912
          ],
          [
            116.3496994,
            39.9400413
          ],
          [
            116.3496961,
            39.9400919
          ],
          [
            116.3496782,
            39.9402847
          ],
          [
            116.3496766,
            39.9403129
          ],
          [
            116.3496756,
            39.9403397
          ],
          [
            116.3496752,
            39.9403658
          ],
          [
            116.3496754,
            39.9403923
          ],
          [
            116.3496759,
            39.9404192
          ],
          [
            116.3496769,
            39.9404462
          ],
          [
            116.3496786,
            39.9404733
          ],
          [
            116.3496803,
            39.9405002
          ],
          [
            116.349683,
            39.9405307
          ],
          [
            116.3496856,
            39.9405583
          ],
          [
            116.3496893,
            39.9405878
          ],
          [
            116.3496935,
            39.9406163
          ],
          [
            116.3496982,
            39.9406451
          ],
          [
            116.349703,
            39.9406739
          ],
          [
            116.3497077,
            39.9407026
          ],
          [
            116.3497137,
            39.9407329
          ],
          [
            116.3497209,
            39.9407645
          ],
          [
            116.3497275,
            39.9407957
          ],
          [
            116.3497353,
            39.9408286
          ],
          [
            116.3497444,
            39.9408614
          ],
          [
            116.3497525,
            39.9408916
          ],
          [
            116.3497611,
            39.9409228
          ],
          [
            116.3497699,
            39.9409532
          ],
          [
            116.3497787,
            39.9409836
          ],
          [
            116.3497885,
            39.9410151
          ],
          [
            116.3497998,
            39.9410466
          ],
          [
            116.3498119,
            39.9410782
          ],
          [
            116.3498255,
            39.9411115
          ],
          [
            116.3498372,
            39.9411395
          ],
          [
            116.3498496,
            39.9411699
          ],
          [
            116.3498629,
            39.9411984
          ],
          [
            116.3498769,
            39.9412288
          ],
          [
            116.349904,
            39.9412836
          ],
          [
            116.3499327,
            39.9413396
          ],
          [
            116.3499629,
            39.9413939
          ],
          [
            116.3499962,
            39.9414481
          ],
          [
            116.3500302,
            39.9415009
          ],
          [
            116.3500659,
            39.9415536
          ],
          [
            116.350103,
            39.9416049
          ],
          [
            116.3501427,
            39.9416558
          ],
          [
            116.3501711,
            39.9416899
          ],
          [
            116.3502006,
            39.9417239
          ],
          [
            116.3502307,
            39.9417578
          ],
          [
            116.350245,
            39.9417733
          ],
          [
            116.3502619,
            39.9417916
          ],
          [
            116.3502929,
            39.9418255
          ],
          [
            116.350325,
            39.9418593
          ],
          [
            116.3503575,
            39.9418932
          ],
          [
            116.350391,
            39.9419271
          ],
          [
            116.3504336,
            39.9419689
          ],
          [
            116.3504752,
            39.9420085
          ],
          [
            116.3505193,
            39.942048
          ],
          [
            116.3505654,
            39.9420876
          ],
          [
            116.3506128,
            39.9421257
          ],
          [
            116.3506633,
            39.9421631
          ],
          [
            116.3507148,
            39.9422004
          ],
          [
            116.3507663,
            39.9422362
          ],
          [
            116.350829,
            39.9422773
          ],
          [
            116.3508938,
            39.9423175
          ],
          [
            116.3509606,
            39.9423578
          ],
          [
            116.3510289,
            39.9423969
          ],
          [
            116.3511037,
            39.9424373
          ],
          [
            116.351179,
            39.9424758
          ],
          [
            116.3512615,
            39.9425143
          ],
          [
            116.3513419,
            39.9425504
          ],
          [
            116.35143,
            39.942589
          ],
          [
            116.3515202,
            39.9426267
          ],
          [
            116.3515956,
            39.9426567
          ],
          [
            116.3516741,
            39.9426867
          ],
          [
            116.3517571,
            39.9427185
          ],
          [
            116.3518431,
            39.9427503
          ],
          [
            116.3519417,
            39.9427856
          ],
          [
            116.3520253,
            39.9428139
          ],
          [
            116.352189,
            39.9428643
          ],
          [
            116.3523632,
            39.9429175
          ],
          [
            116.3527593,
            39.9430389
          ]
        ]
      }
    },
    {
      "type": "Feature",
      "id": "ROAD-0120",
      "properties": {
        "id": "ROAD-0120",
        "layer": "ROAD_CENTERLINE",
        "source_type": "osm",
        "confidence": "medium",
        "geometry_role": "existing_condition",
        "road_class": "expressway",
        "name_zh": "西二环",
        "osmid": "w128009698",
        "evidence_level_zh": "第三方开放地图，非道路红线，不作为工程线位依据",
        "length_m": 140.75
      },
      "geometry": {
        "type": "LineString",
        "coordinates": [
          [
            116.3494332,
            39.9390002
          ],
          [
            116.3494018,
            39.9397847
          ],
          [
            116.3493751,
            39.940267
          ]
        ]
      }
    },
    {
      "type": "Feature",
      "id": "ROAD-0121",
      "properties": {
        "id": "ROAD-0121",
        "layer": "ROAD_CENTERLINE",
        "source_type": "osm",
        "confidence": "medium",
        "geometry_role": "existing_condition",
        "road_class": "secondary",
        "name_zh": "高梁桥路",
        "osmid": "w135257989",
        "evidence_level_zh": "第三方开放地图，非道路红线，不作为工程线位依据",
        "length_m": 218.9
      },
      "geometry": {
        "type": "LineString",
        "coordinates": [
          [
            116.3454375,
            39.9409844
          ],
          [
            116.3455842,
            39.9401615
          ],
          [
            116.3457549,
            39.9391608
          ],
          [
            116.3457762,
            39.9390303
          ]
        ]
      }
    },
    {
      "type": "Feature",
      "id": "ROAD-0122",
      "properties": {
        "id": "ROAD-0122",
        "layer": "ROAD_CENTERLINE",
        "source_type": "osm",
        "confidence": "medium",
        "geometry_role": "existing_condition",
        "road_class": "branch",
        "name_zh": "西土城路",
        "osmid": "w136702242",
        "evidence_level_zh": "第三方开放地图，非道路红线，不作为工程线位依据",
        "length_m": 503.4
      },
      "geometry": {
        "type": "LineString",
        "coordinates": [
          [
            116.3472549,
            39.9751157
          ],
          [
            116.3472111,
            39.9750275
          ],
          [
            116.347134,
            39.9748757
          ],
          [
            116.3469097,
            39.9744672
          ],
          [
            116.3467868,
            39.9741287
          ],
          [
            116.3467366,
            39.973831
          ],
          [
            116.3467498,
            39.9730825
          ],
          [
            116.3467511,
            39.9728333
          ],
          [
            116.3467665,
            39.9719708
          ],
          [
            116.3467827,
            39.9714321
          ],
          [
            116.3467859,
            39.9713247
          ],
          [
            116.3467927,
            39.9710974
          ],
          [
            116.3468092,
            39.9706505
          ]
        ]
      }
    },
    {
      "type": "Feature",
      "id": "ROAD-0123",
      "properties": {
        "id": "ROAD-0123",
        "layer": "ROAD_CENTERLINE",
        "source_type": "osm",
        "confidence": "medium",
        "geometry_role": "existing_condition",
        "road_class": "branch",
        "name_zh": "西直门北大街",
        "osmid": "w136702245",
        "evidence_level_zh": "第三方开放地图，非道路红线，不作为工程线位依据",
        "length_m": 215.03
      },
      "geometry": {
        "type": "LineString",
        "coordinates": [
          [
            116.350309,
            39.9439774
          ],
          [
            116.3503072,
            39.9447359
          ],
          [
            116.3502978,
            39.9459139
          ]
        ]
      }
    },
    {
      "type": "Feature",
      "id": "ROAD-0124",
      "properties": {
        "id": "ROAD-0124",
        "layer": "ROAD_CENTERLINE",
        "source_type": "osm",
        "confidence": "medium",
        "geometry_role": "existing_condition",
        "road_class": "branch",
        "name_zh": "德胜门西大街",
        "osmid": "w136706764",
        "evidence_level_zh": "第三方开放地图，非道路红线，不作为工程线位依据",
        "length_m": 230.21
      },
      "geometry": {
        "type": "LineString",
        "coordinates": [
          [
            116.3527593,
            39.9430389
          ],
          [
            116.3532512,
            39.9431625
          ],
          [
            116.3541426,
            39.9434093
          ],
          [
            116.3548263,
            39.943595
          ],
          [
            116.3549713,
            39.9436354
          ],
          [
            116.3553,
            39.943727
          ]
        ]
      }
    },
    {
      "type": "Feature",
      "id": "ROAD-0125",
      "properties": {
        "id": "ROAD-0125",
        "layer": "ROAD_CENTERLINE",
        "source_type": "osm",
        "confidence": "medium",
        "geometry_role": "existing_condition",
        "road_class": "expressway",
        "name_zh": "西土城路",
        "osmid": "w136867393",
        "evidence_level_zh": "第三方开放地图，非道路红线，不作为工程线位依据",
        "length_m": 357.06
      },
      "geometry": {
        "type": "LineString",
        "coordinates": [
          [
            116.3469875,
            39.9703191
          ],
          [
            116.3470422,
            39.9689807
          ],
          [
            116.347054,
            39.9687726
          ],
          [
            116.3472438,
            39.9678969
          ],
          [
            116.3473067,
            39.9671179
          ]
        ]
      }
    },
    {
      "type": "Feature",
      "id": "ROAD-0126",
      "properties": {
        "id": "ROAD-0126",
        "layer": "ROAD_CENTERLINE",
        "source_type": "osm",
        "confidence": "medium",
        "geometry_role": "existing_condition",
        "road_class": "expressway",
        "name_zh": "学院路",
        "osmid": "w136867394",
        "evidence_level_zh": "第三方开放地图，非道路红线，不作为工程线位依据",
        "length_m": 180.46
      },
      "geometry": {
        "type": "LineString",
        "coordinates": [
          [
            116.3477269,
            39.9779404
          ],
          [
            116.3477942,
            39.976316
          ]
        ]
      }
    },
    {
      "type": "Feature",
      "id": "ROAD-0127",
      "properties": {
        "id": "ROAD-0127",
        "layer": "ROAD_CENTERLINE",
        "source_type": "osm",
        "confidence": "medium",
        "geometry_role": "existing_condition",
        "road_class": "arterial",
        "name_zh": "学院路",
        "osmid": "w136867395",
        "evidence_level_zh": "第三方开放地图，非道路红线，不作为工程线位依据",
        "length_m": 425.98
      },
      "geometry": {
        "type": "LineString",
        "coordinates": [
          [
            116.3469037,
            39.9919405
          ],
          [
            116.3468989,
            39.9918542
          ],
          [
            116.3469883,
            39.9895027
          ],
          [
            116.3469985,
            39.9893043
          ],
          [
            116.3470686,
            39.9881066
          ]
        ]
      }
    },
    {
      "type": "Feature",
      "id": "ROAD-0128",
      "properties": {
        "id": "ROAD-0128",
        "layer": "ROAD_CENTERLINE",
        "source_type": "osm",
        "confidence": "medium",
        "geometry_role": "existing_condition",
        "road_class": "branch",
        "name_zh": "学院路",
        "osmid": "w136867413",
        "evidence_level_zh": "第三方开放地图，非道路红线，不作为工程线位依据",
        "length_m": 70.37
      },
      "geometry": {
        "type": "LineString",
        "coordinates": [
          [
            116.3476711,
            39.9762586
          ],
          [
            116.3476312,
            39.9759973
          ],
          [
            116.3475168,
            39.9756373
          ]
        ]
      }
    },
    {
      "type": "Feature",
      "id": "ROAD-0129",
      "properties": {
        "id": "ROAD-0129",
        "layer": "ROAD_CENTERLINE",
        "source_type": "osm",
        "confidence": "medium",
        "geometry_role": "existing_condition",
        "road_class": "branch",
        "name_zh": "西土城路",
        "osmid": "w136867415",
        "evidence_level_zh": "第三方开放地图，非道路红线，不作为工程线位依据",
        "length_m": 300.38
      },
      "geometry": {
        "type": "LineString",
        "coordinates": [
          [
            116.3468092,
            39.9706505
          ],
          [
            116.3468687,
            39.9693117
          ],
          [
            116.3469537,
            39.9680869
          ],
          [
            116.3469573,
            39.9680188
          ],
          [
            116.3469537,
            39.9679479
          ]
        ]
      }
    },
    {
      "type": "Feature",
      "id": "ROAD-0130",
      "properties": {
        "id": "ROAD-0130",
        "layer": "ROAD_CENTERLINE",
        "source_type": "osm",
        "confidence": "medium",
        "geometry_role": "existing_condition",
        "road_class": "branch",
        "name_zh": "西土城路",
        "osmid": "w136867416",
        "evidence_level_zh": "第三方开放地图，非道路红线，不作为工程线位依据",
        "length_m": 529.08
      },
      "geometry": {
        "type": "LineString",
        "coordinates": [
          [
            116.3469898,
            39.9638749
          ],
          [
            116.3469973,
            39.9636802
          ],
          [
            116.3470281,
            39.9628953
          ],
          [
            116.3470437,
            39.9624989
          ],
          [
            116.3472303,
            39.9594521
          ],
          [
            116.3472461,
            39.9591143
          ]
        ]
      }
    },
    {
      "type": "Feature",
      "id": "ROAD-0131",
      "properties": {
        "id": "ROAD-0131",
        "layer": "ROAD_CENTERLINE",
        "source_type": "osm",
        "confidence": "medium",
        "geometry_role": "existing_condition",
        "road_class": "expressway",
        "name_zh": "西直门北大街",
        "osmid": "w136874855",
        "evidence_level_zh": "第三方开放地图，非道路红线，不作为工程线位依据",
        "length_m": 344.39
      },
      "geometry": {
        "type": "LineString",
        "coordinates": [
          [
            116.3499726,
            39.9433403
          ],
          [
            116.3499453,
            39.9428472
          ],
          [
            116.3499421,
            39.942767
          ],
          [
            116.3499372,
            39.9426856
          ],
          [
            116.3499342,
            39.9426459
          ],
          [
            116.3499295,
            39.942601
          ],
          [
            116.3499244,
            39.9425536
          ],
          [
            116.3499193,
            39.9425127
          ],
          [
            116.3499115,
            39.9424628
          ],
          [
            116.3499002,
            39.942413
          ],
          [
            116.3498889,
            39.9423662
          ],
          [
            116.3498741,
            39.9423181
          ],
          [
            116.3498601,
            39.9422781
          ],
          [
            116.3498444,
            39.9422382
          ],
          [
            116.3498276,
            39.9421978
          ],
          [
            116.3498124,
            39.9421638
          ],
          [
            116.3497948,
            39.9421259
          ],
          [
            116.3497771,
            39.9420881
          ],
          [
            116.3497598,
            39.9420526
          ],
          [
            116.3497426,
            39.9420197
          ],
          [
            116.3497236,
            39.9419862
          ],
          [
            116.3497038,
            39.941952
          ],
          [
            116.3496811,
            39.9419159
          ],
          [
            116.3496575,
            39.9418804
          ],
          [
            116.349633,
            39.9418443
          ],
          [
            116.3496086,
            39.9418082
          ],
          [
            116.3495802,
            39.9417657
          ],
          [
            116.3495501,
            39.9417232
          ],
          [
            116.3494974,
            39.9416448
          ],
          [
            116.3494726,
            39.9416057
          ],
          [
            116.3494479,
            39.9415665
          ],
          [
            116.3494267,
            39.9415298
          ],
          [
            116.3494064,
            39.9414918
          ],
          [
            116.3493865,
            39.9414514
          ],
          [
            116.3493674,
            39.9414097
          ],
          [
            116.3493506,
            39.9413689
          ],
          [
            116.3493338,
            39.9413268
          ],
          [
            116.3493145,
            39.9412744
          ],
          [
            116.349296,
            39.9412227
          ],
          [
            116.3492811,
            39.9411736
          ],
          [
            116.349267,
            39.9411174
          ],
          [
            116.3492585,
            39.9410765
          ],
          [
            116.3492501,
            39.9410304
          ],
          [
            116.3492416,
            39.9409854
          ],
          [
            116.3492328,
            39.9409314
          ],
          [
            116.3492282,
            39.9408949
          ],
          [
            116.3492236,
            39.9408544
          ],
          [
            116.3492208,
            39.940814
          ],
          [
            116.3492157,
            39.9407444
          ],
          [
            116.3492106,
            39.9406747
          ],
          [
            116.349206,
            39.9406059
          ],
          [
            116.3492005,
            39.9405355
          ],
          [
            116.3491944,
            39.9404791
          ],
          [
            116.3491883,
            39.9404274
          ],
          [
            116.3491771,
            39.9403395
          ]
        ]
      }
    },
    {
      "type": "Feature",
      "id": "ROAD-0132",
      "properties": {
        "id": "ROAD-0132",
        "layer": "ROAD_CENTERLINE",
        "source_type": "osm",
        "confidence": "medium",
        "geometry_role": "existing_condition",
        "road_class": "expressway",
        "name_zh": "西直门北大街",
        "osmid": "w136879322",
        "evidence_level_zh": "第三方开放地图，非道路红线，不作为工程线位依据",
        "length_m": 478.29
      },
      "geometry": {
        "type": "LineString",
        "coordinates": [
          [
            116.3501019,
            39.9433794
          ],
          [
            116.3501077,
            39.9434852
          ],
          [
            116.3501105,
            39.9435382
          ],
          [
            116.350115,
            39.9435911
          ],
          [
            116.3501193,
            39.9436449
          ],
          [
            116.3501236,
            39.9436975
          ],
          [
            116.3501287,
            39.9437501
          ],
          [
            116.3501337,
            39.9438027
          ],
          [
            116.3501402,
            39.9438703
          ],
          [
            116.3501467,
            39.943938
          ],
          [
            116.3501522,
            39.9440051
          ],
          [
            116.3501577,
            39.9440732
          ],
          [
            116.3501608,
            39.9441174
          ],
          [
            116.3501639,
            39.9441596
          ],
          [
            116.3501661,
            39.9442096
          ],
          [
            116.3501677,
            39.9442617
          ],
          [
            116.3501703,
            39.944346
          ],
          [
            116.3501698,
            39.9445851
          ],
          [
            116.3501458,
            39.9476852
          ]
        ]
      }
    },
    {
      "type": "Feature",
      "id": "ROAD-0133",
      "properties": {
        "id": "ROAD-0133",
        "layer": "ROAD_CENTERLINE",
        "source_type": "osm",
        "confidence": "medium",
        "geometry_role": "existing_condition",
        "road_class": "branch",
        "name_zh": "现状道路中心线（OSM 提取）",
        "osmid": "w136879970",
        "evidence_level_zh": "第三方开放地图，非道路红线，不作为工程线位依据",
        "length_m": 74.97
      },
      "geometry": {
        "type": "LineString",
        "coordinates": [
          [
            116.3477912,
            39.9852034
          ],
          [
            116.3477552,
            39.985878
          ]
        ]
      }
    },
    {
      "type": "Feature",
      "id": "ROAD-0134",
      "properties": {
        "id": "ROAD-0134",
        "layer": "ROAD_CENTERLINE",
        "source_type": "osm",
        "confidence": "medium",
        "geometry_role": "existing_condition",
        "road_class": "expressway",
        "name_zh": "北二环",
        "osmid": "w136965847",
        "evidence_level_zh": "第三方开放地图，非道路红线，不作为工程线位依据",
        "length_m": 231.74
      },
      "geometry": {
        "type": "LineString",
        "coordinates": [
          [
            116.3553,
            39.9439891
          ],
          [
            116.3535381,
            39.9435109
          ],
          [
            116.3527348,
            39.9433137
          ]
        ]
      }
    },
    {
      "type": "Feature",
      "id": "ROAD-0135",
      "properties": {
        "id": "ROAD-0135",
        "layer": "ROAD_CENTERLINE",
        "source_type": "osm",
        "confidence": "medium",
        "geometry_role": "existing_condition",
        "road_class": "branch",
        "name_zh": "文慧园西路",
        "osmid": "w139355437",
        "evidence_level_zh": "第三方开放地图，非道路红线，不作为工程线位依据",
        "length_m": 150.81
      },
      "geometry": {
        "type": "LineString",
        "coordinates": [
          [
            116.3553,
            39.9452998
          ],
          [
            116.3551755,
            39.9454243
          ],
          [
            116.3545083,
            39.9460913
          ],
          [
            116.3543215,
            39.9463037
          ],
          [
            116.3542433,
            39.9463871
          ]
        ]
      }
    },
    {
      "type": "Feature",
      "id": "ROAD-0136",
      "properties": {
        "id": "ROAD-0136",
        "layer": "ROAD_CENTERLINE",
        "source_type": "osm",
        "confidence": "medium",
        "geometry_role": "existing_condition",
        "road_class": "expressway",
        "name_zh": "西直门外大街",
        "osmid": "w139355452",
        "evidence_level_zh": "第三方开放地图，非道路红线，不作为工程线位依据",
        "length_m": 91.02
      },
      "geometry": {
        "type": "LineString",
        "coordinates": [
          [
            116.3478644,
            39.9390002
          ],
          [
            116.3479424,
            39.9390085
          ],
          [
            116.3481588,
            39.9390284
          ],
          [
            116.3483496,
            39.93904
          ],
          [
            116.348557,
            39.9390506
          ],
          [
            116.3487452,
            39.9390572
          ],
          [
            116.3489257,
            39.9390619
          ]
        ]
      }
    },
    {
      "type": "Feature",
      "id": "ROAD-0137",
      "properties": {
        "id": "ROAD-0137",
        "layer": "ROAD_CENTERLINE",
        "source_type": "osm",
        "confidence": "medium",
        "geometry_role": "existing_condition",
        "road_class": "branch",
        "name_zh": "现状道路中心线（OSM 提取）",
        "osmid": "w144780255",
        "evidence_level_zh": "第三方开放地图，非道路红线，不作为工程线位依据",
        "length_m": 78.57
      },
      "geometry": {
        "type": "LineString",
        "coordinates": [
          [
            116.3490091,
            39.9397076
          ],
          [
            116.3490338,
            39.9390002
          ]
        ]
      }
    },
    {
      "type": "Feature",
      "id": "ROAD-0138",
      "properties": {
        "id": "ROAD-0138",
        "layer": "ROAD_CENTERLINE",
        "source_type": "osm",
        "confidence": "medium",
        "geometry_role": "existing_condition",
        "road_class": "expressway",
        "name_zh": "西土城路",
        "osmid": "w144929505",
        "evidence_level_zh": "第三方开放地图，非道路红线，不作为工程线位依据",
        "length_m": 448.41
      },
      "geometry": {
        "type": "LineString",
        "coordinates": [
          [
            116.3488127,
            39.9599117
          ],
          [
            116.3487845,
            39.9603917
          ],
          [
            116.3486476,
            39.9626906
          ],
          [
            116.3485975,
            39.9638123
          ],
          [
            116.348596,
            39.9639465
          ]
        ]
      }
    },
    {
      "type": "Feature",
      "id": "ROAD-0139",
      "properties": {
        "id": "ROAD-0139",
        "layer": "ROAD_CENTERLINE",
        "source_type": "osm",
        "confidence": "medium",
        "geometry_role": "existing_condition",
        "road_class": "expressway",
        "name_zh": "西土城路",
        "osmid": "w144929506",
        "evidence_level_zh": "第三方开放地图，非道路红线，不作为工程线位依据",
        "length_m": 396.65
      },
      "geometry": {
        "type": "LineString",
        "coordinates": [
          [
            116.348596,
            39.9639465
          ],
          [
            116.3484929,
            39.9657862
          ],
          [
            116.3484421,
            39.9669666
          ],
          [
            116.3484318,
            39.9675163
          ]
        ]
      }
    },
    {
      "type": "Feature",
      "id": "ROAD-0140",
      "properties": {
        "id": "ROAD-0140",
        "layer": "ROAD_CENTERLINE",
        "source_type": "osm",
        "confidence": "medium",
        "geometry_role": "existing_condition",
        "road_class": "arterial",
        "name_zh": "学院路",
        "osmid": "w144929507",
        "evidence_level_zh": "第三方开放地图，非道路红线，不作为工程线位依据",
        "length_m": 839.41
      },
      "geometry": {
        "type": "LineString",
        "coordinates": [
          [
            116.3470967,
            39.9920384
          ],
          [
            116.3470934,
            39.9921043
          ],
          [
            116.3469129,
            39.9957942
          ],
          [
            116.3468464,
            39.9966023
          ],
          [
            116.3468382,
            39.996787
          ],
          [
            116.3468097,
            39.9970627
          ],
          [
            116.3468039,
            39.9971967
          ],
          [
            116.3466847,
            39.9987331
          ],
          [
            116.3466523,
            39.9993872
          ],
          [
            116.3466526,
            39.9994136
          ],
          [
            116.3466535,
            39.999478
          ],
          [
            116.3466551,
            39.9995895
          ]
        ]
      }
    },
    {
      "type": "Feature",
      "id": "ROAD-0141",
      "properties": {
        "id": "ROAD-0141",
        "layer": "ROAD_CENTERLINE",
        "source_type": "osm",
        "confidence": "medium",
        "geometry_role": "existing_condition",
        "road_class": "expressway",
        "name_zh": "学院路",
        "osmid": "w144929508",
        "evidence_level_zh": "第三方开放地图，非道路红线，不作为工程线位依据",
        "length_m": 294.17
      },
      "geometry": {
        "type": "LineString",
        "coordinates": [
          [
            116.3478337,
            39.9781062
          ],
          [
            116.3477917,
            39.9791062
          ],
          [
            116.3476957,
            39.9807533
          ]
        ]
      }
    },
    {
      "type": "Feature",
      "id": "ROAD-0142",
      "properties": {
        "id": "ROAD-0142",
        "layer": "ROAD_CENTERLINE",
        "source_type": "osm",
        "confidence": "medium",
        "geometry_role": "existing_condition",
        "road_class": "arterial",
        "name_zh": "知春路",
        "osmid": "w144929509",
        "evidence_level_zh": "第三方开放地图，非道路红线，不作为工程线位依据",
        "length_m": 648.86
      },
      "geometry": {
        "type": "LineString",
        "coordinates": [
          [
            116.3473024,
            39.975213
          ],
          [
            116.3461724,
            39.9751936
          ],
          [
            116.3442298,
            39.9751592
          ],
          [
            116.3420841,
            39.9751308
          ],
          [
            116.3397081,
            39.9751258
          ]
        ]
      }
    },
    {
      "type": "Feature",
      "id": "ROAD-0143",
      "properties": {
        "id": "ROAD-0143",
        "layer": "ROAD_CENTERLINE",
        "source_type": "osm",
        "confidence": "medium",
        "geometry_role": "existing_condition",
        "road_class": "arterial",
        "name_zh": "北土城西路",
        "osmid": "w144929519",
        "evidence_level_zh": "第三方开放地图，非道路红线，不作为工程线位依据",
        "length_m": 542.74
      },
      "geometry": {
        "type": "LineString",
        "coordinates": [
          [
            116.3481335,
            39.9751183
          ],
          [
            116.3493229,
            39.9751289
          ],
          [
            116.3501929,
            39.9751366
          ],
          [
            116.3537802,
            39.9751686
          ],
          [
            116.3544862,
            39.9751749
          ]
        ]
      }
    },
    {
      "type": "Feature",
      "id": "ROAD-0144",
      "properties": {
        "id": "ROAD-0144",
        "layer": "ROAD_CENTERLINE",
        "source_type": "osm",
        "confidence": "medium",
        "geometry_role": "existing_condition",
        "road_class": "branch",
        "name_zh": "北土城西路",
        "osmid": "w144929520",
        "evidence_level_zh": "第三方开放地图，非道路红线，不作为工程线位依据",
        "length_m": 542.7
      },
      "geometry": {
        "type": "LineString",
        "coordinates": [
          [
            116.3481408,
            39.9750268
          ],
          [
            116.3486979,
            39.9750313
          ],
          [
            116.3492217,
            39.9750356
          ],
          [
            116.3493255,
            39.9750418
          ],
          [
            116.3497521,
            39.9750675
          ],
          [
            116.351346,
            39.975081
          ],
          [
            116.3544916,
            39.9751076
          ]
        ]
      }
    },
    {
      "type": "Feature",
      "id": "ROAD-0145",
      "properties": {
        "id": "ROAD-0145",
        "layer": "ROAD_CENTERLINE",
        "source_type": "osm",
        "confidence": "medium",
        "geometry_role": "existing_condition",
        "road_class": "branch",
        "name_zh": "学院路",
        "osmid": "w144929521",
        "evidence_level_zh": "第三方开放地图，非道路红线，不作为工程线位依据",
        "length_m": 300.0
      },
      "geometry": {
        "type": "LineString",
        "coordinates": [
          [
            116.3480282,
            39.9773237
          ],
          [
            116.3480095,
            39.9777869
          ],
          [
            116.3480056,
            39.9778828
          ],
          [
            116.3479015,
            39.979249
          ],
          [
            116.3478665,
            39.9799374
          ],
          [
            116.3478654,
            39.9799588
          ],
          [
            116.3478622,
            39.9800223
          ]
        ]
      }
    },
    {
      "type": "Feature",
      "id": "ROAD-0146",
      "properties": {
        "id": "ROAD-0146",
        "layer": "ROAD_CENTERLINE",
        "source_type": "osm",
        "confidence": "medium",
        "geometry_role": "existing_condition",
        "road_class": "branch",
        "name_zh": "知春路",
        "osmid": "w144929524",
        "evidence_level_zh": "第三方开放地图，非道路红线，不作为工程线位依据",
        "length_m": 652.38
      },
      "geometry": {
        "type": "LineString",
        "coordinates": [
          [
            116.3473456,
            39.9753084
          ],
          [
            116.3461952,
            39.9752955
          ],
          [
            116.3460401,
            39.9752938
          ],
          [
            116.3456558,
            39.9752587
          ],
          [
            116.3442246,
            39.9752394
          ],
          [
            116.3421293,
            39.9752235
          ],
          [
            116.3420483,
            39.9752224
          ],
          [
            116.3397125,
            39.9751939
          ]
        ]
      }
    },
    {
      "type": "Feature",
      "id": "ROAD-0147",
      "properties": {
        "id": "ROAD-0147",
        "layer": "ROAD_CENTERLINE",
        "source_type": "osm",
        "confidence": "medium",
        "geometry_role": "existing_condition",
        "road_class": "branch",
        "name_zh": "西土城路",
        "osmid": "w144929525",
        "evidence_level_zh": "第三方开放地图，非道路红线，不作为工程线位依据",
        "length_m": 582.8
      },
      "geometry": {
        "type": "LineString",
        "coordinates": [
          [
            116.3489692,
            39.9589794
          ],
          [
            116.3489484,
            39.959486
          ],
          [
            116.3489492,
            39.9597868
          ],
          [
            116.3488044,
            39.9629788
          ],
          [
            116.348767,
            39.9635742
          ],
          [
            116.348714,
            39.9642239
          ]
        ]
      }
    },
    {
      "type": "Feature",
      "id": "ROAD-0148",
      "properties": {
        "id": "ROAD-0148",
        "layer": "ROAD_CENTERLINE",
        "source_type": "osm",
        "confidence": "medium",
        "geometry_role": "existing_condition",
        "road_class": "expressway",
        "name_zh": "西直门北大街",
        "osmid": "w145286351",
        "evidence_level_zh": "第三方开放地图，非道路红线，不作为工程线位依据",
        "length_m": 132.47
      },
      "geometry": {
        "type": "LineString",
        "coordinates": [
          [
            116.3501458,
            39.9476852
          ],
          [
            116.3500857,
            39.9480604
          ],
          [
            116.3500264,
            39.948515
          ],
          [
            116.3499378,
            39.9488665
          ]
        ]
      }
    },
    {
      "type": "Feature",
      "id": "ROAD-0149",
      "properties": {
        "id": "ROAD-0149",
        "layer": "ROAD_CENTERLINE",
        "source_type": "osm",
        "confidence": "medium",
        "geometry_role": "existing_condition",
        "road_class": "branch",
        "name_zh": "西直门北大街",
        "osmid": "w145286357",
        "evidence_level_zh": "第三方开放地图，非道路红线，不作为工程线位依据",
        "length_m": 189.92
      },
      "geometry": {
        "type": "LineString",
        "coordinates": [
          [
            116.3502271,
            39.9483618
          ],
          [
            116.3501919,
            39.948537
          ],
          [
            116.3499913,
            39.9492162
          ],
          [
            116.3497186,
            39.950026
          ]
        ]
      }
    },
    {
      "type": "Feature",
      "id": "ROAD-0150",
      "properties": {
        "id": "ROAD-0150",
        "layer": "ROAD_CENTERLINE",
        "source_type": "osm",
        "confidence": "medium",
        "geometry_role": "existing_condition",
        "road_class": "branch",
        "name_zh": "学院路",
        "osmid": "w146451491",
        "evidence_level_zh": "第三方开放地图，非道路红线，不作为工程线位依据",
        "length_m": 1316.52
      },
      "geometry": {
        "type": "LineString",
        "coordinates": [
          [
            116.3462821,
            39.9995695
          ],
          [
            116.3462862,
            39.9994759
          ],
          [
            116.3462898,
            39.9993945
          ],
          [
            116.3462931,
            39.9993208
          ],
          [
            116.3464453,
            39.9975581
          ],
          [
            116.3464859,
            39.9967182
          ],
          [
            116.346507,
            39.9961383
          ],
          [
            116.3465413,
            39.9951978
          ],
          [
            116.3465865,
            39.9944512
          ],
          [
            116.3466236,
            39.9931227
          ],
          [
            116.3466525,
            39.9922573
          ],
          [
            116.3466695,
            39.9922139
          ],
          [
            116.3467292,
            39.9920918
          ],
          [
            116.3467305,
            39.9920295
          ],
          [
            116.3467379,
            39.9919373
          ],
          [
            116.3467408,
            39.9918563
          ],
          [
            116.3467885,
            39.9907416
          ],
          [
            116.3468246,
            39.989897
          ],
          [
            116.3468591,
            39.988935
          ],
          [
            116.3468643,
            39.9887901
          ],
          [
            116.3468752,
            39.9886226
          ],
          [
            116.3468868,
            39.9877319
          ]
        ]
      }
    },
    {
      "type": "Feature",
      "id": "ROAD-0151",
      "properties": {
        "id": "ROAD-0151",
        "layer": "ROAD_CENTERLINE",
        "source_type": "osm",
        "confidence": "medium",
        "geometry_role": "existing_condition",
        "road_class": "branch",
        "name_zh": "学院路",
        "osmid": "w146451492",
        "evidence_level_zh": "第三方开放地图，非道路红线，不作为工程线位依据",
        "length_m": 1382.59
      },
      "geometry": {
        "type": "LineString",
        "coordinates": [
          [
            116.3474415,
            39.9872655
          ],
          [
            116.3474832,
            39.9875542
          ],
          [
            116.3474759,
            39.9876887
          ],
          [
            116.3474178,
            39.9888105
          ],
          [
            116.3473431,
            39.9900184
          ],
          [
            116.3473218,
            39.990363
          ],
          [
            116.3473075,
            39.9907534
          ],
          [
            116.3472698,
            39.9917843
          ],
          [
            116.3472667,
            39.9918696
          ],
          [
            116.3472626,
            39.991943
          ],
          [
            116.3472583,
            39.9920375
          ],
          [
            116.3472566,
            39.9921091
          ],
          [
            116.3472378,
            39.9923967
          ],
          [
            116.347052,
            39.9952403
          ],
          [
            116.347068,
            39.9954236
          ],
          [
            116.3470459,
            39.9959704
          ],
          [
            116.3469972,
            39.9962132
          ],
          [
            116.3469936,
            39.9962314
          ],
          [
            116.3469502,
            39.9967749
          ],
          [
            116.3469502,
            39.9968698
          ],
          [
            116.3469401,
            39.9970212
          ],
          [
            116.3468384,
            39.9994207
          ],
          [
            116.3468359,
            39.999479
          ],
          [
            116.346831,
            39.9995956
          ],
          [
            116.3468248,
            39.9997012
          ]
        ]
      }
    },
    {
      "type": "Feature",
      "id": "ROAD-0152",
      "properties": {
        "id": "ROAD-0152",
        "layer": "ROAD_CENTERLINE",
        "source_type": "osm",
        "confidence": "medium",
        "geometry_role": "existing_condition",
        "road_class": "arterial",
        "name_zh": "学院路",
        "osmid": "w146451493",
        "evidence_level_zh": "第三方开放地图，非道路红线，不作为工程线位依据",
        "length_m": 267.89
      },
      "geometry": {
        "type": "LineString",
        "coordinates": [
          [
            116.3471956,
            39.989533
          ],
          [
            116.3471364,
            39.9906657
          ],
          [
            116.3471013,
            39.991801
          ],
          [
            116.3471021,
            39.9918592
          ],
          [
            116.3471011,
            39.9919443
          ]
        ]
      }
    },
    {
      "type": "Feature",
      "id": "ROAD-0153",
      "properties": {
        "id": "ROAD-0153",
        "layer": "ROAD_CENTERLINE",
        "source_type": "osm",
        "confidence": "medium",
        "geometry_role": "existing_condition",
        "road_class": "expressway",
        "name_zh": "西直门北大街",
        "osmid": "w146712556",
        "evidence_level_zh": "第三方开放地图，非道路红线，不作为工程线位依据",
        "length_m": 360.01
      },
      "geometry": {
        "type": "LineString",
        "coordinates": [
          [
            116.3499913,
            39.9479312
          ],
          [
            116.3500224,
            39.9475121
          ],
          [
            116.3500363,
            39.9446897
          ]
        ]
      }
    },
    {
      "type": "Feature",
      "id": "ROAD-0154",
      "properties": {
        "id": "ROAD-0154",
        "layer": "ROAD_CENTERLINE",
        "source_type": "osm",
        "confidence": "medium",
        "geometry_role": "existing_condition",
        "road_class": "branch",
        "name_zh": "西直门北大街",
        "osmid": "w146712627",
        "evidence_level_zh": "第三方开放地图，非道路红线，不作为工程线位依据",
        "length_m": 498.31
      },
      "geometry": {
        "type": "LineString",
        "coordinates": [
          [
            116.3497385,
            39.9484994
          ],
          [
            116.3498534,
            39.9477963
          ],
          [
            116.3499181,
            39.9462117
          ],
          [
            116.349906,
            39.9458495
          ],
          [
            116.3499062,
            39.9456606
          ],
          [
            116.349915,
            39.9444421
          ],
          [
            116.3499162,
            39.9443597
          ],
          [
            116.3499175,
            39.9443001
          ],
          [
            116.3499179,
            39.9442453
          ],
          [
            116.3499183,
            39.9441904
          ],
          [
            116.3499165,
            39.9440181
          ]
        ]
      }
    },
    {
      "type": "Feature",
      "id": "ROAD-0155",
      "properties": {
        "id": "ROAD-0155",
        "layer": "ROAD_CENTERLINE",
        "source_type": "osm",
        "confidence": "medium",
        "geometry_role": "existing_condition",
        "road_class": "expressway",
        "name_zh": "北五环",
        "osmid": "w152429678",
        "evidence_level_zh": "第三方开放地图，非道路红线，不作为工程线位依据",
        "length_m": 349.86
      },
      "geometry": {
        "type": "LineString",
        "coordinates": [
          [
            116.3550365,
            40.0216931
          ],
          [
            116.3542356,
            40.0217037
          ],
          [
            116.3528322,
            40.0217201
          ],
          [
            116.3509395,
            40.0217635
          ]
        ]
      }
    },
    {
      "type": "Feature",
      "id": "ROAD-0156",
      "properties": {
        "id": "ROAD-0156",
        "layer": "ROAD_CENTERLINE",
        "source_type": "osm",
        "confidence": "medium",
        "geometry_role": "existing_condition",
        "road_class": "expressway",
        "name_zh": "北三环",
        "osmid": "w159794798",
        "evidence_level_zh": "第三方开放地图，非道路红线，不作为工程线位依据",
        "length_m": 403.95
      },
      "geometry": {
        "type": "LineString",
        "coordinates": [
          [
            116.3538234,
            39.9663988
          ],
          [
            116.3490955,
            39.9664059
          ]
        ]
      }
    },
    {
      "type": "Feature",
      "id": "ROAD-0157",
      "properties": {
        "id": "ROAD-0157",
        "layer": "ROAD_CENTERLINE",
        "source_type": "osm",
        "confidence": "medium",
        "geometry_role": "existing_condition",
        "road_class": "expressway",
        "name_zh": "西土城路",
        "osmid": "w159794802",
        "evidence_level_zh": "第三方开放地图，非道路红线，不作为工程线位依据",
        "length_m": 201.56
      },
      "geometry": {
        "type": "LineString",
        "coordinates": [
          [
            116.3473067,
            39.9671179
          ],
          [
            116.3473428,
            39.9653029
          ]
        ]
      }
    },
    {
      "type": "Feature",
      "id": "ROAD-0158",
      "properties": {
        "id": "ROAD-0158",
        "layer": "ROAD_CENTERLINE",
        "source_type": "osm",
        "confidence": "medium",
        "geometry_role": "existing_condition",
        "road_class": "branch",
        "name_zh": "北三环中路",
        "osmid": "w159794815",
        "evidence_level_zh": "第三方开放地图，非道路红线，不作为工程线位依据",
        "length_m": 100.7
      },
      "geometry": {
        "type": "LineString",
        "coordinates": [
          [
            116.3518813,
            39.966501
          ],
          [
            116.3518466,
            39.9665016
          ],
          [
            116.3511722,
            39.9665136
          ],
          [
            116.3507029,
            39.9665201
          ]
        ]
      }
    },
    {
      "type": "Feature",
      "id": "ROAD-0159",
      "properties": {
        "id": "ROAD-0159",
        "layer": "ROAD_CENTERLINE",
        "source_type": "osm",
        "confidence": "medium",
        "geometry_role": "existing_condition",
        "road_class": "branch",
        "name_zh": "北三环西路",
        "osmid": "w159794820",
        "evidence_level_zh": "第三方开放地图，非道路红线，不作为工程线位依据",
        "length_m": 207.74
      },
      "geometry": {
        "type": "LineString",
        "coordinates": [
          [
            116.3461315,
            39.9665055
          ],
          [
            116.3451358,
            39.9664992
          ],
          [
            116.3444535,
            39.9665257
          ],
          [
            116.343701,
            39.9665222
          ]
        ]
      }
    },
    {
      "type": "Feature",
      "id": "ROAD-0160",
      "properties": {
        "id": "ROAD-0160",
        "layer": "ROAD_CENTERLINE",
        "source_type": "osm",
        "confidence": "medium",
        "geometry_role": "existing_condition",
        "road_class": "branch",
        "name_zh": "西土城路",
        "osmid": "w159794837",
        "evidence_level_zh": "第三方开放地图，非道路红线，不作为工程线位依据",
        "length_m": 235.76
      },
      "geometry": {
        "type": "LineString",
        "coordinates": [
          [
            116.3471301,
            39.9673117
          ],
          [
            116.3472063,
            39.9651893
          ]
        ]
      }
    },
    {
      "type": "Feature",
      "id": "ROAD-0161",
      "properties": {
        "id": "ROAD-0161",
        "layer": "ROAD_CENTERLINE",
        "source_type": "osm",
        "confidence": "medium",
        "geometry_role": "existing_condition",
        "road_class": "branch",
        "name_zh": "西土城路",
        "osmid": "w159794841",
        "evidence_level_zh": "第三方开放地图，非道路红线，不作为工程线位依据",
        "length_m": 78.7
      },
      "geometry": {
        "type": "LineString",
        "coordinates": [
          [
            116.3472461,
            39.9591143
          ],
          [
            116.3472783,
            39.9588019
          ],
          [
            116.347367,
            39.9585049
          ],
          [
            116.3473934,
            39.9584166
          ]
        ]
      }
    },
    {
      "type": "Feature",
      "id": "ROAD-0162",
      "properties": {
        "id": "ROAD-0162",
        "layer": "ROAD_CENTERLINE",
        "source_type": "osm",
        "confidence": "medium",
        "geometry_role": "existing_condition",
        "road_class": "branch",
        "name_zh": "西直门北大街",
        "osmid": "w159794843",
        "evidence_level_zh": "第三方开放地图，非道路红线，不作为工程线位依据",
        "length_m": 103.41
      },
      "geometry": {
        "type": "LineString",
        "coordinates": [
          [
            116.3487517,
            39.9548183
          ],
          [
            116.3487768,
            39.9538872
          ]
        ]
      }
    },
    {
      "type": "Feature",
      "id": "ROAD-0163",
      "properties": {
        "id": "ROAD-0163",
        "layer": "ROAD_CENTERLINE",
        "source_type": "osm",
        "confidence": "medium",
        "geometry_role": "existing_condition",
        "road_class": "branch",
        "name_zh": "静淑苑路",
        "osmid": "w161289132",
        "evidence_level_zh": "第三方开放地图，非道路红线，不作为工程线位依据",
        "length_m": 746.93
      },
      "geometry": {
        "type": "LineString",
        "coordinates": [
          [
            116.342785,
            39.9996345
          ],
          [
            116.3427856,
            39.9997023
          ],
          [
            116.3427841,
            39.999767
          ],
          [
            116.3427836,
            39.999791
          ],
          [
            116.3427559,
            40.0002987
          ],
          [
            116.3427101,
            40.0009193
          ],
          [
            116.3427363,
            40.0012401
          ],
          [
            116.3427775,
            40.0014284
          ],
          [
            116.3428259,
            40.0016327
          ],
          [
            116.3428529,
            40.0017671
          ],
          [
            116.3428657,
            40.0023072
          ],
          [
            116.3428309,
            40.0033478
          ],
          [
            116.3428213,
            40.0036382
          ],
          [
            116.3427956,
            40.00441
          ],
          [
            116.3427902,
            40.0045711
          ],
          [
            116.3427623,
            40.0048205
          ],
          [
            116.3427223,
            40.0050844
          ],
          [
            116.3427178,
            40.0052752
          ],
          [
            116.3427055,
            40.005801
          ],
          [
            116.3426926,
            40.0063478
          ]
        ]
      }
    },
    {
      "type": "Feature",
      "id": "ROAD-0164",
      "properties": {
        "id": "ROAD-0164",
        "layer": "ROAD_CENTERLINE",
        "source_type": "osm",
        "confidence": "medium",
        "geometry_role": "existing_condition",
        "road_class": "secondary",
        "name_zh": "清华东路",
        "osmid": "w161299747",
        "evidence_level_zh": "第三方开放地图，非道路红线，不作为工程线位依据",
        "length_m": 614.3
      },
      "geometry": {
        "type": "LineString",
        "coordinates": [
          [
            116.3538437,
            39.9999265
          ],
          [
            116.3506409,
            39.99982
          ],
          [
            116.346987,
            39.9997096
          ],
          [
            116.3469223,
            39.9997076
          ],
          [
            116.3468248,
            39.9997012
          ],
          [
            116.3466566,
            39.9996975
          ]
        ]
      }
    },
    {
      "type": "Feature",
      "id": "ROAD-0165",
      "properties": {
        "id": "ROAD-0165",
        "layer": "ROAD_CENTERLINE",
        "source_type": "osm",
        "confidence": "medium",
        "geometry_role": "existing_condition",
        "road_class": "secondary",
        "name_zh": "志新路",
        "osmid": "w161299751",
        "evidence_level_zh": "第三方开放地图，非道路红线，不作为工程线位依据",
        "length_m": 540.51
      },
      "geometry": {
        "type": "LineString",
        "coordinates": [
          [
            116.3534211,
            39.9922105
          ],
          [
            116.3527644,
            39.9921909
          ],
          [
            116.3516371,
            39.9921482
          ],
          [
            116.351551,
            39.9921449
          ],
          [
            116.347356,
            39.9920395
          ],
          [
            116.3472583,
            39.9920375
          ],
          [
            116.3470967,
            39.9920384
          ]
        ]
      }
    },
    {
      "type": "Feature",
      "id": "ROAD-0166",
      "properties": {
        "id": "ROAD-0166",
        "layer": "ROAD_CENTERLINE",
        "source_type": "osm",
        "confidence": "medium",
        "geometry_role": "existing_condition",
        "road_class": "arterial",
        "name_zh": "G6辅路",
        "osmid": "w161453430",
        "evidence_level_zh": "第三方开放地图，非道路红线，不作为工程线位依据",
        "length_m": 110.57
      },
      "geometry": {
        "type": "LineString",
        "coordinates": [
          [
            116.3435651,
            40.0265
          ],
          [
            116.3441311,
            40.0257396
          ],
          [
            116.3442138,
            40.0256383
          ]
        ]
      }
    },
    {
      "type": "Feature",
      "id": "ROAD-0167",
      "properties": {
        "id": "ROAD-0167",
        "layer": "ROAD_CENTERLINE",
        "source_type": "osm",
        "confidence": "medium",
        "geometry_role": "existing_condition",
        "road_class": "secondary",
        "name_zh": "银泉路",
        "osmid": "w161453474",
        "evidence_level_zh": "第三方开放地图，非道路红线，不作为工程线位依据",
        "length_m": 302.77
      },
      "geometry": {
        "type": "LineString",
        "coordinates": [
          [
            116.3536158,
            40.0135345
          ],
          [
            116.3532287,
            40.0135385
          ],
          [
            116.3528049,
            40.0135881
          ],
          [
            116.3512844,
            40.0138138
          ],
          [
            116.3510699,
            40.0138457
          ],
          [
            116.3510353,
            40.0138508
          ],
          [
            116.3501236,
            40.0139843
          ]
        ]
      }
    },
    {
      "type": "Feature",
      "id": "ROAD-0168",
      "properties": {
        "id": "ROAD-0168",
        "layer": "ROAD_CENTERLINE",
        "source_type": "osm",
        "confidence": "medium",
        "geometry_role": "existing_condition",
        "road_class": "secondary",
        "name_zh": "成府路",
        "osmid": "w162970619",
        "evidence_level_zh": "第三方开放地图，非道路红线，不作为工程线位依据",
        "length_m": 508.09
      },
      "geometry": {
        "type": "LineString",
        "coordinates": [
          [
            116.3467305,
            39.9920295
          ],
          [
            116.3439971,
            39.9919213
          ],
          [
            116.3422001,
            39.99188
          ],
          [
            116.3421303,
            39.9918774
          ],
          [
            116.3419881,
            39.9918754
          ],
          [
            116.3407866,
            39.9918454
          ]
        ]
      }
    },
    {
      "type": "Feature",
      "id": "ROAD-0169",
      "properties": {
        "id": "ROAD-0169",
        "layer": "ROAD_CENTERLINE",
        "source_type": "osm",
        "confidence": "medium",
        "geometry_role": "existing_condition",
        "road_class": "secondary",
        "name_zh": "成府路",
        "osmid": "w162970620",
        "evidence_level_zh": "第三方开放地图，非道路红线，不作为工程线位依据",
        "length_m": 509.05
      },
      "geometry": {
        "type": "LineString",
        "coordinates": [
          [
            116.3407817,
            39.9917694
          ],
          [
            116.3420213,
            39.9918091
          ],
          [
            116.3421313,
            39.9918127
          ],
          [
            116.3442493,
            39.9918693
          ],
          [
            116.3463846,
            39.9919264
          ],
          [
            116.3465402,
            39.991932
          ],
          [
            116.3467379,
            39.9919373
          ]
        ]
      }
    },
    {
      "type": "Feature",
      "id": "ROAD-0170",
      "properties": {
        "id": "ROAD-0170",
        "layer": "ROAD_CENTERLINE",
        "source_type": "osm",
        "confidence": "medium",
        "geometry_role": "existing_condition",
        "road_class": "branch",
        "name_zh": "德胜门西大街",
        "osmid": "w163053519",
        "evidence_level_zh": "第三方开放地图，非道路红线，不作为工程线位依据",
        "length_m": 92.39
      },
      "geometry": {
        "type": "LineString",
        "coordinates": [
          [
            116.3495604,
            39.9424346
          ],
          [
            116.3493166,
            39.9421617
          ],
          [
            116.3492858,
            39.9421269
          ],
          [
            116.3492564,
            39.942092
          ],
          [
            116.3492278,
            39.9420565
          ],
          [
            116.3492006,
            39.9420211
          ],
          [
            116.3491703,
            39.9419806
          ],
          [
            116.3491368,
            39.9419339
          ],
          [
            116.3491177,
            39.941906
          ],
          [
            116.3491007,
            39.9418781
          ],
          [
            116.3490839,
            39.9418503
          ],
          [
            116.3490673,
            39.9418219
          ],
          [
            116.3490592,
            39.9418077
          ],
          [
            116.3490499,
            39.9417912
          ],
          [
            116.3490413,
            39.9417758
          ],
          [
            116.3490339,
            39.9417623
          ],
          [
            116.3490281,
            39.941752
          ],
          [
            116.3490246,
            39.9417466
          ],
          [
            116.349021,
            39.9417413
          ],
          [
            116.3490176,
            39.9417368
          ],
          [
            116.3490138,
            39.9417324
          ],
          [
            116.3490051,
            39.9417232
          ]
        ]
      }
    },
    {
      "type": "Feature",
      "id": "ROAD-0171",
      "properties": {
        "id": "ROAD-0171",
        "layer": "ROAD_CENTERLINE",
        "source_type": "osm",
        "confidence": "medium",
        "geometry_role": "existing_condition",
        "road_class": "expressway",
        "name_zh": "北二环",
        "osmid": "w163053521",
        "evidence_level_zh": "第三方开放地图，非道路红线，不作为工程线位依据",
        "length_m": 224.91
      },
      "geometry": {
        "type": "LineString",
        "coordinates": [
          [
            116.3503819,
            39.9422943
          ],
          [
            116.3504136,
            39.9423204
          ],
          [
            116.3504463,
            39.9423457
          ],
          [
            116.3504795,
            39.9423708
          ],
          [
            116.3505156,
            39.9423959
          ],
          [
            116.3505525,
            39.9424206
          ],
          [
            116.3505913,
            39.942446
          ],
          [
            116.350627,
            39.9424678
          ],
          [
            116.3506636,
            39.9424897
          ],
          [
            116.3507053,
            39.9425137
          ],
          [
            116.350747,
            39.9425371
          ],
          [
            116.3507916,
            39.9425611
          ],
          [
            116.3508372,
            39.9425845
          ],
          [
            116.3508855,
            39.9426081
          ],
          [
            116.3509387,
            39.9426321
          ],
          [
            116.3509886,
            39.9426532
          ],
          [
            116.3510433,
            39.9426746
          ],
          [
            116.3510832,
            39.9426896
          ],
          [
            116.351123,
            39.9427039
          ],
          [
            116.3511667,
            39.9427185
          ],
          [
            116.3512114,
            39.9427324
          ],
          [
            116.3513008,
            39.9427585
          ],
          [
            116.3513901,
            39.9427847
          ],
          [
            116.3517573,
            39.9428885
          ],
          [
            116.351883,
            39.9429252
          ],
          [
            116.3520072,
            39.9429608
          ],
          [
            116.3521254,
            39.9429941
          ],
          [
            116.352245,
            39.9430275
          ],
          [
            116.3523643,
            39.9430617
          ],
          [
            116.3524933,
            39.9430979
          ],
          [
            116.3527275,
            39.9431662
          ]
        ]
      }
    },
    {
      "type": "Feature",
      "id": "ROAD-0172",
      "properties": {
        "id": "ROAD-0172",
        "layer": "ROAD_CENTERLINE",
        "source_type": "osm",
        "confidence": "medium",
        "geometry_role": "existing_condition",
        "road_class": "expressway",
        "name_zh": "北二环",
        "osmid": "w163053523",
        "evidence_level_zh": "第三方开放地图，非道路红线，不作为工程线位依据",
        "length_m": 102.57
      },
      "geometry": {
        "type": "LineString",
        "coordinates": [
          [
            116.3497448,
            39.9422997
          ],
          [
            116.3497076,
            39.9422719
          ],
          [
            116.3496704,
            39.9422426
          ],
          [
            116.3496355,
            39.942214
          ],
          [
            116.3496017,
            39.9421845
          ],
          [
            116.3495686,
            39.9421544
          ],
          [
            116.3495364,
            39.9421243
          ],
          [
            116.3495057,
            39.9420942
          ],
          [
            116.349475,
            39.9420618
          ],
          [
            116.3494418,
            39.9420253
          ],
          [
            116.349411,
            39.9419887
          ],
          [
            116.3493814,
            39.9419522
          ],
          [
            116.3493528,
            39.9419156
          ],
          [
            116.3493256,
            39.9418769
          ],
          [
            116.3492999,
            39.9418377
          ],
          [
            116.3492749,
            39.9417969
          ],
          [
            116.3492553,
            39.9417627
          ],
          [
            116.3492377,
            39.9417291
          ],
          [
            116.3492206,
            39.9416962
          ],
          [
            116.3492059,
            39.9416667
          ],
          [
            116.3491932,
            39.941639
          ],
          [
            116.3491808,
            39.9416087
          ],
          [
            116.3491694,
            39.9415742
          ],
          [
            116.3491608,
            39.9415437
          ],
          [
            116.3491522,
            39.9415124
          ]
        ]
      }
    },
    {
      "type": "Feature",
      "id": "ROAD-0173",
      "properties": {
        "id": "ROAD-0173",
        "layer": "ROAD_CENTERLINE",
        "source_type": "osm",
        "confidence": "medium",
        "geometry_role": "existing_condition",
        "road_class": "expressway",
        "name_zh": "北二环",
        "osmid": "w163053527",
        "evidence_level_zh": "第三方开放地图，非道路红线，不作为工程线位依据",
        "length_m": 86.64
      },
      "geometry": {
        "type": "LineString",
        "coordinates": [
          [
            116.349833,
            39.9416412
          ],
          [
            116.3499712,
            39.9418338
          ],
          [
            116.3500038,
            39.94188
          ],
          [
            116.3500373,
            39.9419254
          ],
          [
            116.3500546,
            39.941949
          ],
          [
            116.3500719,
            39.9419719
          ],
          [
            116.3500892,
            39.9419944
          ],
          [
            116.3501065,
            39.9420162
          ],
          [
            116.3501356,
            39.9420525
          ],
          [
            116.3501666,
            39.9420888
          ],
          [
            116.3502011,
            39.9421251
          ],
          [
            116.3502376,
            39.9421621
          ],
          [
            116.3502722,
            39.9421953
          ],
          [
            116.3503077,
            39.9422285
          ],
          [
            116.3503438,
            39.9422614
          ],
          [
            116.3503819,
            39.9422943
          ]
        ]
      }
    },
    {
      "type": "Feature",
      "id": "ROAD-0174",
      "properties": {
        "id": "ROAD-0174",
        "layer": "ROAD_CENTERLINE",
        "source_type": "osm",
        "confidence": "medium",
        "geometry_role": "existing_condition",
        "road_class": "expressway",
        "name_zh": "西直门北大街",
        "osmid": "w163054821",
        "evidence_level_zh": "第三方开放地图，非道路红线，不作为工程线位依据",
        "length_m": 99.02
      },
      "geometry": {
        "type": "LineString",
        "coordinates": [
          [
            116.3490385,
            39.9538935
          ],
          [
            116.3490214,
            39.9542929
          ],
          [
            116.3490159,
            39.954785
          ]
        ]
      }
    },
    {
      "type": "Feature",
      "id": "ROAD-0175",
      "properties": {
        "id": "ROAD-0175",
        "layer": "ROAD_CENTERLINE",
        "source_type": "osm",
        "confidence": "medium",
        "geometry_role": "existing_condition",
        "road_class": "expressway",
        "name_zh": "西直门北大街",
        "osmid": "w163054822",
        "evidence_level_zh": "第三方开放地图，非道路红线，不作为工程线位依据",
        "length_m": 310.15
      },
      "geometry": {
        "type": "LineString",
        "coordinates": [
          [
            116.3489236,
            39.9537194
          ],
          [
            116.3489525,
            39.9530546
          ],
          [
            116.3490311,
            39.9518336
          ],
          [
            116.3490857,
            39.9513431
          ],
          [
            116.3491743,
            39.9509355
          ]
        ]
      }
    },
    {
      "type": "Feature",
      "id": "ROAD-0176",
      "properties": {
        "id": "ROAD-0176",
        "layer": "ROAD_CENTERLINE",
        "source_type": "osm",
        "confidence": "medium",
        "geometry_role": "existing_condition",
        "road_class": "branch",
        "name_zh": "德胜门西大街",
        "osmid": "w163054828",
        "evidence_level_zh": "第三方开放地图，非道路红线，不作为工程线位依据",
        "length_m": 220.12
      },
      "geometry": {
        "type": "LineString",
        "coordinates": [
          [
            116.3528238,
            39.9434609
          ],
          [
            116.3504117,
            39.942766
          ]
        ]
      }
    },
    {
      "type": "Feature",
      "id": "ROAD-0177",
      "properties": {
        "id": "ROAD-0177",
        "layer": "ROAD_CENTERLINE",
        "source_type": "osm",
        "confidence": "medium",
        "geometry_role": "existing_condition",
        "road_class": "branch",
        "name_zh": "西土城路",
        "osmid": "w163054830",
        "evidence_level_zh": "第三方开放地图，非道路红线，不作为工程线位依据",
        "length_m": 257.42
      },
      "geometry": {
        "type": "LineString",
        "coordinates": [
          [
            116.3490707,
            39.9566624
          ],
          [
            116.3490685,
            39.9567234
          ],
          [
            116.3490592,
            39.9569347
          ],
          [
            116.3490483,
            39.9571831
          ],
          [
            116.3490333,
            39.9575229
          ],
          [
            116.3489692,
            39.9589794
          ]
        ]
      }
    },
    {
      "type": "Feature",
      "id": "ROAD-0178",
      "properties": {
        "id": "ROAD-0178",
        "layer": "ROAD_CENTERLINE",
        "source_type": "osm",
        "confidence": "medium",
        "geometry_role": "existing_condition",
        "road_class": "branch",
        "name_zh": "西直门北大街",
        "osmid": "w163054831",
        "evidence_level_zh": "第三方开放地图，非道路红线，不作为工程线位依据",
        "length_m": 374.09
      },
      "geometry": {
        "type": "LineString",
        "coordinates": [
          [
            116.3487814,
            39.9537164
          ],
          [
            116.3488145,
            39.9524904
          ],
          [
            116.3488422,
            39.9517996
          ],
          [
            116.3489348,
            39.9512097
          ],
          [
            116.3490481,
            39.9507939
          ],
          [
            116.3491116,
            39.9505437
          ],
          [
            116.3491635,
            39.9503706
          ]
        ]
      }
    },
    {
      "type": "Feature",
      "id": "ROAD-0179",
      "properties": {
        "id": "ROAD-0179",
        "layer": "ROAD_CENTERLINE",
        "source_type": "osm",
        "confidence": "medium",
        "geometry_role": "existing_condition",
        "road_class": "branch",
        "name_zh": "西直门北大街",
        "osmid": "w163054834",
        "evidence_level_zh": "第三方开放地图，非道路红线，不作为工程线位依据",
        "length_m": 296.59
      },
      "geometry": {
        "type": "LineString",
        "coordinates": [
          [
            116.3492085,
            39.9538977
          ],
          [
            116.3491435,
            39.9548478
          ],
          [
            116.349087,
            39.9561132
          ],
          [
            116.3490818,
            39.9563444
          ],
          [
            116.3490785,
            39.9564383
          ],
          [
            116.3490768,
            39.9564858
          ],
          [
            116.349074,
            39.9565666
          ]
        ]
      }
    },
    {
      "type": "Feature",
      "id": "ROAD-0180",
      "properties": {
        "id": "ROAD-0180",
        "layer": "ROAD_CENTERLINE",
        "source_type": "osm",
        "confidence": "medium",
        "geometry_role": "existing_condition",
        "road_class": "branch",
        "name_zh": "西直门北大街",
        "osmid": "w163054835",
        "evidence_level_zh": "第三方开放地图，非道路红线，不作为工程线位依据",
        "length_m": 210.97
      },
      "geometry": {
        "type": "LineString",
        "coordinates": [
          [
            116.3484624,
            39.9566814
          ],
          [
            116.348509,
            39.9566218
          ],
          [
            116.3486612,
            39.9563406
          ],
          [
            116.3487085,
            39.9561038
          ],
          [
            116.3487301,
            39.9558226
          ],
          [
            116.3487384,
            39.9552269
          ],
          [
            116.3487415,
            39.9550015
          ],
          [
            116.3487517,
            39.9548183
          ]
        ]
      }
    },
    {
      "type": "Feature",
      "id": "ROAD-0181",
      "properties": {
        "id": "ROAD-0181",
        "layer": "ROAD_CENTERLINE",
        "source_type": "osm",
        "confidence": "medium",
        "geometry_role": "existing_condition",
        "road_class": "branch",
        "name_zh": "杏坛路",
        "osmid": "w163056989",
        "evidence_level_zh": "第三方开放地图，非道路红线，不作为工程线位依据",
        "length_m": 385.13
      },
      "geometry": {
        "type": "LineString",
        "coordinates": [
          [
            116.3550023,
            39.9602893
          ],
          [
            116.3549636,
            39.9609896
          ],
          [
            116.3549603,
            39.9610523
          ],
          [
            116.3549486,
            39.9612978
          ],
          [
            116.3549435,
            39.9614096
          ],
          [
            116.3548636,
            39.9632064
          ],
          [
            116.3548312,
            39.9637552
          ]
        ]
      }
    },
    {
      "type": "Feature",
      "id": "ROAD-0182",
      "properties": {
        "id": "ROAD-0182",
        "layer": "ROAD_CENTERLINE",
        "source_type": "osm",
        "confidence": "medium",
        "geometry_role": "existing_condition",
        "road_class": "branch",
        "name_zh": "杏坛路",
        "osmid": "w163056991",
        "evidence_level_zh": "第三方开放地图，非道路红线，不作为工程线位依据",
        "length_m": 1059.22
      },
      "geometry": {
        "type": "LineString",
        "coordinates": [
          [
            116.3546284,
            39.9661644
          ],
          [
            116.3546333,
            39.9660593
          ],
          [
            116.3546983,
            39.9646515
          ],
          [
            116.3547449,
            39.963754
          ],
          [
            116.3547785,
            39.9632049
          ],
          [
            116.3548538,
            39.9614061
          ],
          [
            116.3548585,
            39.9612941
          ],
          [
            116.3548689,
            39.9610513
          ],
          [
            116.3548706,
            39.9609902
          ],
          [
            116.355026,
            39.9579151
          ],
          [
            116.3550935,
            39.9568504
          ],
          [
            116.3550955,
            39.9568073
          ],
          [
            116.3551042,
            39.9567107
          ],
          [
            116.3551108,
            39.9566326
          ]
        ]
      }
    },
    {
      "type": "Feature",
      "id": "ROAD-0183",
      "properties": {
        "id": "ROAD-0183",
        "layer": "ROAD_CENTERLINE",
        "source_type": "osm",
        "confidence": "medium",
        "geometry_role": "existing_condition",
        "road_class": "expressway",
        "name_zh": "学院路",
        "osmid": "w163056993",
        "evidence_level_zh": "第三方开放地图，非道路红线，不作为工程线位依据",
        "length_m": 290.14
      },
      "geometry": {
        "type": "LineString",
        "coordinates": [
          [
            116.3476957,
            39.9807533
          ],
          [
            116.3476489,
            39.9811413
          ],
          [
            116.3476313,
            39.9813659
          ],
          [
            116.3476123,
            39.9816081
          ],
          [
            116.3474934,
            39.9831226
          ],
          [
            116.3474955,
            39.9831921
          ],
          [
            116.3475006,
            39.9833609
          ]
        ]
      }
    },
    {
      "type": "Feature",
      "id": "ROAD-0184",
      "properties": {
        "id": "ROAD-0184",
        "layer": "ROAD_CENTERLINE",
        "source_type": "osm",
        "confidence": "medium",
        "geometry_role": "existing_condition",
        "road_class": "branch",
        "name_zh": "学院南路",
        "osmid": "w163057025",
        "evidence_level_zh": "第三方开放地图，非道路红线，不作为工程线位依据",
        "length_m": 242.05
      },
      "geometry": {
        "type": "LineString",
        "coordinates": [
          [
            116.3402075,
            39.9567349
          ],
          [
            116.3404083,
            39.9566923
          ],
          [
            116.3415276,
            39.9566738
          ],
          [
            116.3417549,
            39.9566622
          ],
          [
            116.3418326,
            39.9566582
          ],
          [
            116.3419005,
            39.9566547
          ],
          [
            116.3421948,
            39.9566479
          ],
          [
            116.3427967,
            39.9566418
          ],
          [
            116.3430114,
            39.9567148
          ]
        ]
      }
    },
    {
      "type": "Feature",
      "id": "ROAD-0185",
      "properties": {
        "id": "ROAD-0185",
        "layer": "ROAD_CENTERLINE",
        "source_type": "osm",
        "confidence": "medium",
        "geometry_role": "existing_condition",
        "road_class": "branch",
        "name_zh": "现状道路中心线（OSM 提取）",
        "osmid": "w163057027",
        "evidence_level_zh": "第三方开放地图，非道路红线，不作为工程线位依据",
        "length_m": 535.07
      },
      "geometry": {
        "type": "LineString",
        "coordinates": [
          [
            116.3553,
            39.9567082
          ],
          [
            116.3551916,
            39.9567085
          ],
          [
            116.3551042,
            39.9567107
          ],
          [
            116.3549687,
            39.9567108
          ],
          [
            116.3518342,
            39.9567196
          ],
          [
            116.3508374,
            39.9567224
          ],
          [
            116.3492348,
            39.9567233
          ],
          [
            116.3491517,
            39.9567234
          ],
          [
            116.3490707,
            39.9566624
          ]
        ]
      }
    },
    {
      "type": "Feature",
      "id": "ROAD-0186",
      "properties": {
        "id": "ROAD-0186",
        "layer": "ROAD_CENTERLINE",
        "source_type": "osm",
        "confidence": "medium",
        "geometry_role": "existing_condition",
        "road_class": "branch",
        "name_zh": "学院路",
        "osmid": "w163057031",
        "evidence_level_zh": "第三方开放地图，非道路红线，不作为工程线位依据",
        "length_m": 370.88
      },
      "geometry": {
        "type": "LineString",
        "coordinates": [
          [
            116.3478473,
            39.9804556
          ],
          [
            116.3478804,
            39.9806242
          ],
          [
            116.3477857,
            39.9816981
          ],
          [
            116.3476876,
            39.98281
          ],
          [
            116.3476397,
            39.9837881
          ]
        ]
      }
    },
    {
      "type": "Feature",
      "id": "ROAD-0187",
      "properties": {
        "id": "ROAD-0187",
        "layer": "ROAD_CENTERLINE",
        "source_type": "osm",
        "confidence": "medium",
        "geometry_role": "existing_condition",
        "road_class": "branch",
        "name_zh": "北三环西路",
        "osmid": "w165169791",
        "evidence_level_zh": "第三方开放地图，非道路红线，不作为工程线位依据",
        "length_m": 180.13
      },
      "geometry": {
        "type": "LineString",
        "coordinates": [
          [
            116.3434707,
            39.9665211
          ],
          [
            116.3425204,
            39.9665166
          ],
          [
            116.3422588,
            39.9665154
          ],
          [
            116.3413624,
            39.9665122
          ]
        ]
      }
    },
    {
      "type": "Feature",
      "id": "ROAD-0188",
      "properties": {
        "id": "ROAD-0188",
        "layer": "ROAD_CENTERLINE",
        "source_type": "osm",
        "confidence": "medium",
        "geometry_role": "existing_condition",
        "road_class": "expressway",
        "name_zh": "北三环",
        "osmid": "w165174629",
        "evidence_level_zh": "第三方开放地图，非道路红线，不作为工程线位依据",
        "length_m": 379.72
      },
      "geometry": {
        "type": "LineString",
        "coordinates": [
          [
            116.3422739,
            39.9662263
          ],
          [
            116.3431417,
            39.9662328
          ],
          [
            116.3436204,
            39.9662364
          ],
          [
            116.3467174,
            39.9662886
          ]
        ]
      }
    },
    {
      "type": "Feature",
      "id": "ROAD-0189",
      "properties": {
        "id": "ROAD-0189",
        "layer": "ROAD_CENTERLINE",
        "source_type": "osm",
        "confidence": "medium",
        "geometry_role": "existing_condition",
        "road_class": "branch",
        "name_zh": "北三环西路",
        "osmid": "w165174639",
        "evidence_level_zh": "第三方开放地图，非道路红线，不作为工程线位依据",
        "length_m": 128.86
      },
      "geometry": {
        "type": "LineString",
        "coordinates": [
          [
            116.3399479,
            39.9660816
          ],
          [
            116.341456,
            39.9660893
          ]
        ]
      }
    },
    {
      "type": "Feature",
      "id": "ROAD-0190",
      "properties": {
        "id": "ROAD-0190",
        "layer": "ROAD_CENTERLINE",
        "source_type": "osm",
        "confidence": "medium",
        "geometry_role": "existing_condition",
        "road_class": "branch",
        "name_zh": "北三环西路",
        "osmid": "w169102939",
        "evidence_level_zh": "第三方开放地图，非道路红线，不作为工程线位依据",
        "length_m": 419.92
      },
      "geometry": {
        "type": "LineString",
        "coordinates": [
          [
            116.341456,
            39.9660893
          ],
          [
            116.3422642,
            39.9660968
          ],
          [
            116.3429987,
            39.9661036
          ],
          [
            116.3436425,
            39.9661095
          ],
          [
            116.3437684,
            39.9661091
          ],
          [
            116.3439403,
            39.9661087
          ],
          [
            116.3447134,
            39.9661369
          ],
          [
            116.3448754,
            39.9661428
          ],
          [
            116.3463693,
            39.9661663
          ]
        ]
      }
    },
    {
      "type": "Feature",
      "id": "ROAD-0191",
      "properties": {
        "id": "ROAD-0191",
        "layer": "ROAD_CENTERLINE",
        "source_type": "osm",
        "confidence": "medium",
        "geometry_role": "existing_condition",
        "road_class": "expressway",
        "name_zh": "学院路",
        "osmid": "w170473545",
        "evidence_level_zh": "第三方开放地图，非道路红线，不作为工程线位依据",
        "length_m": 145.42
      },
      "geometry": {
        "type": "LineString",
        "coordinates": [
          [
            116.347197,
            39.9852733
          ],
          [
            116.3472144,
            39.9851151
          ],
          [
            116.3472606,
            39.9839648
          ]
        ]
      }
    },
    {
      "type": "Feature",
      "id": "ROAD-0192",
      "properties": {
        "id": "ROAD-0192",
        "layer": "ROAD_CENTERLINE",
        "source_type": "osm",
        "confidence": "medium",
        "geometry_role": "existing_condition",
        "road_class": "arterial",
        "name_zh": "学院路",
        "osmid": "w170473546",
        "evidence_level_zh": "第三方开放地图，非道路红线，不作为工程线位依据",
        "length_m": 138.05
      },
      "geometry": {
        "type": "LineString",
        "coordinates": [
          [
            116.3473717,
            39.9857271
          ],
          [
            116.3473036,
            39.9869693
          ]
        ]
      }
    },
    {
      "type": "Feature",
      "id": "ROAD-0193",
      "properties": {
        "id": "ROAD-0193",
        "layer": "ROAD_CENTERLINE",
        "source_type": "osm",
        "confidence": "medium",
        "geometry_role": "existing_condition",
        "road_class": "branch",
        "name_zh": "现状道路中心线（OSM 提取）",
        "osmid": "w170481019",
        "evidence_level_zh": "第三方开放地图，非道路红线，不作为工程线位依据",
        "length_m": 1071.15
      },
      "geometry": {
        "type": "LineString",
        "coordinates": [
          [
            116.3427967,
            39.9566418
          ],
          [
            116.3434873,
            39.9566286
          ],
          [
            116.3446369,
            39.9566066
          ],
          [
            116.345327,
            39.9565894
          ],
          [
            116.3457695,
            39.9565807
          ],
          [
            116.3466172,
            39.9566249
          ],
          [
            116.3469525,
            39.9566462
          ],
          [
            116.347489,
            39.9566521
          ],
          [
            116.3483394,
            39.9566268
          ],
          [
            116.348509,
            39.9566218
          ],
          [
            116.3488697,
            39.9565354
          ],
          [
            116.3490768,
            39.9564858
          ],
          [
            116.3508374,
            39.9564975
          ],
          [
            116.3519691,
            39.9564946
          ],
          [
            116.3549265,
            39.9564812
          ],
          [
            116.3549738,
            39.9564809
          ],
          [
            116.3551581,
            39.9564801
          ],
          [
            116.3553,
            39.9564799
          ]
        ]
      }
    },
    {
      "type": "Feature",
      "id": "ROAD-0194",
      "properties": {
        "id": "ROAD-0194",
        "layer": "ROAD_CENTERLINE",
        "source_type": "osm",
        "confidence": "medium",
        "geometry_role": "existing_condition",
        "road_class": "secondary",
        "name_zh": "学院南路",
        "osmid": "w170482156",
        "evidence_level_zh": "第三方开放地图，非道路红线，不作为工程线位依据",
        "length_m": 475.74
      },
      "geometry": {
        "type": "LineString",
        "coordinates": [
          [
            116.3457659,
            39.956723
          ],
          [
            116.3453351,
            39.9567346
          ],
          [
            116.3435923,
            39.9567816
          ],
          [
            116.3434893,
            39.956782
          ],
          [
            116.3428931,
            39.9567914
          ],
          [
            116.3421982,
            39.9568115
          ],
          [
            116.3421332,
            39.956813
          ],
          [
            116.3418143,
            39.9568157
          ],
          [
            116.3417468,
            39.956819
          ],
          [
            116.3417003,
            39.9568212
          ],
          [
            116.3413846,
            39.9568366
          ],
          [
            116.3408147,
            39.9568644
          ],
          [
            116.3406095,
            39.9568736
          ],
          [
            116.3402206,
            39.956886
          ],
          [
            116.3402033,
            39.9568878
          ]
        ]
      }
    },
    {
      "type": "Feature",
      "id": "ROAD-0195",
      "properties": {
        "id": "ROAD-0195",
        "layer": "ROAD_CENTERLINE",
        "source_type": "osm",
        "confidence": "medium",
        "geometry_role": "existing_condition",
        "road_class": "secondary",
        "name_zh": "学院南路",
        "osmid": "w170482159",
        "evidence_level_zh": "第三方开放地图，非道路红线，不作为工程线位依据",
        "length_m": 230.6
      },
      "geometry": {
        "type": "LineString",
        "coordinates": [
          [
            116.3457678,
            39.956649
          ],
          [
            116.3459659,
            39.9566552
          ],
          [
            116.3466139,
            39.9566919
          ],
          [
            116.3469536,
            39.9567085
          ],
          [
            116.3474878,
            39.9567194
          ],
          [
            116.3483017,
            39.9566877
          ],
          [
            116.3484624,
            39.9566814
          ]
        ]
      }
    },
    {
      "type": "Feature",
      "id": "ROAD-0196",
      "properties": {
        "id": "ROAD-0196",
        "layer": "ROAD_CENTERLINE",
        "source_type": "osm",
        "confidence": "medium",
        "geometry_role": "existing_condition",
        "road_class": "secondary",
        "name_zh": "学院南路",
        "osmid": "w170484450",
        "evidence_level_zh": "第三方开放地图，非道路红线，不作为工程线位依据",
        "length_m": 60.09
      },
      "geometry": {
        "type": "LineString",
        "coordinates": [
          [
            116.3490707,
            39.9566624
          ],
          [
            116.3486764,
            39.9567267
          ],
          [
            116.3483872,
            39.9567884
          ]
        ]
      }
    },
    {
      "type": "Feature",
      "id": "ROAD-0197",
      "properties": {
        "id": "ROAD-0197",
        "layer": "ROAD_CENTERLINE",
        "source_type": "osm",
        "confidence": "medium",
        "geometry_role": "existing_condition",
        "road_class": "branch",
        "name_zh": "德胜门西大街",
        "osmid": "w170858300",
        "evidence_level_zh": "第三方开放地图，非道路红线，不作为工程线位依据",
        "length_m": 193.61
      },
      "geometry": {
        "type": "LineString",
        "coordinates": [
          [
            116.3553,
            39.9441028
          ],
          [
            116.3535074,
            39.9436217
          ],
          [
            116.3531516,
            39.9435529
          ]
        ]
      }
    },
    {
      "type": "Feature",
      "id": "ROAD-0198",
      "properties": {
        "id": "ROAD-0198",
        "layer": "ROAD_CENTERLINE",
        "source_type": "osm",
        "confidence": "medium",
        "geometry_role": "existing_condition",
        "road_class": "branch",
        "name_zh": "西直门北大街",
        "osmid": "w170858301",
        "evidence_level_zh": "第三方开放地图，非道路红线，不作为工程线位依据",
        "length_m": 183.1
      },
      "geometry": {
        "type": "LineString",
        "coordinates": [
          [
            116.3502949,
            39.9467155
          ],
          [
            116.3502778,
            39.9480702
          ],
          [
            116.3502271,
            39.9483618
          ]
        ]
      }
    },
    {
      "type": "Feature",
      "id": "ROAD-0199",
      "properties": {
        "id": "ROAD-0199",
        "layer": "ROAD_CENTERLINE",
        "source_type": "osm",
        "confidence": "medium",
        "geometry_role": "existing_condition",
        "road_class": "branch",
        "name_zh": "北三环中路",
        "osmid": "w171981488",
        "evidence_level_zh": "第三方开放地图，非道路红线，不作为工程线位依据",
        "length_m": 87.99
      },
      "geometry": {
        "type": "LineString",
        "coordinates": [
          [
            116.3507029,
            39.9665201
          ],
          [
            116.3496731,
            39.9665171
          ]
        ]
      }
    },
    {
      "type": "Feature",
      "id": "ROAD-0200",
      "properties": {
        "id": "ROAD-0200",
        "layer": "ROAD_CENTERLINE",
        "source_type": "osm",
        "confidence": "medium",
        "geometry_role": "existing_condition",
        "road_class": "arterial",
        "name_zh": "知春路",
        "osmid": "w171983189",
        "evidence_level_zh": "第三方开放地图，非道路红线，不作为工程线位依据",
        "length_m": 203.22
      },
      "geometry": {
        "type": "LineString",
        "coordinates": [
          [
            116.3397025,
            39.975038
          ],
          [
            116.3402188,
            39.9750427
          ],
          [
            116.3420811,
            39.9750596
          ]
        ]
      }
    },
    {
      "type": "Feature",
      "id": "ROAD-0201",
      "properties": {
        "id": "ROAD-0201",
        "layer": "ROAD_CENTERLINE",
        "source_type": "osm",
        "confidence": "medium",
        "geometry_role": "existing_condition",
        "road_class": "arterial",
        "name_zh": "知春路",
        "osmid": "w172179667",
        "evidence_level_zh": "第三方开放地图，非道路红线，不作为工程线位依据",
        "length_m": 442.03
      },
      "geometry": {
        "type": "LineString",
        "coordinates": [
          [
            116.3420811,
            39.9750596
          ],
          [
            116.3439634,
            39.9750796
          ],
          [
            116.3472549,
            39.9751157
          ]
        ]
      }
    },
    {
      "type": "Feature",
      "id": "ROAD-0202",
      "properties": {
        "id": "ROAD-0202",
        "layer": "ROAD_CENTERLINE",
        "source_type": "osm",
        "confidence": "medium",
        "geometry_role": "existing_condition",
        "road_class": "branch",
        "name_zh": "北三环西路",
        "osmid": "w172426407",
        "evidence_level_zh": "第三方开放地图，非道路红线，不作为工程线位依据",
        "length_m": 202.98
      },
      "geometry": {
        "type": "LineString",
        "coordinates": [
          [
            116.3467198,
            39.9661794
          ],
          [
            116.3490955,
            39.9661821
          ]
        ]
      }
    },
    {
      "type": "Feature",
      "id": "ROAD-0203",
      "properties": {
        "id": "ROAD-0203",
        "layer": "ROAD_CENTERLINE",
        "source_type": "osm",
        "confidence": "medium",
        "geometry_role": "existing_condition",
        "road_class": "secondary",
        "name_zh": "西直门内大街",
        "osmid": "w173308134",
        "evidence_level_zh": "第三方开放地图，非道路红线，不作为工程线位依据",
        "length_m": 77.85
      },
      "geometry": {
        "type": "LineString",
        "coordinates": [
          [
            116.3515637,
            39.9390945
          ],
          [
            116.352216,
            39.9391053
          ],
          [
            116.352462,
            39.9391661
          ]
        ]
      }
    },
    {
      "type": "Feature",
      "id": "ROAD-0204",
      "properties": {
        "id": "ROAD-0204",
        "layer": "ROAD_CENTERLINE",
        "source_type": "osm",
        "confidence": "medium",
        "geometry_role": "existing_condition",
        "road_class": "branch",
        "name_zh": "北土城西路",
        "osmid": "w175210693",
        "evidence_level_zh": "第三方开放地图，非道路红线，不作为工程线位依据",
        "length_m": 543.26
      },
      "geometry": {
        "type": "LineString",
        "coordinates": [
          [
            116.3544723,
            39.9753486
          ],
          [
            116.35425,
            39.975346
          ],
          [
            116.352647,
            39.9753267
          ],
          [
            116.3510843,
            39.9753079
          ],
          [
            116.3496282,
            39.9752915
          ],
          [
            116.349317,
            39.9753229
          ],
          [
            116.3491836,
            39.9753364
          ],
          [
            116.3481176,
            39.9753197
          ]
        ]
      }
    },
    {
      "type": "Feature",
      "id": "ROAD-0205",
      "properties": {
        "id": "ROAD-0205",
        "layer": "ROAD_CENTERLINE",
        "source_type": "osm",
        "confidence": "medium",
        "geometry_role": "existing_condition",
        "road_class": "arterial",
        "name_zh": "G6辅路",
        "osmid": "w177353848",
        "evidence_level_zh": "第三方开放地图，非道路红线，不作为工程线位依据",
        "length_m": 217.16
      },
      "geometry": {
        "type": "LineString",
        "coordinates": [
          [
            116.3447813,
            40.022415
          ],
          [
            116.3447533,
            40.0221603
          ],
          [
            116.3447546,
            40.0219465
          ],
          [
            116.3447702,
            40.0217206
          ],
          [
            116.344837,
            40.0215205
          ],
          [
            116.3449526,
            40.0213324
          ],
          [
            116.3451748,
            40.0211979
          ],
          [
            116.3456982,
            40.0209887
          ],
          [
            116.3458996,
            40.0209082
          ]
        ]
      }
    },
    {
      "type": "Feature",
      "id": "ROAD-0206",
      "properties": {
        "id": "ROAD-0206",
        "layer": "ROAD_CENTERLINE",
        "source_type": "osm",
        "confidence": "medium",
        "geometry_role": "existing_condition",
        "road_class": "arterial",
        "name_zh": "学清路",
        "osmid": "w177353854",
        "evidence_level_zh": "第三方开放地图，非道路红线，不作为工程线位依据",
        "length_m": 842.35
      },
      "geometry": {
        "type": "LineString",
        "coordinates": [
          [
            116.3458273,
            40.0139074
          ],
          [
            116.3458457,
            40.0137914
          ],
          [
            116.3458529,
            40.0137457
          ],
          [
            116.3458723,
            40.0134386
          ],
          [
            116.3458798,
            40.013302
          ],
          [
            116.345879,
            40.013261
          ],
          [
            116.3459018,
            40.0130134
          ],
          [
            116.3459229,
            40.0126343
          ],
          [
            116.3459318,
            40.0124777
          ],
          [
            116.3459602,
            40.0123024
          ],
          [
            116.3459961,
            40.0121291
          ],
          [
            116.3462277,
            40.0073483
          ],
          [
            116.346173,
            40.0070027
          ],
          [
            116.3461746,
            40.0066128
          ],
          [
            116.346168,
            40.0065678
          ],
          [
            116.3461515,
            40.0064562
          ],
          [
            116.3461337,
            40.0063353
          ]
        ]
      }
    },
    {
      "type": "Feature",
      "id": "ROAD-0207",
      "properties": {
        "id": "ROAD-0207",
        "layer": "ROAD_CENTERLINE",
        "source_type": "osm",
        "confidence": "medium",
        "geometry_role": "existing_condition",
        "road_class": "expressway",
        "name_zh": "西直门北大街",
        "osmid": "w181578655",
        "evidence_level_zh": "第三方开放地图，非道路红线，不作为工程线位依据",
        "length_m": 418.95
      },
      "geometry": {
        "type": "LineString",
        "coordinates": [
          [
            116.3490159,
            39.954785
          ],
          [
            116.3488619,
            39.9585562
          ]
        ]
      }
    },
    {
      "type": "Feature",
      "id": "ROAD-0208",
      "properties": {
        "id": "ROAD-0208",
        "layer": "ROAD_CENTERLINE",
        "source_type": "osm",
        "confidence": "medium",
        "geometry_role": "existing_condition",
        "road_class": "branch",
        "name_zh": "北四环中路",
        "osmid": "w191050698",
        "evidence_level_zh": "第三方开放地图，非道路红线，不作为工程线位依据",
        "length_m": 217.32
      },
      "geometry": {
        "type": "LineString",
        "coordinates": [
          [
            116.3473973,
            39.9852797
          ],
          [
            116.3476867,
            39.9852932
          ],
          [
            116.3489181,
            39.9853296
          ],
          [
            116.3499394,
            39.9853598
          ]
        ]
      }
    },
    {
      "type": "Feature",
      "id": "ROAD-0209",
      "properties": {
        "id": "ROAD-0209",
        "layer": "ROAD_CENTERLINE",
        "source_type": "osm",
        "confidence": "medium",
        "geometry_role": "existing_condition",
        "road_class": "branch",
        "name_zh": "交通大学路",
        "osmid": "w200877424",
        "evidence_level_zh": "第三方开放地图，非道路红线，不作为工程线位依据",
        "length_m": 181.33
      },
      "geometry": {
        "type": "LineString",
        "coordinates": [
          [
            116.3404459,
            39.9481524
          ],
          [
            116.3421536,
            39.9487009
          ],
          [
            116.3423845,
            39.9488105
          ]
        ]
      }
    },
    {
      "type": "Feature",
      "id": "ROAD-0210",
      "properties": {
        "id": "ROAD-0210",
        "layer": "ROAD_CENTERLINE",
        "source_type": "osm",
        "confidence": "medium",
        "geometry_role": "existing_condition",
        "road_class": "branch",
        "name_zh": "高梁桥斜街",
        "osmid": "w200877430",
        "evidence_level_zh": "第三方开放地图，非道路红线，不作为工程线位依据",
        "length_m": 151.6
      },
      "geometry": {
        "type": "LineString",
        "coordinates": [
          [
            116.3455028,
            39.9423976
          ],
          [
            116.345452,
            39.9425382
          ],
          [
            116.3453516,
            39.9426447
          ],
          [
            116.3452388,
            39.9427042
          ],
          [
            116.3450169,
            39.942791
          ],
          [
            116.3441709,
            39.9430371
          ],
          [
            116.3440557,
            39.9430706
          ]
        ]
      }
    },
    {
      "type": "Feature",
      "id": "ROAD-0211",
      "properties": {
        "id": "ROAD-0211",
        "layer": "ROAD_CENTERLINE",
        "source_type": "osm",
        "confidence": "medium",
        "geometry_role": "existing_condition",
        "road_class": "secondary",
        "name_zh": "高梁桥斜街",
        "osmid": "w200877433",
        "evidence_level_zh": "第三方开放地图，非道路红线，不作为工程线位依据",
        "length_m": 240.06
      },
      "geometry": {
        "type": "LineString",
        "coordinates": [
          [
            116.3405631,
            39.94393
          ],
          [
            116.3413282,
            39.9436776
          ],
          [
            116.3428961,
            39.9431841
          ],
          [
            116.3431271,
            39.943059
          ]
        ]
      }
    },
    {
      "type": "Feature",
      "id": "ROAD-0212",
      "properties": {
        "id": "ROAD-0212",
        "layer": "ROAD_CENTERLINE",
        "source_type": "osm",
        "confidence": "medium",
        "geometry_role": "existing_condition",
        "road_class": "branch",
        "name_zh": "高梁桥斜街",
        "osmid": "w200877437",
        "evidence_level_zh": "第三方开放地图，非道路红线，不作为工程线位依据",
        "length_m": 215.84
      },
      "geometry": {
        "type": "LineString",
        "coordinates": [
          [
            116.3405657,
            39.9438377
          ],
          [
            116.3412853,
            39.9436028
          ],
          [
            116.3429087,
            39.9431129
          ]
        ]
      }
    },
    {
      "type": "Feature",
      "id": "ROAD-0213",
      "properties": {
        "id": "ROAD-0213",
        "layer": "ROAD_CENTERLINE",
        "source_type": "osm",
        "confidence": "medium",
        "geometry_role": "existing_condition",
        "road_class": "expressway",
        "name_zh": "北三环",
        "osmid": "w217986919",
        "evidence_level_zh": "第三方开放地图，非道路红线，不作为工程线位依据",
        "length_m": 199.57
      },
      "geometry": {
        "type": "LineString",
        "coordinates": [
          [
            116.3422763,
            39.9663621
          ],
          [
            116.3399407,
            39.9663388
          ]
        ]
      }
    },
    {
      "type": "Feature",
      "id": "ROAD-0214",
      "properties": {
        "id": "ROAD-0214",
        "layer": "ROAD_CENTERLINE",
        "source_type": "osm",
        "confidence": "medium",
        "geometry_role": "existing_condition",
        "road_class": "branch",
        "name_zh": "北三环西路",
        "osmid": "w217986920",
        "evidence_level_zh": "第三方开放地图，非道路红线，不作为工程线位依据",
        "length_m": 121.86
      },
      "geometry": {
        "type": "LineString",
        "coordinates": [
          [
            116.3413624,
            39.9665122
          ],
          [
            116.3413075,
            39.9665117
          ],
          [
            116.3401838,
            39.9665023
          ],
          [
            116.3399362,
            39.9665002
          ]
        ]
      }
    },
    {
      "type": "Feature",
      "id": "ROAD-0215",
      "properties": {
        "id": "ROAD-0215",
        "layer": "ROAD_CENTERLINE",
        "source_type": "osm",
        "confidence": "medium",
        "geometry_role": "existing_condition",
        "road_class": "branch",
        "name_zh": "交大东路",
        "osmid": "w219439943",
        "evidence_level_zh": "第三方开放地图，非道路红线，不作为工程线位依据",
        "length_m": 101.0
      },
      "geometry": {
        "type": "LineString",
        "coordinates": [
          [
            116.3437271,
            39.9440072
          ],
          [
            116.3437277,
            39.9437919
          ],
          [
            116.3438378,
            39.9433833
          ],
          [
            116.3439109,
            39.9431121
          ]
        ]
      }
    },
    {
      "type": "Feature",
      "id": "ROAD-0216",
      "properties": {
        "id": "ROAD-0216",
        "layer": "ROAD_CENTERLINE",
        "source_type": "osm",
        "confidence": "medium",
        "geometry_role": "existing_condition",
        "road_class": "branch",
        "name_zh": "交大东路",
        "osmid": "w219439944",
        "evidence_level_zh": "第三方开放地图，非道路红线，不作为工程线位依据",
        "length_m": 108.31
      },
      "geometry": {
        "type": "LineString",
        "coordinates": [
          [
            116.3440557,
            39.9430706
          ],
          [
            116.3438522,
            39.943812
          ],
          [
            116.3437271,
            39.9440072
          ]
        ]
      }
    },
    {
      "type": "Feature",
      "id": "ROAD-0217",
      "properties": {
        "id": "ROAD-0217",
        "layer": "ROAD_CENTERLINE",
        "source_type": "osm",
        "confidence": "medium",
        "geometry_role": "existing_condition",
        "road_class": "branch",
        "name_zh": "交大东路",
        "osmid": "w219439945",
        "evidence_level_zh": "第三方开放地图，非道路红线，不作为工程线位依据",
        "length_m": 1389.03
      },
      "geometry": {
        "type": "LineString",
        "coordinates": [
          [
            116.3437271,
            39.9440072
          ],
          [
            116.343691,
            39.9441365
          ],
          [
            116.3435597,
            39.9446062
          ],
          [
            116.3426182,
            39.9479745
          ],
          [
            116.342453,
            39.9485654
          ],
          [
            116.3423845,
            39.9488105
          ],
          [
            116.3423205,
            39.9490448
          ],
          [
            116.3417354,
            39.9511862
          ],
          [
            116.3415375,
            39.951926
          ],
          [
            116.3414772,
            39.9521002
          ],
          [
            116.3413339,
            39.9525256
          ],
          [
            116.3412971,
            39.9526581
          ],
          [
            116.3412052,
            39.9529967
          ],
          [
            116.3411869,
            39.9530556
          ],
          [
            116.3406455,
            39.9548451
          ],
          [
            116.340502,
            39.9553453
          ],
          [
            116.3403649,
            39.9557939
          ],
          [
            116.3403184,
            39.9559459
          ],
          [
            116.3402218,
            39.9562211
          ]
        ]
      }
    },
    {
      "type": "Feature",
      "id": "ROAD-0218",
      "properties": {
        "id": "ROAD-0218",
        "layer": "ROAD_CENTERLINE",
        "source_type": "osm",
        "confidence": "medium",
        "geometry_role": "existing_condition",
        "road_class": "branch",
        "name_zh": "高梁桥斜街",
        "osmid": "w219439948",
        "evidence_level_zh": "第三方开放地图，非道路红线，不作为工程线位依据",
        "length_m": 312.37
      },
      "geometry": {
        "type": "LineString",
        "coordinates": [
          [
            116.3439109,
            39.9431121
          ],
          [
            116.3421832,
            39.9436748
          ],
          [
            116.3414659,
            39.9439174
          ],
          [
            116.3413171,
            39.9439682
          ],
          [
            116.3405549,
            39.944226
          ]
        ]
      }
    },
    {
      "type": "Feature",
      "id": "ROAD-0219",
      "properties": {
        "id": "ROAD-0219",
        "layer": "ROAD_CENTERLINE",
        "source_type": "osm",
        "confidence": "medium",
        "geometry_role": "existing_condition",
        "road_class": "secondary",
        "name_zh": "高梁桥斜街",
        "osmid": "w219439949",
        "evidence_level_zh": "第三方开放地图，非道路红线，不作为工程线位依据",
        "length_m": 303.01
      },
      "geometry": {
        "type": "LineString",
        "coordinates": [
          [
            116.343849,
            39.9429953
          ],
          [
            116.3431092,
            39.9432388
          ],
          [
            116.3421094,
            39.9435075
          ],
          [
            116.3413692,
            39.9437489
          ],
          [
            116.3405608,
            39.9440125
          ]
        ]
      }
    },
    {
      "type": "Feature",
      "id": "ROAD-0220",
      "properties": {
        "id": "ROAD-0220",
        "layer": "ROAD_CENTERLINE",
        "source_type": "osm",
        "confidence": "medium",
        "geometry_role": "existing_condition",
        "road_class": "expressway",
        "name_zh": "西二环",
        "osmid": "w219663112",
        "evidence_level_zh": "第三方开放地图，非道路红线，不作为工程线位依据",
        "length_m": 130.69
      },
      "geometry": {
        "type": "LineString",
        "coordinates": [
          [
            116.3491522,
            39.9415124
          ],
          [
            116.3491427,
            39.9414788
          ],
          [
            116.3491364,
            39.9414509
          ],
          [
            116.3491314,
            39.941421
          ],
          [
            116.3491247,
            39.9413748
          ],
          [
            116.3491203,
            39.9413291
          ],
          [
            116.3491172,
            39.9412811
          ],
          [
            116.3491153,
            39.9412341
          ],
          [
            116.3491137,
            39.9411382
          ],
          [
            116.3491135,
            39.9410447
          ],
          [
            116.3491157,
            39.9409512
          ],
          [
            116.3491228,
            39.9407643
          ],
          [
            116.3491771,
            39.9403395
          ]
        ]
      }
    },
    {
      "type": "Feature",
      "id": "ROAD-0221",
      "properties": {
        "id": "ROAD-0221",
        "layer": "ROAD_CENTERLINE",
        "source_type": "osm",
        "confidence": "medium",
        "geometry_role": "existing_condition",
        "road_class": "expressway",
        "name_zh": "西直门外大街",
        "osmid": "w219663118",
        "evidence_level_zh": "第三方开放地图，非道路红线，不作为工程线位依据",
        "length_m": 83.93
      },
      "geometry": {
        "type": "LineString",
        "coordinates": [
          [
            116.3476769,
            39.9390981
          ],
          [
            116.3474661,
            39.9390795
          ],
          [
            116.3472283,
            39.939057
          ],
          [
            116.346927,
            39.9390258
          ],
          [
            116.3467033,
            39.9390002
          ]
        ]
      }
    },
    {
      "type": "Feature",
      "id": "ROAD-0222",
      "properties": {
        "id": "ROAD-0222",
        "layer": "ROAD_CENTERLINE",
        "source_type": "osm",
        "confidence": "medium",
        "geometry_role": "existing_condition",
        "road_class": "expressway",
        "name_zh": "北三环",
        "osmid": "w220918375",
        "evidence_level_zh": "第三方开放地图，非道路红线，不作为工程线位依据",
        "length_m": 116.52
      },
      "geometry": {
        "type": "LineString",
        "coordinates": [
          [
            116.3551871,
            39.9664123
          ],
          [
            116.3538234,
            39.9663988
          ]
        ]
      }
    },
    {
      "type": "Feature",
      "id": "ROAD-0223",
      "properties": {
        "id": "ROAD-0223",
        "layer": "ROAD_CENTERLINE",
        "source_type": "osm",
        "confidence": "medium",
        "geometry_role": "existing_condition",
        "road_class": "branch",
        "name_zh": "北三环中路",
        "osmid": "w220918380",
        "evidence_level_zh": "第三方开放地图，非道路红线，不作为工程线位依据",
        "length_m": 281.61
      },
      "geometry": {
        "type": "LineString",
        "coordinates": [
          [
            116.3551735,
            39.9665814
          ],
          [
            116.3532553,
            39.966572
          ],
          [
            116.3526445,
            39.9665571
          ],
          [
            116.3518813,
            39.966501
          ]
        ]
      }
    },
    {
      "type": "Feature",
      "id": "ROAD-0224",
      "properties": {
        "id": "ROAD-0224",
        "layer": "ROAD_CENTERLINE",
        "source_type": "osm",
        "confidence": "medium",
        "geometry_role": "existing_condition",
        "road_class": "arterial",
        "name_zh": "北土城西路",
        "osmid": "w227668230",
        "evidence_level_zh": "第三方开放地图，非道路红线，不作为工程线位依据",
        "length_m": 457.35
      },
      "geometry": {
        "type": "LineString",
        "coordinates": [
          [
            116.3534789,
            39.9752518
          ],
          [
            116.3503359,
            39.9752274
          ],
          [
            116.3493211,
            39.9752195
          ],
          [
            116.3481255,
            39.9752192
          ]
        ]
      }
    },
    {
      "type": "Feature",
      "id": "ROAD-0225",
      "properties": {
        "id": "ROAD-0225",
        "layer": "ROAD_CENTERLINE",
        "source_type": "osm",
        "confidence": "medium",
        "geometry_role": "existing_condition",
        "road_class": "arterial",
        "name_zh": "北土城西路",
        "osmid": "w227668231",
        "evidence_level_zh": "第三方开放地图，非道路红线，不作为工程线位依据",
        "length_m": 85.48
      },
      "geometry": {
        "type": "LineString",
        "coordinates": [
          [
            116.3544794,
            39.9752596
          ],
          [
            116.3534789,
            39.9752518
          ]
        ]
      }
    },
    {
      "type": "Feature",
      "id": "ROAD-0226",
      "properties": {
        "id": "ROAD-0226",
        "layer": "ROAD_CENTERLINE",
        "source_type": "osm",
        "confidence": "medium",
        "geometry_role": "existing_condition",
        "road_class": "arterial",
        "name_zh": "G6辅路",
        "osmid": "w234442007",
        "evidence_level_zh": "第三方开放地图，非道路红线，不作为工程线位依据",
        "length_m": 654.96
      },
      "geometry": {
        "type": "LineString",
        "coordinates": [
          [
            116.3505521,
            40.0214057
          ],
          [
            116.3505891,
            40.0215314
          ],
          [
            116.3506184,
            40.0216804
          ],
          [
            116.3505822,
            40.0218969
          ],
          [
            116.3505347,
            40.0220224
          ],
          [
            116.3503558,
            40.0223052
          ],
          [
            116.3502603,
            40.0224265
          ],
          [
            116.3501571,
            40.0225355
          ],
          [
            116.3499916,
            40.0226902
          ],
          [
            116.349768,
            40.0228488
          ],
          [
            116.3489517,
            40.0232091
          ],
          [
            116.3470251,
            40.0238468
          ],
          [
            116.3463019,
            40.0240838
          ],
          [
            116.3461061,
            40.024185
          ],
          [
            116.3459302,
            40.02431
          ],
          [
            116.3457779,
            40.0244416
          ],
          [
            116.3456868,
            40.024522
          ],
          [
            116.3455873,
            40.0246494
          ],
          [
            116.3455365,
            40.0247188
          ],
          [
            116.3454158,
            40.0248834
          ],
          [
            116.3453277,
            40.0250036
          ],
          [
            116.3452635,
            40.0250911
          ]
        ]
      }
    },
    {
      "type": "Feature",
      "id": "ROAD-0227",
      "properties": {
        "id": "ROAD-0227",
        "layer": "ROAD_CENTERLINE",
        "source_type": "osm",
        "confidence": "medium",
        "geometry_role": "existing_condition",
        "road_class": "secondary",
        "name_zh": "银泉路",
        "osmid": "w234442017",
        "evidence_level_zh": "第三方开放地图，非道路红线，不作为工程线位依据",
        "length_m": 231.78
      },
      "geometry": {
        "type": "LineString",
        "coordinates": [
          [
            116.3458273,
            40.0139074
          ],
          [
            116.3459762,
            40.0139026
          ],
          [
            116.3463532,
            40.013913
          ],
          [
            116.3471273,
            40.0139345
          ],
          [
            116.3484579,
            40.0139487
          ],
          [
            116.348541,
            40.0139493
          ]
        ]
      }
    },
    {
      "type": "Feature",
      "id": "ROAD-0228",
      "properties": {
        "id": "ROAD-0228",
        "layer": "ROAD_CENTERLINE",
        "source_type": "osm",
        "confidence": "medium",
        "geometry_role": "existing_condition",
        "road_class": "secondary",
        "name_zh": "月泉路",
        "osmid": "w234442035",
        "evidence_level_zh": "第三方开放地图，非道路红线，不作为工程线位依据",
        "length_m": 320.54
      },
      "geometry": {
        "type": "LineString",
        "coordinates": [
          [
            116.3458356,
            40.0139976
          ],
          [
            116.3456828,
            40.0139934
          ],
          [
            116.3448856,
            40.0139716
          ],
          [
            116.3443792,
            40.013935
          ],
          [
            116.3435356,
            40.0139032
          ],
          [
            116.3421317,
            40.0138992
          ],
          [
            116.342107,
            40.0138986
          ],
          [
            116.3420852,
            40.0138981
          ]
        ]
      }
    },
    {
      "type": "Feature",
      "id": "ROAD-0229",
      "properties": {
        "id": "ROAD-0229",
        "layer": "ROAD_CENTERLINE",
        "source_type": "osm",
        "confidence": "medium",
        "geometry_role": "existing_condition",
        "road_class": "expressway",
        "name_zh": "西直门北大街",
        "osmid": "w235463902",
        "evidence_level_zh": "第三方开放地图，非道路红线，不作为工程线位依据",
        "length_m": 150.11
      },
      "geometry": {
        "type": "LineString",
        "coordinates": [
          [
            116.3500363,
            39.9446897
          ],
          [
            116.3500377,
            39.9446622
          ],
          [
            116.350039,
            39.9446405
          ],
          [
            116.3500404,
            39.9446171
          ],
          [
            116.3500425,
            39.9445914
          ],
          [
            116.3500444,
            39.9445681
          ],
          [
            116.3500463,
            39.9445443
          ],
          [
            116.3500481,
            39.9445187
          ],
          [
            116.3500499,
            39.9444931
          ],
          [
            116.3500512,
            39.9444751
          ],
          [
            116.350052,
            39.9444569
          ],
          [
            116.3500529,
            39.9444402
          ],
          [
            116.3500538,
            39.9444234
          ],
          [
            116.3500541,
            39.9444154
          ],
          [
            116.3500545,
            39.9444073
          ],
          [
            116.3500546,
            39.9443991
          ],
          [
            116.3500548,
            39.9443906
          ],
          [
            116.3500549,
            39.9443723
          ],
          [
            116.3500547,
            39.9443531
          ],
          [
            116.3500545,
            39.9443226
          ],
          [
            116.3500537,
            39.9442927
          ],
          [
            116.3500524,
            39.9442616
          ],
          [
            116.3500512,
            39.9442311
          ],
          [
            116.35005,
            39.9442123
          ],
          [
            116.3500488,
            39.9441935
          ],
          [
            116.3500476,
            39.9441747
          ],
          [
            116.3500464,
            39.9441559
          ],
          [
            116.3500448,
            39.9441372
          ],
          [
            116.3500432,
            39.9441184
          ],
          [
            116.3500416,
            39.9440992
          ],
          [
            116.35004,
            39.9440802
          ],
          [
            116.3500387,
            39.944064
          ],
          [
            116.3500371,
            39.9440477
          ],
          [
            116.3500341,
            39.9440155
          ],
          [
            116.3500308,
            39.9439824
          ],
          [
            116.3500275,
            39.943949
          ],
          [
            116.3500201,
            39.9438783
          ],
          [
            116.3500126,
            39.9438065
          ],
          [
            116.350007,
            39.9437499
          ],
          [
            116.3500014,
            39.9436933
          ],
          [
            116.3499988,
            39.9436643
          ],
          [
            116.3499962,
            39.9436358
          ],
          [
            116.349994,
            39.9436071
          ],
          [
            116.3499915,
            39.943577
          ],
          [
            116.3499886,
            39.9435415
          ],
          [
            116.3499857,
            39.9435061
          ],
          [
            116.3499824,
            39.9434703
          ],
          [
            116.3499807,
            39.943452
          ],
          [
            116.349979,
            39.9434345
          ],
          [
            116.3499781,
            39.943422
          ],
          [
            116.3499772,
            39.9434114
          ],
          [
            116.3499763,
            39.9433998
          ],
          [
            116.3499754,
            39.9433874
          ],
          [
            116.3499745,
            39.9433757
          ],
          [
            116.3499738,
            39.9433638
          ],
          [
            116.3499731,
            39.9433524
          ],
          [
            116.3499726,
            39.9433403
          ]
        ]
      }
    },
    {
      "type": "Feature",
      "id": "ROAD-0230",
      "properties": {
        "id": "ROAD-0230",
        "layer": "ROAD_CENTERLINE",
        "source_type": "osm",
        "confidence": "medium",
        "geometry_role": "existing_condition",
        "road_class": "secondary",
        "name_zh": "清华东路",
        "osmid": "w235466187",
        "evidence_level_zh": "第三方开放地图，非道路红线，不作为工程线位依据",
        "length_m": 291.61
      },
      "geometry": {
        "type": "LineString",
        "coordinates": [
          [
            116.3464212,
            39.9996928
          ],
          [
            116.3462768,
            39.9996885
          ],
          [
            116.3461651,
            39.9996874
          ],
          [
            116.3445517,
            39.9996639
          ],
          [
            116.3430072,
            39.9996412
          ]
        ]
      }
    },
    {
      "type": "Feature",
      "id": "ROAD-0231",
      "properties": {
        "id": "ROAD-0231",
        "layer": "ROAD_CENTERLINE",
        "source_type": "osm",
        "confidence": "medium",
        "geometry_role": "existing_condition",
        "road_class": "secondary",
        "name_zh": "学院南路",
        "osmid": "w235466188",
        "evidence_level_zh": "第三方开放地图，非道路红线，不作为工程线位依据",
        "length_m": 475.41
      },
      "geometry": {
        "type": "LineString",
        "coordinates": [
          [
            116.3402066,
            39.9567695
          ],
          [
            116.3414816,
            39.9567452
          ],
          [
            116.341729,
            39.9567429
          ],
          [
            116.3417877,
            39.9567424
          ],
          [
            116.3418538,
            39.9567418
          ],
          [
            116.3421973,
            39.9567328
          ],
          [
            116.3430114,
            39.9567148
          ],
          [
            116.3434883,
            39.9567042
          ],
          [
            116.3438691,
            39.9566958
          ],
          [
            116.3446375,
            39.9566788
          ],
          [
            116.345331,
            39.9566605
          ],
          [
            116.3457678,
            39.956649
          ]
        ]
      }
    },
    {
      "type": "Feature",
      "id": "ROAD-0232",
      "properties": {
        "id": "ROAD-0232",
        "layer": "ROAD_CENTERLINE",
        "source_type": "osm",
        "confidence": "medium",
        "geometry_role": "existing_condition",
        "road_class": "branch",
        "name_zh": "林业大学北路",
        "osmid": "w239167100",
        "evidence_level_zh": "第三方开放地图，非道路红线，不作为工程线位依据",
        "length_m": 83.36
      },
      "geometry": {
        "type": "LineString",
        "coordinates": [
          [
            116.3426926,
            40.0063478
          ],
          [
            116.3419403,
            40.0063395
          ],
          [
            116.3417164,
            40.006337
          ]
        ]
      }
    },
    {
      "type": "Feature",
      "id": "ROAD-0233",
      "properties": {
        "id": "ROAD-0233",
        "layer": "ROAD_CENTERLINE",
        "source_type": "osm",
        "confidence": "medium",
        "geometry_role": "existing_condition",
        "road_class": "secondary",
        "name_zh": "清华东路",
        "osmid": "w239167102",
        "evidence_level_zh": "第三方开放地图，非道路红线，不作为工程线位依据",
        "length_m": 127.97
      },
      "geometry": {
        "type": "LineString",
        "coordinates": [
          [
            116.342785,
            39.9996345
          ],
          [
            116.3426882,
            39.9996323
          ],
          [
            116.34259,
            39.9996302
          ],
          [
            116.3414306,
            39.9996044
          ],
          [
            116.3412871,
            39.9996017
          ]
        ]
      }
    },
    {
      "type": "Feature",
      "id": "ROAD-0234",
      "properties": {
        "id": "ROAD-0234",
        "layer": "ROAD_CENTERLINE",
        "source_type": "osm",
        "confidence": "medium",
        "geometry_role": "existing_condition",
        "road_class": "branch",
        "name_zh": "知春路",
        "osmid": "w240367934",
        "evidence_level_zh": "第三方开放地图，非道路红线，不作为工程线位依据",
        "length_m": 641.77
      },
      "geometry": {
        "type": "LineString",
        "coordinates": [
          [
            116.3397008,
            39.9749715
          ],
          [
            116.3420792,
            39.974976
          ],
          [
            116.3439687,
            39.9749911
          ],
          [
            116.3453338,
            39.9750293
          ],
          [
            116.345637,
            39.9750378
          ],
          [
            116.3463771,
            39.9750138
          ],
          [
            116.3472111,
            39.9750275
          ]
        ]
      }
    },
    {
      "type": "Feature",
      "id": "ROAD-0235",
      "properties": {
        "id": "ROAD-0235",
        "layer": "ROAD_CENTERLINE",
        "source_type": "osm",
        "confidence": "medium",
        "geometry_role": "existing_condition",
        "road_class": "branch",
        "name_zh": "西直门北大街",
        "osmid": "w252610750",
        "evidence_level_zh": "第三方开放地图，非道路红线，不作为工程线位依据",
        "length_m": 315.87
      },
      "geometry": {
        "type": "LineString",
        "coordinates": [
          [
            116.3498842,
            39.9437016
          ],
          [
            116.3498504,
            39.9431553
          ],
          [
            116.3498459,
            39.9430246
          ],
          [
            116.3498445,
            39.9430078
          ],
          [
            116.3498425,
            39.9429909
          ],
          [
            116.3498403,
            39.9429744
          ],
          [
            116.3498381,
            39.942958
          ],
          [
            116.3498325,
            39.9429247
          ],
          [
            116.3498259,
            39.9428913
          ],
          [
            116.3498203,
            39.9428664
          ],
          [
            116.349814,
            39.9428415
          ],
          [
            116.3498068,
            39.9428166
          ],
          [
            116.349799,
            39.9427917
          ],
          [
            116.3497906,
            39.942768
          ],
          [
            116.3497815,
            39.9427443
          ],
          [
            116.3497721,
            39.9427209
          ],
          [
            116.3497618,
            39.9426969
          ],
          [
            116.3497465,
            39.9426639
          ],
          [
            116.3497312,
            39.9426309
          ],
          [
            116.3497051,
            39.9425769
          ],
          [
            116.3496885,
            39.9425434
          ],
          [
            116.3496711,
            39.9425098
          ],
          [
            116.3496545,
            39.9424756
          ],
          [
            116.3496371,
            39.9424414
          ],
          [
            116.3496206,
            39.942412
          ],
          [
            116.3496122,
            39.9423983
          ],
          [
            116.3496085,
            39.9423924
          ],
          [
            116.3496046,
            39.9423869
          ],
          [
            116.3495944,
            39.9423733
          ],
          [
            116.3495757,
            39.9423503
          ],
          [
            116.3493789,
            39.9421272
          ],
          [
            116.3493494,
            39.9420927
          ],
          [
            116.3493199,
            39.9420582
          ],
          [
            116.3492904,
            39.9420223
          ],
          [
            116.3492636,
            39.9419879
          ],
          [
            116.3492394,
            39.9419561
          ],
          [
            116.349216,
            39.9419237
          ],
          [
            116.349194,
            39.9418919
          ],
          [
            116.3491711,
            39.9418584
          ],
          [
            116.3491491,
            39.9418244
          ],
          [
            116.3491396,
            39.9418092
          ],
          [
            116.3491299,
            39.9417925
          ],
          [
            116.349122,
            39.9417783
          ],
          [
            116.349117,
            39.9417687
          ],
          [
            116.349112,
            39.9417592
          ],
          [
            116.3491026,
            39.9417398
          ],
          [
            116.3490926,
            39.9417179
          ],
          [
            116.3490828,
            39.9416948
          ],
          [
            116.3490733,
            39.9416712
          ],
          [
            116.3490644,
            39.9416476
          ],
          [
            116.3490562,
            39.941624
          ],
          [
            116.3490487,
            39.9416004
          ],
          [
            116.3490417,
            39.941577
          ],
          [
            116.349035,
            39.9415533
          ],
          [
            116.3490286,
            39.9415294
          ],
          [
            116.3490228,
            39.9415046
          ],
          [
            116.3490174,
            39.941481
          ],
          [
            116.349012,
            39.9414565
          ],
          [
            116.3490071,
            39.9414329
          ],
          [
            116.3490023,
            39.9414093
          ],
          [
            116.3489985,
            39.9413867
          ],
          [
            116.3489947,
            39.9413609
          ],
          [
            116.3489886,
            39.9413126
          ],
          [
            116.3489871,
            39.941304
          ],
          [
            116.3489863,
            39.9412996
          ],
          [
            116.3489853,
            39.9412954
          ],
          [
            116.3489844,
            39.9412918
          ],
          [
            116.3489835,
            39.9412883
          ],
          [
            116.3489809,
            39.941281
          ],
          [
            116.348978,
            39.9412743
          ],
          [
            116.3489745,
            39.9412677
          ],
          [
            116.3489709,
            39.941261
          ],
          [
            116.3489668,
            39.9412542
          ],
          [
            116.3489592,
            39.9412421
          ],
          [
            116.3489515,
            39.94123
          ],
          [
            116.3489317,
            39.9411994
          ],
          [
            116.3488927,
            39.9411404
          ],
          [
            116.3488865,
            39.9411302
          ],
          [
            116.3488812,
            39.9411206
          ],
          [
            116.3488761,
            39.9411108
          ],
          [
            116.3488713,
            39.9411007
          ],
          [
            116.3488681,
            39.9410929
          ],
          [
            116.3488649,
            39.9410845
          ],
          [
            116.3488624,
            39.9410761
          ],
          [
            116.3488602,
            39.9410676
          ],
          [
            116.3488583,
            39.9410578
          ],
          [
            116.3488569,
            39.941048
          ],
          [
            116.3488557,
            39.9410377
          ],
          [
            116.3488553,
            39.9410271
          ]
        ]
      }
    },
    {
      "type": "Feature",
      "id": "ROAD-0236",
      "properties": {
        "id": "ROAD-0236",
        "layer": "ROAD_CENTERLINE",
        "source_type": "osm",
        "confidence": "medium",
        "geometry_role": "existing_condition",
        "road_class": "branch",
        "name_zh": "月清路",
        "osmid": "w368456355",
        "evidence_level_zh": "第三方开放地图，非道路红线，不作为工程线位依据",
        "length_m": 314.84
      },
      "geometry": {
        "type": "LineString",
        "coordinates": [
          [
            116.3462455,
            40.0112317
          ],
          [
            116.3463098,
            40.0112326
          ],
          [
            116.3472584,
            40.0112456
          ],
          [
            116.3490236,
            40.0112573
          ],
          [
            116.3499326,
            40.0112634
          ]
        ]
      }
    },
    {
      "type": "Feature",
      "id": "ROAD-0237",
      "properties": {
        "id": "ROAD-0237",
        "layer": "ROAD_CENTERLINE",
        "source_type": "osm",
        "confidence": "medium",
        "geometry_role": "existing_condition",
        "road_class": "branch",
        "name_zh": "慧景路",
        "osmid": "w376035789",
        "evidence_level_zh": "第三方开放地图，非道路红线，不作为工程线位依据",
        "length_m": 248.68
      },
      "geometry": {
        "type": "LineString",
        "coordinates": [
          [
            116.3523901,
            39.9529213
          ],
          [
            116.3553,
            39.9529411
          ]
        ]
      }
    },
    {
      "type": "Feature",
      "id": "ROAD-0238",
      "properties": {
        "id": "ROAD-0238",
        "layer": "ROAD_CENTERLINE",
        "source_type": "osm",
        "confidence": "medium",
        "geometry_role": "existing_condition",
        "road_class": "branch",
        "name_zh": "师大北路",
        "osmid": "w399048639",
        "evidence_level_zh": "第三方开放地图，非道路红线，不作为工程线位依据",
        "length_m": 518.54
      },
      "geometry": {
        "type": "LineString",
        "coordinates": [
          [
            116.348767,
            39.9635742
          ],
          [
            116.3488355,
            39.9635761
          ],
          [
            116.3488598,
            39.9635768
          ],
          [
            116.3492658,
            39.963588
          ],
          [
            116.3508654,
            39.9636321
          ],
          [
            116.3512586,
            39.963643
          ],
          [
            116.3519463,
            39.9636621
          ],
          [
            116.3529211,
            39.9636891
          ],
          [
            116.3547449,
            39.963754
          ],
          [
            116.3548312,
            39.9637552
          ]
        ]
      }
    },
    {
      "type": "Feature",
      "id": "ROAD-0239",
      "properties": {
        "id": "ROAD-0239",
        "layer": "ROAD_CENTERLINE",
        "source_type": "osm",
        "confidence": "medium",
        "geometry_role": "existing_condition",
        "road_class": "branch",
        "name_zh": "现状道路中心线（OSM 提取）",
        "osmid": "w498275831",
        "evidence_level_zh": "第三方开放地图，非道路红线，不作为工程线位依据",
        "length_m": 118.03
      },
      "geometry": {
        "type": "LineString",
        "coordinates": [
          [
            116.3399325,
            39.9666345
          ],
          [
            116.3400227,
            39.9666084
          ],
          [
            116.3410956,
            39.9666043
          ],
          [
            116.3413077,
            39.9666045
          ]
        ]
      }
    },
    {
      "type": "Feature",
      "id": "ROAD-0240",
      "properties": {
        "id": "ROAD-0240",
        "layer": "ROAD_CENTERLINE",
        "source_type": "osm",
        "confidence": "medium",
        "geometry_role": "existing_condition",
        "road_class": "branch",
        "name_zh": "杏坛路",
        "osmid": "w499426666",
        "evidence_level_zh": "第三方开放地图，非道路红线，不作为工程线位依据",
        "length_m": 267.75
      },
      "geometry": {
        "type": "LineString",
        "coordinates": [
          [
            116.3548312,
            39.9637552
          ],
          [
            116.3548177,
            39.9641182
          ],
          [
            116.3547809,
            39.9646514
          ],
          [
            116.3547414,
            39.9660601
          ],
          [
            116.3547384,
            39.9661653
          ]
        ]
      }
    },
    {
      "type": "Feature",
      "id": "ROAD-0241",
      "properties": {
        "id": "ROAD-0241",
        "layer": "ROAD_CENTERLINE",
        "source_type": "osm",
        "confidence": "medium",
        "geometry_role": "existing_condition",
        "road_class": "branch",
        "name_zh": "现状道路中心线（OSM 提取）",
        "osmid": "w500556383",
        "evidence_level_zh": "第三方开放地图，非道路红线，不作为工程线位依据",
        "length_m": 136.16
      },
      "geometry": {
        "type": "LineString",
        "coordinates": [
          [
            116.3447134,
            39.9661369
          ],
          [
            116.3448414,
            39.966034
          ],
          [
            116.3448993,
            39.9659875
          ],
          [
            116.3456264,
            39.9659927
          ],
          [
            116.3462241,
            39.965997
          ]
        ]
      }
    },
    {
      "type": "Feature",
      "id": "ROAD-0242",
      "properties": {
        "id": "ROAD-0242",
        "layer": "ROAD_CENTERLINE",
        "source_type": "osm",
        "confidence": "medium",
        "geometry_role": "existing_condition",
        "road_class": "branch",
        "name_zh": "现状道路中心线（OSM 提取）",
        "osmid": "w500556384",
        "evidence_level_zh": "第三方开放地图，非道路红线，不作为工程线位依据",
        "length_m": 72.58
      },
      "geometry": {
        "type": "LineString",
        "coordinates": [
          [
            116.3456264,
            39.9659927
          ],
          [
            116.3456419,
            39.9657735
          ],
          [
            116.3456751,
            39.9653401
          ]
        ]
      }
    },
    {
      "type": "Feature",
      "id": "ROAD-0243",
      "properties": {
        "id": "ROAD-0243",
        "layer": "ROAD_CENTERLINE",
        "source_type": "osm",
        "confidence": "medium",
        "geometry_role": "existing_condition",
        "road_class": "branch",
        "name_zh": "现状道路中心线（OSM 提取）",
        "osmid": "w500556388",
        "evidence_level_zh": "第三方开放地图，非道路红线，不作为工程线位依据",
        "length_m": 159.28
      },
      "geometry": {
        "type": "LineString",
        "coordinates": [
          [
            116.3422642,
            39.9660968
          ],
          [
            116.3422642,
            39.9660284
          ],
          [
            116.3422642,
            39.9652525
          ],
          [
            116.3423013,
            39.9650168
          ],
          [
            116.3423443,
            39.9647425
          ],
          [
            116.3423562,
            39.9646666
          ]
        ]
      }
    },
    {
      "type": "Feature",
      "id": "ROAD-0244",
      "properties": {
        "id": "ROAD-0244",
        "layer": "ROAD_CENTERLINE",
        "source_type": "osm",
        "confidence": "medium",
        "geometry_role": "existing_condition",
        "road_class": "branch",
        "name_zh": "学清路",
        "osmid": "w609201045",
        "evidence_level_zh": "第三方开放地图，非道路红线，不作为工程线位依据",
        "length_m": 475.65
      },
      "geometry": {
        "type": "LineString",
        "coordinates": [
          [
            116.3464107,
            40.0079929
          ],
          [
            116.3463291,
            40.0095365
          ],
          [
            116.3463333,
            40.0096925
          ],
          [
            116.3463467,
            40.0098784
          ],
          [
            116.3462902,
            40.0106962
          ],
          [
            116.3462503,
            40.0111691
          ],
          [
            116.3462455,
            40.0112317
          ],
          [
            116.346207,
            40.0119642
          ],
          [
            116.3460944,
            40.0122597
          ]
        ]
      }
    },
    {
      "type": "Feature",
      "id": "ROAD-0245",
      "properties": {
        "id": "ROAD-0245",
        "layer": "ROAD_CENTERLINE",
        "source_type": "osm",
        "confidence": "medium",
        "geometry_role": "existing_condition",
        "road_class": "branch",
        "name_zh": "现状道路中心线（OSM 提取）",
        "osmid": "w636570797",
        "evidence_level_zh": "第三方开放地图，非道路红线，不作为工程线位依据",
        "length_m": 217.22
      },
      "geometry": {
        "type": "LineString",
        "coordinates": [
          [
            116.3507163,
            39.946701
          ],
          [
            116.350633,
            39.9471369
          ],
          [
            116.3509126,
            39.9481273
          ],
          [
            116.3508014,
            39.9486221
          ]
        ]
      }
    },
    {
      "type": "Feature",
      "id": "ROAD-0246",
      "properties": {
        "id": "ROAD-0246",
        "layer": "ROAD_CENTERLINE",
        "source_type": "osm",
        "confidence": "medium",
        "geometry_role": "existing_condition",
        "road_class": "secondary",
        "name_zh": "西直门内大街",
        "osmid": "w723613104",
        "evidence_level_zh": "第三方开放地图，非道路红线，不作为工程线位依据",
        "length_m": 106.32
      },
      "geometry": {
        "type": "LineString",
        "coordinates": [
          [
            116.3510133,
            39.9392264
          ],
          [
            116.3504321,
            39.9392078
          ],
          [
            116.3497701,
            39.9391938
          ]
        ]
      }
    },
    {
      "type": "Feature",
      "id": "ROAD-0247",
      "properties": {
        "id": "ROAD-0247",
        "layer": "ROAD_CENTERLINE",
        "source_type": "osm",
        "confidence": "medium",
        "geometry_role": "existing_condition",
        "road_class": "expressway",
        "name_zh": "北四环中路",
        "osmid": "w739539784",
        "evidence_level_zh": "第三方开放地图，非道路红线，不作为工程线位依据",
        "length_m": 146.58
      },
      "geometry": {
        "type": "LineString",
        "coordinates": [
          [
            116.3525568,
            39.9857615
          ],
          [
            116.3508425,
            39.9857012
          ]
        ]
      }
    },
    {
      "type": "Feature",
      "id": "ROAD-0248",
      "properties": {
        "id": "ROAD-0248",
        "layer": "ROAD_CENTERLINE",
        "source_type": "osm",
        "confidence": "medium",
        "geometry_role": "existing_condition",
        "road_class": "branch",
        "name_zh": "北四环中路",
        "osmid": "w739539785",
        "evidence_level_zh": "第三方开放地图，非道路红线，不作为工程线位依据",
        "length_m": 179.27
      },
      "geometry": {
        "type": "LineString",
        "coordinates": [
          [
            116.3518848,
            39.9858922
          ],
          [
            116.35037,
            39.9858467
          ],
          [
            116.349788,
            39.985823
          ]
        ]
      }
    },
    {
      "type": "Feature",
      "id": "ROAD-0249",
      "properties": {
        "id": "ROAD-0249",
        "layer": "ROAD_CENTERLINE",
        "source_type": "osm",
        "confidence": "medium",
        "geometry_role": "existing_condition",
        "road_class": "branch",
        "name_zh": "北四环中路",
        "osmid": "w739539786",
        "evidence_level_zh": "第三方开放地图，非道路红线，不作为工程线位依据",
        "length_m": 173.44
      },
      "geometry": {
        "type": "LineString",
        "coordinates": [
          [
            116.3471719,
            39.9857184
          ],
          [
            116.3469819,
            39.985711
          ],
          [
            116.3451442,
            39.9856362
          ]
        ]
      }
    },
    {
      "type": "Feature",
      "id": "ROAD-0250",
      "properties": {
        "id": "ROAD-0250",
        "layer": "ROAD_CENTERLINE",
        "source_type": "osm",
        "confidence": "medium",
        "geometry_role": "existing_condition",
        "road_class": "expressway",
        "name_zh": "学院路",
        "osmid": "w739539787",
        "evidence_level_zh": "第三方开放地图，非道路红线，不作为工程线位依据",
        "length_m": 651.19
      },
      "geometry": {
        "type": "LineString",
        "coordinates": [
          [
            116.347267,
            39.9837934
          ],
          [
            116.3473008,
            39.9835705
          ],
          [
            116.3473354,
            39.983144
          ],
          [
            116.3474705,
            39.9814804
          ],
          [
            116.3474826,
            39.981331
          ],
          [
            116.3475661,
            39.9803018
          ],
          [
            116.3476366,
            39.9790265
          ],
          [
            116.347646,
            39.9787307
          ],
          [
            116.3477269,
            39.9779404
          ]
        ]
      }
    },
    {
      "type": "Feature",
      "id": "ROAD-0251",
      "properties": {
        "id": "ROAD-0251",
        "layer": "ROAD_CENTERLINE",
        "source_type": "osm",
        "confidence": "medium",
        "geometry_role": "existing_condition",
        "road_class": "branch",
        "name_zh": "学院路",
        "osmid": "w739539788",
        "evidence_level_zh": "第三方开放地图，非道路红线，不作为工程线位依据",
        "length_m": 354.3
      },
      "geometry": {
        "type": "LineString",
        "coordinates": [
          [
            116.3471827,
            39.9832806
          ],
          [
            116.3472041,
            39.9828367
          ],
          [
            116.3473029,
            39.9812975
          ],
          [
            116.3473821,
            39.9809348
          ],
          [
            116.34744,
            39.9801687
          ],
          [
            116.3474453,
            39.9800985
          ]
        ]
      }
    },
    {
      "type": "Feature",
      "id": "ROAD-0252",
      "properties": {
        "id": "ROAD-0252",
        "layer": "ROAD_CENTERLINE",
        "source_type": "osm",
        "confidence": "medium",
        "geometry_role": "existing_condition",
        "road_class": "branch",
        "name_zh": "学院路",
        "osmid": "w739539790",
        "evidence_level_zh": "第三方开放地图，非道路红线，不作为工程线位依据",
        "length_m": 428.15
      },
      "geometry": {
        "type": "LineString",
        "coordinates": [
          [
            116.3474453,
            39.9800985
          ],
          [
            116.3474488,
            39.9800283
          ],
          [
            116.3474934,
            39.9791282
          ],
          [
            116.3475051,
            39.9789847
          ],
          [
            116.3475148,
            39.9788651
          ],
          [
            116.3475308,
            39.9786763
          ],
          [
            116.3475274,
            39.9783592
          ],
          [
            116.3474831,
            39.9776306
          ],
          [
            116.3475324,
            39.9766964
          ],
          [
            116.3476711,
            39.9762586
          ]
        ]
      }
    },
    {
      "type": "Feature",
      "id": "ROAD-0253",
      "properties": {
        "id": "ROAD-0253",
        "layer": "ROAD_CENTERLINE",
        "source_type": "osm",
        "confidence": "medium",
        "geometry_role": "existing_condition",
        "road_class": "branch",
        "name_zh": "西直门北大街",
        "osmid": "w742487354",
        "evidence_level_zh": "第三方开放地图，非道路红线，不作为工程线位依据",
        "length_m": 99.55
      },
      "geometry": {
        "type": "LineString",
        "coordinates": [
          [
            116.349213,
            39.9501784
          ],
          [
            116.3492217,
            39.9501537
          ],
          [
            116.3494444,
            39.9495097
          ],
          [
            116.3495138,
            39.9493123
          ]
        ]
      }
    },
    {
      "type": "Feature",
      "id": "ROAD-0254",
      "properties": {
        "id": "ROAD-0254",
        "layer": "ROAD_CENTERLINE",
        "source_type": "osm",
        "confidence": "medium",
        "geometry_role": "existing_condition",
        "road_class": "branch",
        "name_zh": "西直门北大街",
        "osmid": "w742487357",
        "evidence_level_zh": "第三方开放地图，非道路红线，不作为工程线位依据",
        "length_m": 377.99
      },
      "geometry": {
        "type": "LineString",
        "coordinates": [
          [
            116.3496173,
            39.9503473
          ],
          [
            116.349601,
            39.9504024
          ],
          [
            116.3495246,
            39.9506055
          ],
          [
            116.3494559,
            39.9508534
          ],
          [
            116.349342,
            39.9513265
          ],
          [
            116.3493103,
            39.9516304
          ],
          [
            116.3492889,
            39.9518353
          ],
          [
            116.3492624,
            39.9524777
          ],
          [
            116.349215,
            39.9537256
          ]
        ]
      }
    },
    {
      "type": "Feature",
      "id": "ROAD-0255",
      "properties": {
        "id": "ROAD-0255",
        "layer": "ROAD_CENTERLINE",
        "source_type": "osm",
        "confidence": "medium",
        "geometry_role": "existing_condition",
        "road_class": "arterial",
        "name_zh": "G6辅路",
        "osmid": "w818679647",
        "evidence_level_zh": "第三方开放地图，非道路红线，不作为工程线位依据",
        "length_m": 388.88
      },
      "geometry": {
        "type": "LineString",
        "coordinates": [
          [
            116.3545631,
            40.013055
          ],
          [
            116.3544251,
            40.0132115
          ],
          [
            116.3543663,
            40.013282
          ],
          [
            116.3541818,
            40.0135035
          ],
          [
            116.3537885,
            40.014043
          ],
          [
            116.3537477,
            40.0141032
          ],
          [
            116.3533707,
            40.0145935
          ],
          [
            116.3530122,
            40.0151047
          ],
          [
            116.3522516,
            40.0160712
          ]
        ]
      }
    },
    {
      "type": "Feature",
      "id": "ROAD-0256",
      "properties": {
        "id": "ROAD-0256",
        "layer": "ROAD_CENTERLINE",
        "source_type": "osm",
        "confidence": "medium",
        "geometry_role": "existing_condition",
        "road_class": "branch",
        "name_zh": "现状道路中心线（OSM 提取）",
        "osmid": "w849487526",
        "evidence_level_zh": "第三方开放地图，非道路红线，不作为工程线位依据",
        "length_m": 418.26
      },
      "geometry": {
        "type": "LineString",
        "coordinates": [
          [
            116.3550514,
            40.0219656
          ],
          [
            116.3537495,
            40.0219829
          ],
          [
            116.3523139,
            40.0220021
          ],
          [
            116.3517005,
            40.0220127
          ],
          [
            116.3510708,
            40.0221369
          ],
          [
            116.350518,
            40.0223004
          ],
          [
            116.350456,
            40.0223307
          ],
          [
            116.3502603,
            40.0224265
          ]
        ]
      }
    },
    {
      "type": "Feature",
      "id": "ROAD-0257",
      "properties": {
        "id": "ROAD-0257",
        "layer": "ROAD_CENTERLINE",
        "source_type": "osm",
        "confidence": "medium",
        "geometry_role": "existing_condition",
        "road_class": "branch",
        "name_zh": "现状道路中心线（OSM 提取）",
        "osmid": "w853328351",
        "evidence_level_zh": "第三方开放地图，非道路红线，不作为工程线位依据",
        "length_m": 414.25
      },
      "geometry": {
        "type": "LineString",
        "coordinates": [
          [
            116.3456934,
            39.9417329
          ],
          [
            116.3458202,
            39.9418108
          ],
          [
            116.3459865,
            39.9419129
          ],
          [
            116.346235,
            39.9421536
          ],
          [
            116.3465317,
            39.9422313
          ],
          [
            116.3467724,
            39.9419921
          ],
          [
            116.3468657,
            39.9417495
          ],
          [
            116.346961,
            39.9414962
          ],
          [
            116.3470846,
            39.9412164
          ],
          [
            116.3471243,
            39.9411323
          ],
          [
            116.3471573,
            39.9410626
          ],
          [
            116.3471987,
            39.9409749
          ],
          [
            116.3472306,
            39.9409073
          ],
          [
            116.3472647,
            39.9408351
          ],
          [
            116.3472981,
            39.9407699
          ],
          [
            116.347341,
            39.9407189
          ],
          [
            116.3473736,
            39.9406899
          ],
          [
            116.3474282,
            39.9406523
          ],
          [
            116.347507,
            39.9406199
          ],
          [
            116.3475693,
            39.9406007
          ],
          [
            116.3476256,
            39.9405893
          ],
          [
            116.3476873,
            39.9405799
          ],
          [
            116.3477494,
            39.9405764
          ],
          [
            116.3478298,
            39.9405788
          ],
          [
            116.347884,
            39.9405849
          ],
          [
            116.347919,
            39.9405902
          ],
          [
            116.3479441,
            39.9405944
          ],
          [
            116.34796,
            39.9405966
          ],
          [
            116.3479736,
            39.9405986
          ],
          [
            116.3479878,
            39.940601
          ],
          [
            116.347995,
            39.9406024
          ],
          [
            116.3480287,
            39.9406068
          ],
          [
            116.3480573,
            39.9406113
          ],
          [
            116.3481216,
            39.9406236
          ],
          [
            116.3481459,
            39.9406275
          ],
          [
            116.3485802,
            39.9407223
          ],
          [
            116.3487389,
            39.9407597
          ],
          [
            116.3488634,
            39.9407891
          ]
        ]
      }
    },
    {
      "type": "Feature",
      "id": "ROAD-0258",
      "properties": {
        "id": "ROAD-0258",
        "layer": "ROAD_CENTERLINE",
        "source_type": "osm",
        "confidence": "medium",
        "geometry_role": "existing_condition",
        "road_class": "secondary",
        "name_zh": "月泉路",
        "osmid": "w854231922",
        "evidence_level_zh": "第三方开放地图，非道路红线，不作为工程线位依据",
        "length_m": 320.14
      },
      "geometry": {
        "type": "LineString",
        "coordinates": [
          [
            116.3420805,
            40.0138022
          ],
          [
            116.3421099,
            40.0138028
          ],
          [
            116.3434338,
            40.0138296
          ],
          [
            116.3439354,
            40.0138444
          ],
          [
            116.3456078,
            40.0138936
          ],
          [
            116.3456854,
            40.0138985
          ],
          [
            116.3458273,
            40.0139074
          ]
        ]
      }
    },
    {
      "type": "Feature",
      "id": "ROAD-0259",
      "properties": {
        "id": "ROAD-0259",
        "layer": "ROAD_CENTERLINE",
        "source_type": "osm",
        "confidence": "medium",
        "geometry_role": "existing_condition",
        "road_class": "branch",
        "name_zh": "双清路",
        "osmid": "w1006226771",
        "evidence_level_zh": "第三方开放地图，非道路红线，不作为工程线位依据",
        "length_m": 161.12
      },
      "geometry": {
        "type": "LineString",
        "coordinates": [
          [
            116.344172,
            40.0210992
          ],
          [
            116.3441296,
            40.0210957
          ],
          [
            116.3438969,
            40.0210508
          ],
          [
            116.3438016,
            40.0210325
          ],
          [
            116.3434938,
            40.0209731
          ],
          [
            116.3430165,
            40.0208595
          ],
          [
            116.342658,
            40.0207393
          ],
          [
            116.342444,
            40.0206303
          ],
          [
            116.3424126,
            40.0206092
          ]
        ]
      }
    },
    {
      "type": "Feature",
      "id": "ROAD-0260",
      "properties": {
        "id": "ROAD-0260",
        "layer": "ROAD_CENTERLINE",
        "source_type": "osm",
        "confidence": "medium",
        "geometry_role": "existing_condition",
        "road_class": "secondary",
        "name_zh": "高梁桥斜街",
        "osmid": "w1050791279",
        "evidence_level_zh": "第三方开放地图，非道路红线，不作为工程线位依据",
        "length_m": 65.17
      },
      "geometry": {
        "type": "LineString",
        "coordinates": [
          [
            116.3444668,
            39.9425851
          ],
          [
            116.34473,
            39.942436
          ],
          [
            116.3448205,
            39.942355
          ],
          [
            116.344934,
            39.9422397
          ],
          [
            116.3449998,
            39.9421728
          ]
        ]
      }
    },
    {
      "type": "Feature",
      "id": "ROAD-0261",
      "properties": {
        "id": "ROAD-0261",
        "layer": "ROAD_CENTERLINE",
        "source_type": "osm",
        "confidence": "medium",
        "geometry_role": "existing_condition",
        "road_class": "arterial",
        "name_zh": "学清路",
        "osmid": "w1055429159",
        "evidence_level_zh": "第三方开放地图，非道路红线，不作为工程线位依据",
        "length_m": 840.43
      },
      "geometry": {
        "type": "LineString",
        "coordinates": [
          [
            116.3448906,
            40.0212333
          ],
          [
            116.3454452,
            40.0208546
          ],
          [
            116.3454901,
            40.020766
          ],
          [
            116.3455043,
            40.0206915
          ],
          [
            116.3455852,
            40.0188444
          ],
          [
            116.3456125,
            40.0182226
          ],
          [
            116.345874,
            40.017566
          ],
          [
            116.3458974,
            40.0171765
          ],
          [
            116.3459841,
            40.0154699
          ],
          [
            116.3459123,
            40.0151378
          ],
          [
            116.3458428,
            40.0146396
          ],
          [
            116.3458689,
            40.0141133
          ],
          [
            116.3458629,
            40.0140924
          ],
          [
            116.3458356,
            40.0139976
          ],
          [
            116.3458273,
            40.0139074
          ]
        ]
      }
    },
    {
      "type": "Feature",
      "id": "ROAD-0262",
      "properties": {
        "id": "ROAD-0262",
        "layer": "ROAD_CENTERLINE",
        "source_type": "osm",
        "confidence": "medium",
        "geometry_role": "existing_condition",
        "road_class": "arterial",
        "name_zh": "学清路",
        "osmid": "w1055429169",
        "evidence_level_zh": "第三方开放地图，非道路红线，不作为工程线位依据",
        "length_m": 778.27
      },
      "geometry": {
        "type": "LineString",
        "coordinates": [
          [
            116.3460619,
            40.0140077
          ],
          [
            116.3460597,
            40.0140921
          ],
          [
            116.3460426,
            40.0147371
          ],
          [
            116.3460486,
            40.0148846
          ],
          [
            116.3460715,
            40.0154472
          ],
          [
            116.3460482,
            40.0157836
          ],
          [
            116.3460265,
            40.0171815
          ],
          [
            116.3460256,
            40.0174075
          ],
          [
            116.345919,
            40.0178498
          ],
          [
            116.345719,
            40.0182234
          ],
          [
            116.3457179,
            40.0184819
          ],
          [
            116.345672,
            40.0190313
          ],
          [
            116.3456437,
            40.0206139
          ],
          [
            116.3456868,
            40.0206985
          ],
          [
            116.3457299,
            40.0207831
          ],
          [
            116.3458996,
            40.0209082
          ]
        ]
      }
    },
    {
      "type": "Feature",
      "id": "ROAD-0263",
      "properties": {
        "id": "ROAD-0263",
        "layer": "ROAD_CENTERLINE",
        "source_type": "osm",
        "confidence": "medium",
        "geometry_role": "existing_condition",
        "road_class": "branch",
        "name_zh": "北四环中路",
        "osmid": "w1055449627",
        "evidence_level_zh": "第三方开放地图，非道路红线，不作为工程线位依据",
        "length_m": 148.68
      },
      "geometry": {
        "type": "LineString",
        "coordinates": [
          [
            116.3536231,
            39.985962
          ],
          [
            116.3518848,
            39.9858922
          ]
        ]
      }
    },
    {
      "type": "Feature",
      "id": "ROAD-0264",
      "properties": {
        "id": "ROAD-0264",
        "layer": "ROAD_CENTERLINE",
        "source_type": "osm",
        "confidence": "medium",
        "geometry_role": "existing_condition",
        "road_class": "secondary",
        "name_zh": "学院南路",
        "osmid": "w1055460647",
        "evidence_level_zh": "第三方开放地图，非道路红线，不作为工程线位依据",
        "length_m": 81.67
      },
      "geometry": {
        "type": "LineString",
        "coordinates": [
          [
            116.3483872,
            39.9567884
          ],
          [
            116.3474322,
            39.9568186
          ]
        ]
      }
    },
    {
      "type": "Feature",
      "id": "ROAD-0265",
      "properties": {
        "id": "ROAD-0265",
        "layer": "ROAD_CENTERLINE",
        "source_type": "osm",
        "confidence": "medium",
        "geometry_role": "existing_condition",
        "road_class": "branch",
        "name_zh": "西土城路",
        "osmid": "w1055460648",
        "evidence_level_zh": "第三方开放地图，非道路红线，不作为工程线位依据",
        "length_m": 199.86
      },
      "geometry": {
        "type": "LineString",
        "coordinates": [
          [
            116.3473934,
            39.9584166
          ],
          [
            116.347548,
            39.9581113
          ],
          [
            116.3482695,
            39.9569594
          ],
          [
            116.3482994,
            39.9569117
          ],
          [
            116.3483872,
            39.9567884
          ]
        ]
      }
    },
    {
      "type": "Feature",
      "id": "ROAD-0266",
      "properties": {
        "id": "ROAD-0266",
        "layer": "ROAD_CENTERLINE",
        "source_type": "osm",
        "confidence": "medium",
        "geometry_role": "existing_condition",
        "road_class": "branch",
        "name_zh": "北四环中路",
        "osmid": "w1057892336",
        "evidence_level_zh": "第三方开放地图，非道路红线，不作为工程线位依据",
        "length_m": 79.05
      },
      "geometry": {
        "type": "LineString",
        "coordinates": [
          [
            116.3451442,
            39.9856362
          ],
          [
            116.3444762,
            39.9856109
          ],
          [
            116.3442196,
            39.9856054
          ]
        ]
      }
    },
    {
      "type": "Feature",
      "id": "ROAD-0267",
      "properties": {
        "id": "ROAD-0267",
        "layer": "ROAD_CENTERLINE",
        "source_type": "osm",
        "confidence": "medium",
        "geometry_role": "existing_condition",
        "road_class": "branch",
        "name_zh": "学院路",
        "osmid": "w1057892337",
        "evidence_level_zh": "第三方开放地图，非道路红线，不作为工程线位依据",
        "length_m": 195.18
      },
      "geometry": {
        "type": "LineString",
        "coordinates": [
          [
            116.3468868,
            39.9877319
          ],
          [
            116.346888,
            39.9876208
          ],
          [
            116.3469512,
            39.9860032
          ],
          [
            116.3469523,
            39.9859749
          ]
        ]
      }
    },
    {
      "type": "Feature",
      "id": "ROAD-0268",
      "properties": {
        "id": "ROAD-0268",
        "layer": "ROAD_CENTERLINE",
        "source_type": "osm",
        "confidence": "medium",
        "geometry_role": "existing_condition",
        "road_class": "arterial",
        "name_zh": "学院路",
        "osmid": "w1057892338",
        "evidence_level_zh": "第三方开放地图，非道路红线，不作为工程线位依据",
        "length_m": 127.04
      },
      "geometry": {
        "type": "LineString",
        "coordinates": [
          [
            116.3470686,
            39.9881066
          ],
          [
            116.3471288,
            39.9869634
          ]
        ]
      }
    },
    {
      "type": "Feature",
      "id": "ROAD-0269",
      "properties": {
        "id": "ROAD-0269",
        "layer": "ROAD_CENTERLINE",
        "source_type": "osm",
        "confidence": "medium",
        "geometry_role": "existing_condition",
        "road_class": "branch",
        "name_zh": "花园北路",
        "osmid": "w1061577705",
        "evidence_level_zh": "第三方开放地图，非道路红线，不作为工程线位依据",
        "length_m": 127.21
      },
      "geometry": {
        "type": "LineString",
        "coordinates": [
          [
            116.3540731,
            39.980339
          ],
          [
            116.3534105,
            39.980321
          ],
          [
            116.3531936,
            39.9803138
          ],
          [
            116.3526664,
            39.9802963
          ],
          [
            116.3525855,
            39.9802894
          ]
        ]
      }
    },
    {
      "type": "Feature",
      "id": "ROAD-0270",
      "properties": {
        "id": "ROAD-0270",
        "layer": "ROAD_CENTERLINE",
        "source_type": "osm",
        "confidence": "medium",
        "geometry_role": "existing_condition",
        "road_class": "expressway",
        "name_zh": "北三环",
        "osmid": "w1064239197",
        "evidence_level_zh": "第三方开放地图，非道路红线，不作为工程线位依据",
        "length_m": 199.05
      },
      "geometry": {
        "type": "LineString",
        "coordinates": [
          [
            116.3399443,
            39.9662088
          ],
          [
            116.3422739,
            39.9662263
          ]
        ]
      }
    },
    {
      "type": "Feature",
      "id": "ROAD-0271",
      "properties": {
        "id": "ROAD-0271",
        "layer": "ROAD_CENTERLINE",
        "source_type": "osm",
        "confidence": "medium",
        "geometry_role": "existing_condition",
        "road_class": "branch",
        "name_zh": "西土城路",
        "osmid": "w1068809894",
        "evidence_level_zh": "第三方开放地图，非道路红线，不作为工程线位依据",
        "length_m": 139.56
      },
      "geometry": {
        "type": "LineString",
        "coordinates": [
          [
            116.348714,
            39.9642239
          ],
          [
            116.3486468,
            39.9654797
          ]
        ]
      }
    },
    {
      "type": "Feature",
      "id": "ROAD-0272",
      "properties": {
        "id": "ROAD-0272",
        "layer": "ROAD_CENTERLINE",
        "source_type": "osm",
        "confidence": "medium",
        "geometry_role": "existing_condition",
        "road_class": "branch",
        "name_zh": "文慧园路",
        "osmid": "w1068809897",
        "evidence_level_zh": "第三方开放地图，非道路红线，不作为工程线位依据",
        "length_m": 496.31
      },
      "geometry": {
        "type": "LineString",
        "coordinates": [
          [
            116.3495246,
            39.9506055
          ],
          [
            116.3503379,
            39.9506458
          ],
          [
            116.3509612,
            39.9506863
          ],
          [
            116.3514322,
            39.9507815
          ],
          [
            116.3520834,
            39.9508656
          ],
          [
            116.3553,
            39.9509769
          ]
        ]
      }
    },
    {
      "type": "Feature",
      "id": "ROAD-0273",
      "properties": {
        "id": "ROAD-0273",
        "layer": "ROAD_CENTERLINE",
        "source_type": "osm",
        "confidence": "medium",
        "geometry_role": "existing_condition",
        "road_class": "secondary",
        "name_zh": "学院南路",
        "osmid": "w1068809898",
        "evidence_level_zh": "第三方开放地图，非道路红线，不作为工程线位依据",
        "length_m": 519.54
      },
      "geometry": {
        "type": "LineString",
        "coordinates": [
          [
            116.349074,
            39.9565666
          ],
          [
            116.3508374,
            39.9565618
          ],
          [
            116.3519675,
            39.9565594
          ],
          [
            116.3522298,
            39.9565588
          ],
          [
            116.3523282,
            39.9565586
          ],
          [
            116.3549264,
            39.956553
          ],
          [
            116.3549722,
            39.9565529
          ],
          [
            116.3551539,
            39.9565525
          ]
        ]
      }
    },
    {
      "type": "Feature",
      "id": "ROAD-0274",
      "properties": {
        "id": "ROAD-0274",
        "layer": "ROAD_CENTERLINE",
        "source_type": "osm",
        "confidence": "medium",
        "geometry_role": "existing_condition",
        "road_class": "branch",
        "name_zh": "西土城路",
        "osmid": "w1068809899",
        "evidence_level_zh": "第三方开放地图，非道路红线，不作为工程线位依据",
        "length_m": 147.12
      },
      "geometry": {
        "type": "LineString",
        "coordinates": [
          [
            116.3472063,
            39.9651893
          ],
          [
            116.3470514,
            39.9642366
          ],
          [
            116.3469898,
            39.9638749
          ]
        ]
      }
    },
    {
      "type": "Feature",
      "id": "ROAD-0275",
      "properties": {
        "id": "ROAD-0275",
        "layer": "ROAD_CENTERLINE",
        "source_type": "osm",
        "confidence": "medium",
        "geometry_role": "existing_condition",
        "road_class": "branch",
        "name_zh": "西土城路",
        "osmid": "w1068815294",
        "evidence_level_zh": "第三方开放地图，非道路红线，不作为工程线位依据",
        "length_m": 780.2
      },
      "geometry": {
        "type": "LineString",
        "coordinates": [
          [
            116.3485232,
            39.967382
          ],
          [
            116.3485456,
            39.9680921
          ],
          [
            116.3484566,
            39.9700213
          ],
          [
            116.3484539,
            39.9700685
          ],
          [
            116.348438,
            39.9703487
          ],
          [
            116.3483978,
            39.9710557
          ],
          [
            116.3483862,
            39.9713295
          ],
          [
            116.3483131,
            39.9726241
          ],
          [
            116.3483019,
            39.9733287
          ],
          [
            116.3482167,
            39.9735539
          ],
          [
            116.348199,
            39.9739722
          ],
          [
            116.3481811,
            39.9743948
          ]
        ]
      }
    },
    {
      "type": "Feature",
      "id": "ROAD-0276",
      "properties": {
        "id": "ROAD-0276",
        "layer": "ROAD_CENTERLINE",
        "source_type": "osm",
        "confidence": "medium",
        "geometry_role": "existing_condition",
        "road_class": "expressway",
        "name_zh": "西土城路",
        "osmid": "w1068815295",
        "evidence_level_zh": "第三方开放地图，非道路红线，不作为工程线位依据",
        "length_m": 692.95
      },
      "geometry": {
        "type": "LineString",
        "coordinates": [
          [
            116.3484318,
            39.9675163
          ],
          [
            116.3483844,
            39.9684006
          ],
          [
            116.3481478,
            39.972807
          ],
          [
            116.3480688,
            39.9737505
          ]
        ]
      }
    },
    {
      "type": "Feature",
      "id": "ROAD-0277",
      "properties": {
        "id": "ROAD-0277",
        "layer": "ROAD_CENTERLINE",
        "source_type": "osm",
        "confidence": "medium",
        "geometry_role": "existing_condition",
        "road_class": "branch",
        "name_zh": "西直门北大街",
        "osmid": "w1071049938",
        "evidence_level_zh": "第三方开放地图，非道路红线，不作为工程线位依据",
        "length_m": 92.28
      },
      "geometry": {
        "type": "LineString",
        "coordinates": [
          [
            116.3495138,
            39.9493123
          ],
          [
            116.3497385,
            39.9484994
          ]
        ]
      }
    },
    {
      "type": "Feature",
      "id": "ROAD-0278",
      "properties": {
        "id": "ROAD-0278",
        "layer": "ROAD_CENTERLINE",
        "source_type": "osm",
        "confidence": "medium",
        "geometry_role": "existing_condition",
        "road_class": "branch",
        "name_zh": "西直门北大街",
        "osmid": "w1071049939",
        "evidence_level_zh": "第三方开放地图，非道路红线，不作为工程线位依据",
        "length_m": 89.01
      },
      "geometry": {
        "type": "LineString",
        "coordinates": [
          [
            116.3502978,
            39.9459139
          ],
          [
            116.3502957,
            39.9464179
          ],
          [
            116.3502949,
            39.9467155
          ]
        ]
      }
    },
    {
      "type": "Feature",
      "id": "ROAD-0279",
      "properties": {
        "id": "ROAD-0279",
        "layer": "ROAD_CENTERLINE",
        "source_type": "osm",
        "confidence": "medium",
        "geometry_role": "existing_condition",
        "road_class": "branch",
        "name_zh": "现状道路中心线（OSM 提取）",
        "osmid": "w1082792879",
        "evidence_level_zh": "第三方开放地图，非道路红线，不作为工程线位依据",
        "length_m": 78.72
      },
      "geometry": {
        "type": "LineString",
        "coordinates": [
          [
            116.3490051,
            39.9417232
          ],
          [
            116.3489898,
            39.9416812
          ],
          [
            116.3489831,
            39.94166
          ],
          [
            116.3489763,
            39.9416388
          ],
          [
            116.3489703,
            39.9416178
          ],
          [
            116.3489651,
            39.9415968
          ],
          [
            116.3489598,
            39.941576
          ],
          [
            116.3489549,
            39.9415559
          ],
          [
            116.3489493,
            39.9415344
          ],
          [
            116.3489439,
            39.9415113
          ],
          [
            116.3489397,
            39.9414894
          ],
          [
            116.3489359,
            39.9414687
          ],
          [
            116.3489333,
            39.9414481
          ],
          [
            116.3489268,
            39.9413725
          ],
          [
            116.3489248,
            39.9413532
          ],
          [
            116.3489234,
            39.9413415
          ],
          [
            116.3489225,
            39.9413362
          ],
          [
            116.3489209,
            39.9413299
          ],
          [
            116.3489178,
            39.9413202
          ],
          [
            116.3489111,
            39.9413033
          ],
          [
            116.3489018,
            39.94128
          ],
          [
            116.3488842,
            39.9412323
          ],
          [
            116.348866,
            39.9411796
          ],
          [
            116.3488631,
            39.9411704
          ],
          [
            116.3488609,
            39.941162
          ],
          [
            116.3488589,
            39.941152
          ],
          [
            116.3488572,
            39.9411422
          ],
          [
            116.348856,
            39.9411339
          ],
          [
            116.3488552,
            39.9411258
          ],
          [
            116.3488546,
            39.9411175
          ],
          [
            116.3488543,
            39.9411093
          ],
          [
            116.3488542,
            39.9410921
          ],
          [
            116.3488543,
            39.9410749
          ],
          [
            116.3488553,
            39.9410271
          ]
        ]
      }
    },
    {
      "type": "Feature",
      "id": "ROAD-0280",
      "properties": {
        "id": "ROAD-0280",
        "layer": "ROAD_CENTERLINE",
        "source_type": "osm",
        "confidence": "medium",
        "geometry_role": "existing_condition",
        "road_class": "expressway",
        "name_zh": "北三环",
        "osmid": "w1089712090",
        "evidence_level_zh": "第三方开放地图，非道路红线，不作为工程线位依据",
        "length_m": 351.02
      },
      "geometry": {
        "type": "LineString",
        "coordinates": [
          [
            116.3490955,
            39.966291
          ],
          [
            116.3532038,
            39.9662721
          ]
        ]
      }
    },
    {
      "type": "Feature",
      "id": "ROAD-0281",
      "properties": {
        "id": "ROAD-0281",
        "layer": "ROAD_CENTERLINE",
        "source_type": "osm",
        "confidence": "medium",
        "geometry_role": "existing_condition",
        "road_class": "branch",
        "name_zh": "北三环中路",
        "osmid": "w1089712091",
        "evidence_level_zh": "第三方开放地图，非道路红线，不作为工程线位依据",
        "length_m": 109.4
      },
      "geometry": {
        "type": "LineString",
        "coordinates": [
          [
            116.3506822,
            39.9661825
          ],
          [
            116.3514208,
            39.9661651
          ],
          [
            116.351852,
            39.9661714
          ],
          [
            116.3519622,
            39.966173
          ]
        ]
      }
    },
    {
      "type": "Feature",
      "id": "ROAD-0282",
      "properties": {
        "id": "ROAD-0282",
        "layer": "ROAD_CENTERLINE",
        "source_type": "osm",
        "confidence": "medium",
        "geometry_role": "existing_condition",
        "road_class": "branch",
        "name_zh": "学院路",
        "osmid": "w1104429374",
        "evidence_level_zh": "第三方开放地图，非道路红线，不作为工程线位依据",
        "length_m": 138.66
      },
      "geometry": {
        "type": "LineString",
        "coordinates": [
          [
            116.3476397,
            39.9837881
          ],
          [
            116.3475942,
            39.9850128
          ],
          [
            116.3475933,
            39.9850363
          ]
        ]
      }
    },
    {
      "type": "Feature",
      "id": "ROAD-0283",
      "properties": {
        "id": "ROAD-0283",
        "layer": "ROAD_CENTERLINE",
        "source_type": "osm",
        "confidence": "medium",
        "geometry_role": "existing_condition",
        "road_class": "expressway",
        "name_zh": "学院路",
        "osmid": "w1104429375",
        "evidence_level_zh": "第三方开放地图，非道路红线，不作为工程线位依据",
        "length_m": 67.56
      },
      "geometry": {
        "type": "LineString",
        "coordinates": [
          [
            116.3475006,
            39.9833609
          ],
          [
            116.3474827,
            39.9834812
          ],
          [
            116.3474525,
            39.983968
          ]
        ]
      }
    },
    {
      "type": "Feature",
      "id": "ROAD-0284",
      "properties": {
        "id": "ROAD-0284",
        "layer": "ROAD_CENTERLINE",
        "source_type": "osm",
        "confidence": "medium",
        "geometry_role": "existing_condition",
        "road_class": "arterial",
        "name_zh": "G6辅路",
        "osmid": "w1104710648",
        "evidence_level_zh": "第三方开放地图，非道路红线，不作为工程线位依据",
        "length_m": 94.55
      },
      "geometry": {
        "type": "LineString",
        "coordinates": [
          [
            116.3447615,
            40.0257495
          ],
          [
            116.344685,
            40.0259592
          ],
          [
            116.3442555,
            40.0265001
          ]
        ]
      }
    },
    {
      "type": "Feature",
      "id": "ROAD-0285",
      "properties": {
        "id": "ROAD-0285",
        "layer": "ROAD_CENTERLINE",
        "source_type": "osm",
        "confidence": "medium",
        "geometry_role": "existing_condition",
        "road_class": "arterial",
        "name_zh": "学清路",
        "osmid": "w1104710650",
        "evidence_level_zh": "第三方开放地图，非道路红线，不作为工程线位依据",
        "length_m": 178.93
      },
      "geometry": {
        "type": "LineString",
        "coordinates": [
          [
            116.3463945,
            40.0064685
          ],
          [
            116.3463699,
            40.0065713
          ],
          [
            116.346357,
            40.0066254
          ],
          [
            116.3463335,
            40.00706
          ],
          [
            116.3462909,
            40.0080764
          ]
        ]
      }
    },
    {
      "type": "Feature",
      "id": "ROAD-0286",
      "properties": {
        "id": "ROAD-0286",
        "layer": "ROAD_CENTERLINE",
        "source_type": "osm",
        "confidence": "medium",
        "geometry_role": "existing_condition",
        "road_class": "arterial",
        "name_zh": "学清路",
        "osmid": "w1104710653",
        "evidence_level_zh": "第三方开放地图，非道路红线，不作为工程线位依据",
        "length_m": 739.5
      },
      "geometry": {
        "type": "LineString",
        "coordinates": [
          [
            116.3466566,
            39.9996975
          ],
          [
            116.3466578,
            39.9997861
          ],
          [
            116.3466592,
            39.9998892
          ],
          [
            116.3466598,
            39.9999306
          ],
          [
            116.3466171,
            40.0006696
          ],
          [
            116.3465783,
            40.0010554
          ],
          [
            116.3464843,
            40.0028208
          ],
          [
            116.3464776,
            40.0029457
          ],
          [
            116.3464591,
            40.0032929
          ],
          [
            116.3463682,
            40.0049566
          ],
          [
            116.346399,
            40.005724
          ],
          [
            116.3463827,
            40.0061719
          ],
          [
            116.346383,
            40.006201
          ],
          [
            116.3463845,
            40.0063515
          ]
        ]
      }
    },
    {
      "type": "Feature",
      "id": "ROAD-0287",
      "properties": {
        "id": "ROAD-0287",
        "layer": "ROAD_CENTERLINE",
        "source_type": "osm",
        "confidence": "medium",
        "geometry_role": "existing_condition",
        "road_class": "branch",
        "name_zh": "花园北路",
        "osmid": "w1105790402",
        "evidence_level_zh": "第三方开放地图，非道路红线，不作为工程线位依据",
        "length_m": 404.52
      },
      "geometry": {
        "type": "LineString",
        "coordinates": [
          [
            116.3525855,
            39.9802894
          ],
          [
            116.3521215,
            39.9802799
          ],
          [
            116.350852,
            39.9802417
          ],
          [
            116.3499263,
            39.9801933
          ],
          [
            116.3496733,
            39.9801712
          ],
          [
            116.3490237,
            39.9801228
          ],
          [
            116.3478585,
            39.9800945
          ]
        ]
      }
    },
    {
      "type": "Feature",
      "id": "ROAD-0288",
      "properties": {
        "id": "ROAD-0288",
        "layer": "ROAD_CENTERLINE",
        "source_type": "osm",
        "confidence": "medium",
        "geometry_role": "existing_condition",
        "road_class": "expressway",
        "name_zh": "北二环",
        "osmid": "w1124670020",
        "evidence_level_zh": "第三方开放地图，非道路红线，不作为工程线位依据",
        "length_m": 206.92
      },
      "geometry": {
        "type": "LineString",
        "coordinates": [
          [
            116.3527348,
            39.9433137
          ],
          [
            116.3516979,
            39.9430311
          ],
          [
            116.3507198,
            39.9427544
          ],
          [
            116.3505961,
            39.9427171
          ],
          [
            116.3504928,
            39.9426846
          ],
          [
            116.3504611,
            39.942674
          ]
        ]
      }
    },
    {
      "type": "Feature",
      "id": "ROAD-0289",
      "properties": {
        "id": "ROAD-0289",
        "layer": "ROAD_CENTERLINE",
        "source_type": "osm",
        "confidence": "medium",
        "geometry_role": "existing_condition",
        "road_class": "branch",
        "name_zh": "西直门北大街",
        "osmid": "w1153386118",
        "evidence_level_zh": "第三方开放地图，非道路红线，不作为工程线位依据",
        "length_m": 60.42
      },
      "geometry": {
        "type": "LineString",
        "coordinates": [
          [
            116.3488553,
            39.9410271
          ],
          [
            116.3488634,
            39.9407891
          ],
          [
            116.3488766,
            39.9404832
          ]
        ]
      }
    },
    {
      "type": "Feature",
      "id": "ROAD-0290",
      "properties": {
        "id": "ROAD-0290",
        "layer": "ROAD_CENTERLINE",
        "source_type": "osm",
        "confidence": "medium",
        "geometry_role": "existing_condition",
        "road_class": "expressway",
        "name_zh": "北三环",
        "osmid": "w1193267236",
        "evidence_level_zh": "第三方开放地图，非道路红线，不作为工程线位依据",
        "length_m": 170.35
      },
      "geometry": {
        "type": "LineString",
        "coordinates": [
          [
            116.3532038,
            39.9662721
          ],
          [
            116.3551976,
            39.9662806
          ]
        ]
      }
    },
    {
      "type": "Feature",
      "id": "ROAD-0291",
      "properties": {
        "id": "ROAD-0291",
        "layer": "ROAD_CENTERLINE",
        "source_type": "osm",
        "confidence": "medium",
        "geometry_role": "existing_condition",
        "road_class": "branch",
        "name_zh": "北三环中路",
        "osmid": "w1193267237",
        "evidence_level_zh": "第三方开放地图，非道路红线，不作为工程线位依据",
        "length_m": 237.25
      },
      "geometry": {
        "type": "LineString",
        "coordinates": [
          [
            116.3519622,
            39.966173
          ],
          [
            116.3528023,
            39.9661502
          ],
          [
            116.3532914,
            39.9661555
          ],
          [
            116.3544328,
            39.9661645
          ],
          [
            116.3546284,
            39.9661644
          ],
          [
            116.3547384,
            39.9661653
          ]
        ]
      }
    },
    {
      "type": "Feature",
      "id": "ROAD-0292",
      "properties": {
        "id": "ROAD-0292",
        "layer": "ROAD_CENTERLINE",
        "source_type": "osm",
        "confidence": "medium",
        "geometry_role": "existing_condition",
        "road_class": "branch",
        "name_zh": "北三环中路",
        "osmid": "w1193267239",
        "evidence_level_zh": "第三方开放地图，非道路红线，不作为工程线位依据",
        "length_m": 78.46
      },
      "geometry": {
        "type": "LineString",
        "coordinates": [
          [
            116.3497639,
            39.9661836
          ],
          [
            116.3506822,
            39.9661825
          ]
        ]
      }
    },
    {
      "type": "Feature",
      "id": "ROAD-0293",
      "properties": {
        "id": "ROAD-0293",
        "layer": "ROAD_CENTERLINE",
        "source_type": "osm",
        "confidence": "medium",
        "geometry_role": "existing_condition",
        "road_class": "arterial",
        "name_zh": "学院路",
        "osmid": "w1257655916",
        "evidence_level_zh": "第三方开放地图，非道路红线，不作为工程线位依据",
        "length_m": 197.85
      },
      "geometry": {
        "type": "LineString",
        "coordinates": [
          [
            116.3472767,
            39.9877523
          ],
          [
            116.3472034,
            39.9893615
          ],
          [
            116.3471956,
            39.989533
          ]
        ]
      }
    },
    {
      "type": "Feature",
      "id": "ROAD-0294",
      "properties": {
        "id": "ROAD-0294",
        "layer": "ROAD_CENTERLINE",
        "source_type": "osm",
        "confidence": "medium",
        "geometry_role": "existing_condition",
        "road_class": "branch",
        "name_zh": "学清路",
        "osmid": "w1270645000",
        "evidence_level_zh": "第三方开放地图，非道路红线，不作为工程线位依据",
        "length_m": 292.9
      },
      "geometry": {
        "type": "LineString",
        "coordinates": [
          [
            116.3461337,
            40.0063353
          ],
          [
            116.3460027,
            40.0061935
          ],
          [
            116.3459791,
            40.0061679
          ],
          [
            116.3459903,
            40.0058585
          ],
          [
            116.3460126,
            40.0052401
          ],
          [
            116.3460233,
            40.0049464
          ],
          [
            116.3460284,
            40.004804
          ],
          [
            116.3460477,
            40.0046566
          ],
          [
            116.3460866,
            40.0037372
          ]
        ]
      }
    },
    {
      "type": "Feature",
      "id": "ROAD-0295",
      "properties": {
        "id": "ROAD-0295",
        "layer": "ROAD_CENTERLINE",
        "source_type": "osm",
        "confidence": "medium",
        "geometry_role": "existing_condition",
        "road_class": "branch",
        "name_zh": "学清路",
        "osmid": "w1270645003",
        "evidence_level_zh": "第三方开放地图，非道路红线，不作为工程线位依据",
        "length_m": 130.91
      },
      "geometry": {
        "type": "LineString",
        "coordinates": [
          [
            116.346473,
            40.0068149
          ],
          [
            116.3464562,
            40.0071326
          ],
          [
            116.3464107,
            40.0079929
          ]
        ]
      }
    },
    {
      "type": "Feature",
      "id": "ROAD-0296",
      "properties": {
        "id": "ROAD-0296",
        "layer": "ROAD_CENTERLINE",
        "source_type": "osm",
        "confidence": "medium",
        "geometry_role": "existing_condition",
        "road_class": "arterial",
        "name_zh": "学清路",
        "osmid": "w1270645005",
        "evidence_level_zh": "第三方开放地图，非道路红线，不作为工程线位依据",
        "length_m": 429.24
      },
      "geometry": {
        "type": "LineString",
        "coordinates": [
          [
            116.3462221,
            40.0035553
          ],
          [
            116.3462565,
            40.0028999
          ],
          [
            116.3462676,
            40.0026889
          ],
          [
            116.3463549,
            40.0010242
          ],
          [
            116.3463696,
            40.0007509
          ],
          [
            116.3464195,
            39.9999094
          ],
          [
            116.3464197,
            39.9998852
          ],
          [
            116.3464204,
            39.9997864
          ],
          [
            116.3464212,
            39.9996928
          ]
        ]
      }
    },
    {
      "type": "Feature",
      "id": "ROAD-0297",
      "properties": {
        "id": "ROAD-0297",
        "layer": "ROAD_CENTERLINE",
        "source_type": "osm",
        "confidence": "medium",
        "geometry_role": "existing_condition",
        "road_class": "arterial",
        "name_zh": "学清路",
        "osmid": "w1270646950",
        "evidence_level_zh": "第三方开放地图，非道路红线，不作为工程线位依据",
        "length_m": 309.03
      },
      "geometry": {
        "type": "LineString",
        "coordinates": [
          [
            116.3461337,
            40.0063353
          ],
          [
            116.346113,
            40.0061957
          ],
          [
            116.3461013,
            40.0061164
          ],
          [
            116.3462221,
            40.0035553
          ]
        ]
      }
    },
    {
      "type": "Feature",
      "id": "ROAD-0298",
      "properties": {
        "id": "ROAD-0298",
        "layer": "ROAD_CENTERLINE",
        "source_type": "osm",
        "confidence": "medium",
        "geometry_role": "existing_condition",
        "road_class": "branch",
        "name_zh": "学院路",
        "osmid": "w1286866150",
        "evidence_level_zh": "第三方开放地图，非道路红线，不作为工程线位依据",
        "length_m": 126.01
      },
      "geometry": {
        "type": "LineString",
        "coordinates": [
          [
            116.3481062,
            39.9757409
          ],
          [
            116.3480799,
            39.9762744
          ],
          [
            116.3480503,
            39.9768749
          ]
        ]
      }
    },
    {
      "type": "Feature",
      "id": "ROAD-0299",
      "properties": {
        "id": "ROAD-0299",
        "layer": "ROAD_CENTERLINE",
        "source_type": "osm",
        "confidence": "medium",
        "geometry_role": "existing_condition",
        "road_class": "secondary",
        "name_zh": "银泉路",
        "osmid": "w1298909442",
        "evidence_level_zh": "第三方开放地图，非道路红线，不作为工程线位依据",
        "length_m": 208.41
      },
      "geometry": {
        "type": "LineString",
        "coordinates": [
          [
            116.3485001,
            40.0140196
          ],
          [
            116.3484244,
            40.0140187
          ],
          [
            116.3481243,
            40.0140133
          ],
          [
            116.3471611,
            40.0139959
          ],
          [
            116.3463785,
            40.0139796
          ],
          [
            116.3463496,
            40.0139822
          ],
          [
            116.3460619,
            40.0140077
          ]
        ]
      }
    },
    {
      "type": "Feature",
      "id": "ROAD-0300",
      "properties": {
        "id": "ROAD-0300",
        "layer": "ROAD_CENTERLINE",
        "source_type": "osm",
        "confidence": "medium",
        "geometry_role": "existing_condition",
        "road_class": "branch",
        "name_zh": "小月河东畔路",
        "osmid": "w1307978780",
        "evidence_level_zh": "第三方开放地图，非道路红线，不作为工程线位依据",
        "length_m": 154.2
      },
      "geometry": {
        "type": "LineString",
        "coordinates": [
          [
            116.3533108,
            40.0069237
          ],
          [
            116.35337,
            40.006816
          ],
          [
            116.3535587,
            40.0064098
          ],
          [
            116.3538846,
            40.0060053
          ],
          [
            116.3541605,
            40.0057088
          ]
        ]
      }
    },
    {
      "type": "Feature",
      "id": "ROAD-0301",
      "properties": {
        "id": "ROAD-0301",
        "layer": "ROAD_CENTERLINE",
        "source_type": "osm",
        "confidence": "medium",
        "geometry_role": "existing_condition",
        "road_class": "secondary",
        "name_zh": "银泉路",
        "osmid": "w1362627711",
        "evidence_level_zh": "第三方开放地图，非道路红线，不作为工程线位依据",
        "length_m": 72.96
      },
      "geometry": {
        "type": "LineString",
        "coordinates": [
          [
            116.3492693,
            40.0139703
          ],
          [
            116.349354,
            40.0139726
          ],
          [
            116.3494752,
            40.0139738
          ],
          [
            116.3498941,
            40.013978
          ],
          [
            116.3501236,
            40.0139843
          ]
        ]
      }
    },
    {
      "type": "Feature",
      "id": "ROAD-0302",
      "properties": {
        "id": "ROAD-0302",
        "layer": "ROAD_CENTERLINE",
        "source_type": "osm",
        "confidence": "medium",
        "geometry_role": "existing_condition",
        "road_class": "secondary",
        "name_zh": "银泉路",
        "osmid": "w1362627712",
        "evidence_level_zh": "第三方开放地图，非道路红线，不作为工程线位依据",
        "length_m": 62.23
      },
      "geometry": {
        "type": "LineString",
        "coordinates": [
          [
            116.348541,
            40.0139493
          ],
          [
            116.3492693,
            40.0139703
          ]
        ]
      }
    },
    {
      "type": "Feature",
      "id": "ROAD-0303",
      "properties": {
        "id": "ROAD-0303",
        "layer": "ROAD_CENTERLINE",
        "source_type": "osm",
        "confidence": "medium",
        "geometry_role": "existing_condition",
        "road_class": "secondary",
        "name_zh": "银泉路",
        "osmid": "w1362627713",
        "evidence_level_zh": "第三方开放地图，非道路红线，不作为工程线位依据",
        "length_m": 76.89
      },
      "geometry": {
        "type": "LineString",
        "coordinates": [
          [
            116.3501236,
            40.0139843
          ],
          [
            116.3498494,
            40.0140325
          ],
          [
            116.3494726,
            40.0140414
          ],
          [
            116.34945,
            40.0140419
          ],
          [
            116.349318,
            40.0140373
          ],
          [
            116.3492305,
            40.0140355
          ]
        ]
      }
    },
    {
      "type": "Feature",
      "id": "ROAD-0304",
      "properties": {
        "id": "ROAD-0304",
        "layer": "ROAD_CENTERLINE",
        "source_type": "osm",
        "confidence": "medium",
        "geometry_role": "existing_condition",
        "road_class": "secondary",
        "name_zh": "银泉路",
        "osmid": "w1362627714",
        "evidence_level_zh": "第三方开放地图，非道路红线，不作为工程线位依据",
        "length_m": 62.39
      },
      "geometry": {
        "type": "LineString",
        "coordinates": [
          [
            116.3492305,
            40.0140355
          ],
          [
            116.3485001,
            40.0140196
          ]
        ]
      }
    },
    {
      "type": "Feature",
      "id": "ROAD-0305",
      "properties": {
        "id": "ROAD-0305",
        "layer": "ROAD_CENTERLINE",
        "source_type": "osm",
        "confidence": "medium",
        "geometry_role": "existing_condition",
        "road_class": "arterial",
        "name_zh": "G6辅路",
        "osmid": "w1383257624",
        "evidence_level_zh": "第三方开放地图，非道路红线，不作为工程线位依据",
        "length_m": 546.43
      },
      "geometry": {
        "type": "LineString",
        "coordinates": [
          [
            116.3522516,
            40.0160712
          ],
          [
            116.3520192,
            40.0163645
          ],
          [
            116.3519512,
            40.0164503
          ],
          [
            116.3514381,
            40.0170977
          ],
          [
            116.3508846,
            40.0177962
          ],
          [
            116.35083,
            40.0178652
          ],
          [
            116.3505842,
            40.0181481
          ],
          [
            116.3500401,
            40.0189265
          ],
          [
            116.3498918,
            40.0192151
          ],
          [
            116.3498239,
            40.0194617
          ],
          [
            116.3497958,
            40.019642
          ],
          [
            116.3498111,
            40.0198389
          ],
          [
            116.3498762,
            40.0200676
          ],
          [
            116.350001,
            40.0202684
          ],
          [
            116.3501209,
            40.0204442
          ]
        ]
      }
    },
    {
      "type": "Feature",
      "id": "ROAD-0306",
      "properties": {
        "id": "ROAD-0306",
        "layer": "ROAD_CENTERLINE",
        "source_type": "osm",
        "confidence": "medium",
        "geometry_role": "existing_condition",
        "road_class": "branch",
        "name_zh": "域清街",
        "osmid": "w1383257627",
        "evidence_level_zh": "第三方开放地图，非道路红线，不作为工程线位依据",
        "length_m": 216.02
      },
      "geometry": {
        "type": "LineString",
        "coordinates": [
          [
            116.3547365,
            40.0162197
          ],
          [
            116.3536745,
            40.0162002
          ],
          [
            116.3523629,
            40.016154
          ],
          [
            116.3522516,
            40.0160712
          ]
        ]
      }
    },
    {
      "type": "Feature",
      "id": "ROAD-0307",
      "properties": {
        "id": "ROAD-0307",
        "layer": "ROAD_CENTERLINE",
        "source_type": "osm",
        "confidence": "medium",
        "geometry_role": "existing_condition",
        "road_class": "branch",
        "name_zh": "杏坛路",
        "osmid": "w1410921920",
        "evidence_level_zh": "第三方开放地图，非道路红线，不作为工程线位依据",
        "length_m": 81.16
      },
      "geometry": {
        "type": "LineString",
        "coordinates": [
          [
            116.3551955,
            39.9566323
          ],
          [
            116.3551916,
            39.9567085
          ],
          [
            116.3551847,
            39.9568042
          ],
          [
            116.3551576,
            39.9573626
          ]
        ]
      }
    },
    {
      "type": "Feature",
      "id": "ROAD-0308",
      "properties": {
        "id": "ROAD-0308",
        "layer": "ROAD_CENTERLINE",
        "source_type": "osm",
        "confidence": "medium",
        "geometry_role": "existing_condition",
        "road_class": "secondary",
        "name_zh": "学院南路",
        "osmid": "w1410925702",
        "evidence_level_zh": "第三方开放地图，非道路红线，不作为工程线位依据",
        "length_m": 523.38
      },
      "geometry": {
        "type": "LineString",
        "coordinates": [
          [
            116.3551955,
            39.9566323
          ],
          [
            116.3551108,
            39.9566326
          ],
          [
            116.3549704,
            39.9566334
          ],
          [
            116.352548,
            39.9566461
          ],
          [
            116.3519669,
            39.9566491
          ],
          [
            116.3518371,
            39.9566498
          ],
          [
            116.3508374,
            39.9566549
          ],
          [
            116.3492374,
            39.9566617
          ],
          [
            116.3490707,
            39.9566624
          ]
        ]
      }
    },
    {
      "type": "Feature",
      "id": "ROAD-0309",
      "properties": {
        "id": "ROAD-0309",
        "layer": "ROAD_CENTERLINE",
        "source_type": "osm",
        "confidence": "medium",
        "geometry_role": "existing_condition",
        "road_class": "branch",
        "name_zh": "杏坛路",
        "osmid": "w1410930327",
        "evidence_level_zh": "第三方开放地图，非道路红线，不作为工程线位依据",
        "length_m": 325.25
      },
      "geometry": {
        "type": "LineString",
        "coordinates": [
          [
            116.3551576,
            39.9573626
          ],
          [
            116.3551305,
            39.9579211
          ],
          [
            116.3550749,
            39.9589758
          ],
          [
            116.3550023,
            39.9602893
          ]
        ]
      }
    },
    {
      "type": "Feature",
      "id": "ROAD-0310",
      "properties": {
        "id": "ROAD-0310",
        "layer": "ROAD_CENTERLINE",
        "source_type": "osm",
        "confidence": "medium",
        "geometry_role": "existing_condition",
        "road_class": "expressway",
        "name_zh": "北四环中路",
        "osmid": "w1550467997",
        "evidence_level_zh": "第三方开放地图，非道路红线，不作为工程线位依据",
        "length_m": 87.02
      },
      "geometry": {
        "type": "LineString",
        "coordinates": [
          [
            116.352632,
            39.9855967
          ],
          [
            116.35365,
            39.9856264
          ]
        ]
      }
    },
    {
      "type": "Feature",
      "id": "ROAD-0311",
      "properties": {
        "id": "ROAD-0311",
        "layer": "ROAD_CENTERLINE",
        "source_type": "agent_generated_design",
        "confidence": "low",
        "geometry_role": "design_proposal",
        "road_class": "greenway",
        "name_zh": "京张遗址公园南北连续慢行主廊道（概念建议）",
        "status_zh": "概念建议·可供专业团队深化研究，不构成工程线位或用地调整结论",
        "length_m": 1703.2
      },
      "geometry": {
        "type": "LineString",
        "coordinates": [
          [
            116.3461866,
            39.9459061
          ],
          [
            116.3431788,
            39.95449
          ],
          [
            116.3421208,
            39.956417
          ],
          [
            116.341717,
            39.9571684
          ],
          [
            116.3410359,
            39.9584234
          ],
          [
            116.3403967,
            39.9596929
          ],
          [
            116.3401634,
            39.9603009
          ],
          [
            116.34010341,
            39.960482945
          ]
        ]
      }
    }
  ]
}
