{
  "type": "FeatureCollection",
  "name": "land_use_topology_partition",
  "features": [
    {
      "type": "Feature",
      "id": "LU-001",
      "properties": {
        "id": "LU-001",
        "layer": "LAND_USE",
        "source_type": "agent_generated_design",
        "confidence": "medium",
        "geometry_role": "design_proposal",
        "land_use_code": "05",
        "name_zh": "大钟寺南门户产业服务与商业服务用地组团（东侧南片）",
        "name_en": "Dazhongsi South Gateway cluster, Business and commercial service land (east, south)",
        "band_zh": "大钟寺南门户",
        "area_sqm_declared": 119700
      },
      "geometry": {
        "type": "Polygon",
        "coordinates": [
          [
            [
              116.35530000007516,
              39.9390295927752
            ],
            [
              116.35280029914352,
              39.93901566577887
            ],
            [
              116.35275319129893,
              39.94401540327253
            ],
            [
              116.35530001031495,
              39.94402959373669
            ],
            [
              116.35530000007516,
              39.9390295927752
            ]
          ]
        ]
      }
    },
    {
      "type": "Feature",
      "id": "LU-002",
      "properties": {
        "id": "LU-002",
        "layer": "LAND_USE",
        "source_type": "agent_generated_design",
        "confidence": "medium",
        "geometry_role": "design_proposal",
        "land_use_code": "05",
        "name_zh": "大钟寺南门户产业服务与商业服务用地组团（东侧北片）",
        "name_en": "Dazhongsi South Gateway cluster, Business and commercial service land (east, north)",
        "band_zh": "大钟寺南门户",
        "area_sqm_declared": 119600
      },
      "geometry": {
        "type": "Polygon",
        "coordinates": [
          [
            [
              116.35280029914352,
              39.93901566577887
            ],
            [
              116.35003780035112,
              39.93900021191775
            ],
            [
              116.34980485606548,
              39.93900021577821
            ],
            [
              116.35044240860772,
              39.93902854351052
            ],
            [
              116.35042241354455,
              39.939295210552
            ],
            [
              116.35040241831216,
              39.93956187757651
            ],
            [
              116.35038242291057,
              39.93982854458416
            ],
            [
              116.35036242733977,
              39.94009521157485
            ],
            [
              116.35032243569052,
              39.94062854550552
            ],
            [
              116.35030243961205,
              39.94089521244547
            ],
            [
              116.35028244336439,
              39.94116187936851
            ],
            [
              116.35026244694748,
              39.941428546274615
            ],
            [
              116.35024245036134,
              39.94169521316382
            ],
            [
              116.35022245360595,
              39.941961880036104
            ],
            [
              116.35020245668134,
              39.94222854689146
            ],
            [
              116.35018245958747,
              39.94249521372992
            ],
            [
              116.35016246232438,
              39.94276188055142
            ],
            [
              116.35014246489204,
              39.94302854735603
            ],
            [
              116.35012246729045,
              39.94329521414372
            ],
            [
              116.3501024695196,
              39.943561880914466
            ],
            [
              116.35008247157948,
              39.943828547668325
            ],
            [
              116.35006958463758,
              39.94400039011041
            ],
            [
              116.35275319129893,
              39.94401540327253
            ],
            [
              116.35280029914352,
              39.93901566577887
            ]
          ]
        ]
      }
    },
    {
      "type": "Feature",
      "id": "LU-003",
      "properties": {
        "id": "LU-003",
        "layer": "LAND_USE",
        "source_type": "agent_generated_design",
        "confidence": "medium",
        "geometry_role": "design_proposal",
        "land_use_code": "0702",
        "name_zh": "大钟寺南门户社区服务与配套用地组团（西侧南片）",
        "name_en": "Dazhongsi South Gateway cluster, Community service and supporting land (west, south)",
        "band_zh": "大钟寺南门户",
        "area_sqm_declared": 196800
      },
      "geometry": {
        "type": "Polygon",
        "coordinates": [
          [
            [
              116.34879756556866,
              39.94377145243061
            ],
            [
              116.34881756847476,
              39.94350478593574
            ],
            [
              116.3488375712115,
              39.943238119423974
            ],
            [
              116.34885757377893,
              39.94297145289527
            ],
            [
              116.34887757617705,
              39.942704786349644
            ],
            [
              116.34889757840585,
              39.94243811978709
            ],
            [
              116.34891758046535,
              39.942171453207614
            ],
            [
              116.34893758235555,
              39.941904786611225
            ],
            [
              116.34895758407644,
              39.941638119997904
            ],
            [
              116.34897758562802,
              39.941371453367644
            ],
            [
              116.34899758701029,
              39.9411047867205
            ],
            [
              116.34901758822328,
              39.940838120056405
            ],
            [
              116.34903758926698,
              39.9405714533754
            ],
            [
              116.34907759084653,
              39.94003811996261
            ],
            [
              116.34909759138239,
              39.93977145323084
            ],
            [
              116.34911759174895,
              39.939504786482125
            ],
            [
              116.34913759194625,
              39.939238119716514
            ],
            [
              116.34915543414523,
              39.93900022406942
            ],
            [
              116.34919444560984,
              39.93900022367405
            ],
            [
              116.34949141694653,
              39.93900022023408
            ],
            [
              116.34483050512209,
              39.9390001865024
            ],
            [
              116.34478309656294,
              39.943970633671086
            ],
            [
              116.34878093503315,
              39.943993158814706
            ],
            [
              116.34879756556866,
              39.94377145243061
            ]
          ]
        ]
      }
    },
    {
      "type": "Feature",
      "id": "LU-004",
      "properties": {
        "id": "LU-004",
        "layer": "LAND_USE",
        "source_type": "agent_generated_design",
        "confidence": "medium",
        "geometry_role": "design_proposal",
        "land_use_code": "0702",
        "name_zh": "大钟寺南门户社区服务与配套用地组团（西侧北片）",
        "name_en": "Dazhongsi South Gateway cluster, Community service and supporting land (west, north)",
        "band_zh": "大钟寺南门户",
        "area_sqm_declared": 196500
      },
      "geometry": {
        "type": "Polygon",
        "coordinates": [
          [
            [
              116.34483050512209,
              39.9390001865024
            ],
            [
              116.34070000000001,
              39.93899999999999
            ],
            [
              116.34056266942878,
              39.94394670479361
            ],
            [
              116.34478309656294,
              39.943970633671086
            ],
            [
              116.34483050512209,
              39.9390001865024
            ]
          ]
        ]
      }
    },
    {
      "type": "Feature",
      "id": "LU-005",
      "properties": {
        "id": "LU-005",
        "layer": "LAND_USE",
        "source_type": "agent_generated_design",
        "confidence": "medium",
        "geometry_role": "design_proposal",
        "land_use_code": "05",
        "name_zh": "大钟寺核心产业服务与商业服务用地组团（东侧北片）",
        "name_en": "Dazhongsi Core cluster, Business and commercial service land (east, north)",
        "band_zh": "大钟寺核心",
        "area_sqm_declared": 152800
      },
      "geometry": {
        "type": "Polygon",
        "coordinates": [
          [
            [
              116.35006958463758,
              39.94400039011041
            ],
            [
              116.3500624734701,
              39.94409521440525
            ],
            [
              116.35004247519146,
              39.94436188112525
            ],
            [
              116.35002247674358,
              39.944628547828344
            ],
            [
              116.3500024781264,
              39.9448952145145
            ],
            [
              116.34998247933997,
              39.94516188118374
            ],
            [
              116.34996248038422,
              39.94542854783607
            ],
            [
              116.34992248196495,
              39.94596188108998
            ],
            [
              116.34990248250138,
              39.946228547691526
            ],
            [
              116.34988248286854,
              39.94649521427618
            ],
            [
              116.34986248306636,
              39.946761880843894
            ],
            [
              116.34984248309493,
              39.9470285473947
            ],
            [
              116.34984198392006,
              39.94703456597122
            ],
            [
              116.34981760026288,
              39.947302859188355
            ],
            [
              116.34979321640105,
              39.94757115238646
            ],
            [
              116.34974444806346,
              39.94810773872557
            ],
            [
              116.34972006358765,
              39.94837603186658
            ],
            [
              116.34967129402209,
              39.94891261809149
            ],
            [
              116.34964690893229,
              39.94918091117539
            ],
            [
              116.34958176332186,
              39.94989765428697
            ],
            [
              116.35253948591634,
              39.94991421050819
            ],
            [
              116.35259510193941,
              39.944014520579834
            ],
            [
              116.35006958463758,
              39.94400039011041
            ]
          ]
        ]
      }
    },
    {
      "type": "Feature",
      "id": "LU-006",
      "properties": {
        "id": "LU-006",
        "layer": "LAND_USE",
        "source_type": "agent_generated_design",
        "confidence": "medium",
        "geometry_role": "design_proposal",
        "land_use_code": "05",
        "name_zh": "大钟寺核心产业服务与商业服务用地组团（东侧南片）",
        "name_en": "Dazhongsi Core cluster, Business and commercial service land (east, south)",
        "band_zh": "大钟寺核心",
        "area_sqm_declared": 153000
      },
      "geometry": {
        "type": "Polygon",
        "coordinates": [
          [
            [
              116.35253948591634,
              39.94991421050819
            ],
            [
              116.35530001610948,
              39.94992959483509
            ],
            [
              116.35530001031495,
              39.94402959373669
            ],
            [
              116.35259510193941,
              39.944014520579834
            ],
            [
              116.35253948591634,
              39.94991421050819
            ]
          ]
        ]
      }
    },
    {
      "type": "Feature",
      "id": "LU-007",
      "properties": {
        "id": "LU-007",
        "layer": "LAND_USE",
        "source_type": "agent_generated_design",
        "confidence": "medium",
        "geometry_role": "design_proposal",
        "land_use_code": "0802",
        "name_zh": "大钟寺核心AI研发创新用地组团（西侧南片）",
        "name_en": "Dazhongsi Core cluster, AI R&D land (west, south)",
        "band_zh": "大钟寺核心",
        "area_sqm_declared": 220900
      },
      "geometry": {
        "type": "Polygon",
        "coordinates": [
          [
            [
              116.34836290191154,
              39.94911177322668
            ],
            [
              116.34838729198593,
              39.94884348044981
            ],
            [
              116.34843607152048,
              39.948306894838936
            ],
            [
              116.34846046098068,
              39.948038602004964
            ],
            [
              116.34850923928687,
              39.94750201627987
            ],
            [
              116.3485336281329,
              39.94723372338878
            ],
            [
              116.34855774332851,
              39.94696843859398
            ],
            [
              116.34857752242559,
              39.94670478275703
            ],
            [
              116.34859752719443,
              39.946438116448356
            ],
            [
              116.3486175317939,
              39.946171450122726
            ],
            [
              116.34863753622403,
              39.94590478378019
            ],
            [
              116.34867754457625,
              39.945371451044345
            ],
            [
              116.34869754849831,
              39.94510478465103
            ],
            [
              116.34871755225106,
              39.944838118240796
            ],
            [
              116.34873755583446,
              39.944571451813644
            ],
            [
              116.34875755924854,
              39.94430478536956
            ],
            [
              116.34877756249327,
              39.94403811890852
            ],
            [
              116.34878093503315,
              39.943993158814706
            ],
            [
              116.34458355992662,
              39.943969505803416
            ],
            [
              116.34457375350503,
              39.94499717121293
            ],
            [
              116.34463189897325,
              39.94502708085416
            ],
            [
              116.3447321763085,
              39.94509407636507
            ],
            [
              116.34481650413095,
              39.945168017333664
            ],
            [
              116.344883439537,
              39.945247638645164
            ],
            [
              116.34493183719503,
              39.94533157798723
            ],
            [
              116.34496086894572,
              39.94541839915735
            ],
            [
              116.34497003797613,
              39.945506616635264
            ],
            [
              116.34495918732539,
              39.9455947209995
            ],
            [
              116.34492850257543,
              39.94568120475382
            ],
            [
              116.34487850868078,
              39.94576458812127
            ],
            [
              116.34481006099128,
              39.94584344436474
            ],
            [
              116.34472433062079,
              39.94591642420042
            ],
            [
              116.34462278441225,
              39.94598227888657
            ],
            [
              116.34456407358542,
              39.9460115279082
            ],
            [
              116.34452725578268,
              39.94986918637572
            ],
            [
              116.34829211594347,
              39.94989041169895
            ],
            [
              116.34836290191154,
              39.94911177322668
            ]
          ]
        ]
      }
    },
    {
      "type": "Feature",
      "id": "LU-008",
      "properties": {
        "id": "LU-008",
        "layer": "LAND_USE",
        "source_type": "agent_generated_design",
        "confidence": "medium",
        "geometry_role": "design_proposal",
        "land_use_code": "0802",
        "name_zh": "大钟寺核心AI研发创新用地组团（西侧北片）",
        "name_en": "Dazhongsi Core cluster, AI R&D land (west, north)",
        "band_zh": "大钟寺核心",
        "area_sqm_declared": 207300
      },
      "geometry": {
        "type": "Polygon",
        "coordinates": [
          [
            [
              116.34458355992662,
              39.943969505803416
            ],
            [
              116.34056266942878,
              39.94394670479361
            ],
            [
              116.34039886694426,
              39.94984577101909
            ],
            [
              116.34452725578268,
              39.94986918637572
            ],
            [
              116.34456407358542,
              39.9460115279082
            ],
            [
              116.34450715984144,
              39.946039881592384
            ],
            [
              116.34437943528883,
              39.94608824668101
            ],
            [
              116.34424179618809,
              39.9461265465767
            ],
            [
              116.34409659763068,
              39.946154125927244
            ],
            [
              116.34394632406618,
              39.94617051281938
            ],
            [
              116.34379354678855,
              39.94617542685483
            ],
            [
              116.34364087993558,
              39.946168783949076
            ],
            [
              116.34349093575518,
              39.946150697770165
            ],
            [
              116.34334627990394,
              39.94612147779358
            ],
            [
              116.34320938754308,
              39.94608162400582
            ],
            [
              116.34308260098399,
              39.94603181834791
            ],
            [
              116.34296808960724,
              39.94597291304492
            ],
            [
              116.34286781274228,
              39.945905916021786
            ],
            [
              116.34278348614204,
              39.945831973654755
            ],
            [
              116.34271655262687,
              39.9457523511539
            ],
            [
              116.34266815739947,
              39.94566841091266
            ],
            [
              116.34263912845358,
              39.94558158919476
            ],
            [
              116.342629962411,
              39.94549337155783
            ],
            [
              116.34264081602893,
              39.945405267434175
            ],
            [
              116.34267150352328,
              39.945318784303645
            ],
            [
              116.34272149975246,
              39.94523540190063
            ],
            [
              116.34278994920754,
              39.945156546896584
            ],
            [
              116.34287568065439,
              39.945083568490844
            ],
            [
              116.34297722717662,
              39.945017715327666
            ],
            [
              116.34309285127716,
              39.94496011413409
            ],
            [
              116.34322057460759,
              39.94491175044387
            ],
            [
              116.34335821181745,
              39.94487345173753
            ],
            [
              116.3435034079442,
              39.94484587328618
            ],
            [
              116.34365367870389,
              39.94482948694181
            ],
            [
              116.3438064529937,
              39.944824573065375
            ],
            [
              116.34395911687947,
              39.94483121573057
            ],
            [
              116.34410905831547,
              39.94484930128568
            ],
            [
              116.3442537118322,
              39.944878520297806
            ],
            [
              116.34439060242745,
              39.94491837284614
            ],
            [
              116.34451738791023,
              39.944968177074145
            ],
            [
              116.34457375350503,
              39.94499717121293
            ],
            [
              116.34458355992662,
              39.943969505803416
            ]
          ]
        ]
      }
    },
    {
      "type": "Feature",
      "id": "LU-009",
      "properties": {
        "id": "LU-009",
        "layer": "LAND_USE",
        "source_type": "agent_generated_design",
        "confidence": "medium",
        "geometry_role": "design_proposal",
        "land_use_code": "05",
        "name_zh": "大钟寺北侧生活产业服务与商业服务用地组团（东侧北片）",
        "name_en": "Dazhongsi North Living cluster, Business and commercial service land (east, north)",
        "band_zh": "大钟寺北侧生活",
        "area_sqm_declared": 114800
      },
      "geometry": {
        "type": "Polygon",
        "coordinates": [
          [
            [
              116.34954936652629,
              39.95025408332071
            ],
            [
              116.34950059409515,
              39.95079066927917
            ],
            [
              116.34947620757255,
              39.951058962229844
            ],
            [
              116.34942743391319,
              39.95159554807409
            ],
            [
              116.34940304677646,
              39.95186384096767
            ],
            [
              116.34935427188883,
              39.95240042669772
            ],
            [
              116.34932988413793,
              39.95266871953419
            ],
            [
              116.34928110802197,
              39.953205305150036
            ],
            [
              116.34925671965688,
              39.95347359792938
            ],
            [
              116.34920927129889,
              39.95399556375503
            ],
            [
              116.3523276583647,
              39.95401302761165
            ],
            [
              116.35236632681256,
              39.9499132433082
            ],
            [
              116.34958176332186,
              39.94989765428697
            ],
            [
              116.34957375243482,
              39.94998579031294
            ],
            [
              116.34954936652629,
              39.95025408332071
            ]
          ]
        ]
      }
    },
    {
      "type": "Feature",
      "id": "LU-010",
      "properties": {
        "id": "LU-010",
        "layer": "LAND_USE",
        "source_type": "agent_generated_design",
        "confidence": "medium",
        "geometry_role": "design_proposal",
        "land_use_code": "05",
        "name_zh": "大钟寺北侧生活产业服务与商业服务用地组团（东侧南片）",
        "name_en": "Dazhongsi North Living cluster, Business and commercial service land (east, south)",
        "band_zh": "大钟寺北侧生活",
        "area_sqm_declared": 114900
      },
      "geometry": {
        "type": "Polygon",
        "coordinates": [
          [
            [
              116.3523276583647,
              39.95401302761165
            ],
            [
              116.35530001612649,
              39.95402959557536
            ],
            [
              116.35530001610948,
              39.94992959483509
            ],
            [
              116.35236632681256,
              39.9499132433082
            ],
            [
              116.3523276583647,
              39.95401302761165
            ]
          ]
        ]
      }
    },
    {
      "type": "Feature",
      "id": "LU-011",
      "properties": {
        "id": "LU-011",
        "layer": "LAND_USE",
        "source_type": "agent_generated_design",
        "confidence": "medium",
        "geometry_role": "design_proposal",
        "land_use_code": "0702",
        "name_zh": "大钟寺北侧生活社区服务与配套用地组团（西侧南片）",
        "name_en": "Dazhongsi North Living cluster, Community service and supporting land (west, south)",
        "band_zh": "大钟寺北侧生活",
        "area_sqm_declared": 151000
      },
      "geometry": {
        "type": "Polygon",
        "coordinates": [
          [
            [
              116.34792384555779,
              39.95394103995483
            ],
            [
              116.3479726328737,
              39.95340445506743
            ],
            [
              116.34799702622442,
              39.95313616259519
            ],
            [
              116.3480458123115,
              39.95259957759357
            ],
            [
              116.34807020504786,
              39.9523312850642
            ],
            [
              116.34811898990617,
              39.95179469994832
            ],
            [
              116.34814338202818,
              39.95152640736184
            ],
            [
              116.3481921656578,
              39.95098982213174
            ],
            [
              116.34821655716549,
              39.95072152948814
            ],
            [
              116.34826533956652,
              39.950184944143814
            ],
            [
              116.3482897304599,
              39.94991665144308
            ],
            [
              116.34829211594347,
              39.94989041169895
            ],
            [
              116.34424403205956,
              39.94986758468733
            ],
            [
              116.34420487873572,
              39.95396736239654
            ],
            [
              116.34791954705325,
              39.95398831640946
            ],
            [
              116.34792384555779,
              39.95394103995483
            ]
          ]
        ]
      }
    },
    {
      "type": "Feature",
      "id": "LU-012",
      "properties": {
        "id": "LU-012",
        "layer": "LAND_USE",
        "source_type": "agent_generated_design",
        "confidence": "medium",
        "geometry_role": "design_proposal",
        "land_use_code": "0702",
        "name_zh": "大钟寺北侧生活社区服务与配套用地组团（西侧北片）",
        "name_en": "Dazhongsi North Living cluster, Community service and supporting land (west, north)",
        "band_zh": "大钟寺北侧生活",
        "area_sqm_declared": 151000
      },
      "geometry": {
        "type": "Polygon",
        "coordinates": [
          [
            [
              116.34424403205956,
              39.94986758468733
            ],
            [
              116.34039886694426,
              39.94984577101909
            ],
            [
              116.34028501732769,
              39.95394512183224
            ],
            [
              116.34420487873572,
              39.95396736239654
            ],
            [
              116.34424403205956,
              39.94986758468733
            ]
          ]
        ]
      }
    },
    {
      "type": "Feature",
      "id": "LU-013",
      "properties": {
        "id": "LU-013",
        "layer": "LAND_USE",
        "source_type": "agent_generated_design",
        "confidence": "medium",
        "geometry_role": "design_proposal",
        "land_use_code": "0702",
        "name_zh": "走廊南段产业社区服务与配套用地组团（东侧北片）",
        "name_en": "South Corridor Industry cluster, Community service and supporting land (east, north)",
        "band_zh": "走廊南段产业",
        "area_sqm_declared": 181000
      },
      "geometry": {
        "type": "Polygon",
        "coordinates": [
          [
            [
              116.34918355333315,
              39.954278476153284
            ],
            [
              116.34913477476024,
              39.9548150615407
            ],
            [
              116.34911038516668,
              39.95508335420584
            ],
            [
              116.34903721515732,
              39.9558882320871
            ],
            [
              116.34901282474468,
              39.95615652467609
            ],
            [
              116.34896404330502,
              39.95669310979701
            ],
            [
              116.34893965227802,
              39.956961402328886
            ],
            [
              116.34889086960963,
              39.95749798733557
            ],
            [
              116.34886647796824,
              39.95776627981034
            ],
            [
              116.34884221702971,
              39.958033132383754
            ],
            [
              116.34879790557602,
              39.958565026323974
            ],
            [
              116.34877568956891,
              39.958831693489735
            ],
            [
              116.34875347337521,
              39.959098360637626
            ],
            [
              116.34870904042803,
              39.959631694879796
            ],
            [
              116.34868682367454,
              39.959898361974076
            ],
            [
              116.34867897362896,
              39.959992585320066
            ],
            [
              116.35208978475102,
              39.96001169883476
            ],
            [
              116.35214640288868,
              39.95401201482558
            ],
            [
              116.34920927129889,
              39.95399556375503
            ],
            [
              116.34920794231246,
              39.954010183431016
            ],
            [
              116.34918355333315,
              39.954278476153284
            ]
          ]
        ]
      }
    },
    {
      "type": "Feature",
      "id": "LU-014",
      "properties": {
        "id": "LU-014",
        "layer": "LAND_USE",
        "source_type": "agent_generated_design",
        "confidence": "medium",
        "geometry_role": "design_proposal",
        "land_use_code": "0702",
        "name_zh": "走廊南段产业社区服务与配套用地组团（东侧南片）",
        "name_en": "South Corridor Industry cluster, Community service and supporting land (east, south)",
        "band_zh": "走廊南段产业",
        "area_sqm_declared": 181100
      },
      "geometry": {
        "type": "Polygon",
        "coordinates": [
          [
            [
              116.35208978475102,
              39.96001169883476
            ],
            [
              116.35530001022394,
              39.96002959662462
            ],
            [
              116.35530001612649,
              39.95402959557536
            ],
            [
              116.35214640288868,
              39.95401201482558
            ],
            [
              116.35208978475102,
              39.96001169883476
            ]
          ]
        ]
      }
    },
    {
      "type": "Feature",
      "id": "LU-015",
      "properties": {
        "id": "LU-015",
        "layer": "LAND_USE",
        "source_type": "agent_generated_design",
        "confidence": "medium",
        "geometry_role": "design_proposal",
        "land_use_code": "0802",
        "name_zh": "走廊南段产业AI研发创新用地组团（西侧南片）",
        "name_en": "South Corridor Industry cluster, AI R&D land (west, south)",
        "band_zh": "走廊南段产业",
        "area_sqm_declared": 211900
      },
      "geometry": {
        "type": "Polygon",
        "coordinates": [
          [
            [
              116.34740211551178,
              39.959834972558646
            ],
            [
              116.34742433722877,
              39.959568305747666
            ],
            [
              116.34746878010274,
              39.95903497207209
            ],
            [
              116.34749100125973,
              39.958768305207485
            ],
            [
              116.34751322223006,
              39.958501638325025
            ],
            [
              116.34755766361074,
              39.957968304506466
            ],
            [
              116.34755791457272,
              39.9579654241824
            ],
            [
              116.34758231140569,
              39.95769713203386
            ],
            [
              116.3476067080338,
              39.95742883986628
            ],
            [
              116.34765550067539,
              39.95689225547398
            ],
            [
              116.34767989668889,
              39.95662396324927
            ],
            [
              116.34772868810137,
              39.956087378742716
            ],
            [
              116.34775308350034,
              39.95581908646087
            ],
            [
              116.34782626846822,
              39.955014209501094
            ],
            [
              116.34785066304785,
              39.95474591714309
            ],
            [
              116.34789945159264,
              39.95420933236995
            ],
            [
              116.34791954705325,
              39.95398831640946
            ],
            [
              116.34395546086037,
              39.95396595119463
            ],
            [
              116.3438981270127,
              39.9599656254681
            ],
            [
              116.3473895856252,
              39.95998533370217
            ],
            [
              116.34740211551178,
              39.959834972558646
            ]
          ]
        ]
      }
    },
    {
      "type": "Feature",
      "id": "LU-016",
      "properties": {
        "id": "LU-016",
        "layer": "LAND_USE",
        "source_type": "agent_generated_design",
        "confidence": "medium",
        "geometry_role": "design_proposal",
        "land_use_code": "0802",
        "name_zh": "走廊南段产业AI研发创新用地组团（西侧北片）",
        "name_en": "South Corridor Industry cluster, AI R&D land (west, north)",
        "band_zh": "走廊南段产业",
        "area_sqm_declared": 212100
      },
      "geometry": {
        "type": "Polygon",
        "coordinates": [
          [
            [
              116.34395546086037,
              39.95396595119463
            ],
            [
              116.34028501732769,
              39.95394512183224
            ],
            [
              116.34011837742072,
              39.959944171370005
            ],
            [
              116.3438981270127,
              39.9599656254681
            ],
            [
              116.34395546086037,
              39.95396595119463
            ]
          ]
        ]
      }
    },
    {
      "type": "Feature",
      "id": "LU-017",
      "properties": {
        "id": "LU-017",
        "layer": "LAND_USE",
        "source_type": "agent_generated_design",
        "confidence": "medium",
        "geometry_role": "design_proposal",
        "land_use_code": "0802",
        "name_zh": "小月河两岸AI研发创新用地组团（东侧北片）",
        "name_en": "Xiaoyue River Banks cluster, AI R&D land (east, north)",
        "band_zh": "小月河两岸",
        "area_sqm_declared": 161900
      },
      "geometry": {
        "type": "Polygon",
        "coordinates": [
          [
            [
              116.34857573710785,
              39.96123169717744
            ],
            [
              116.34850908292837,
              39.96203169808501
            ],
            [
              116.34848686449527,
              39.96229836501846
            ],
            [
              116.34844242706917,
              39.96283169883176
            ],
            [
              116.34842020807613,
              39.963098365711595
            ],
            [
              116.34839798889647,
              39.963365032573556
            ],
            [
              116.34837576953014,
              39.96363169941766
            ],
            [
              116.34830911031119,
              39.96443169984271
            ],
            [
              116.34828689019821,
              39.96469836661532
            ],
            [
              116.34826466989857,
              39.96496503337005
            ],
            [
              116.34826256912712,
              39.96499024470005
            ],
            [
              116.3518609649244,
              39.965010420031206
            ],
            [
              116.35190817294313,
              39.96001068364758
            ],
            [
              116.34867897362896,
              39.959992585320066
            ],
            [
              116.34859795479441,
              39.9609650301725
            ],
            [
              116.34857573710785,
              39.96123169717744
            ]
          ]
        ]
      }
    },
    {
      "type": "Feature",
      "id": "LU-018",
      "properties": {
        "id": "LU-018",
        "layer": "LAND_USE",
        "source_type": "agent_generated_design",
        "confidence": "medium",
        "geometry_role": "design_proposal",
        "land_use_code": "0802",
        "name_zh": "小月河两岸AI研发创新用地组团（东侧南片）",
        "name_en": "Xiaoyue River Banks cluster, AI R&D land (east, south)",
        "band_zh": "小月河两岸",
        "area_sqm_declared": 162000
      },
      "geometry": {
        "type": "Polygon",
        "coordinates": [
          [
            [
              116.3518609649244,
              39.965010420031206
            ],
            [
              116.35529763419568,
              39.9650295843109
            ],
            [
              116.3553,
              39.965
            ],
            [
              116.35530001022394,
              39.96002959662462
            ],
            [
              116.35190817294313,
              39.96001068364758
            ],
            [
              116.3518609649244,
              39.965010420031206
            ]
          ]
        ]
      }
    },
    {
      "type": "Feature",
      "id": "LU-019",
      "properties": {
        "id": "LU-019",
        "layer": "LAND_USE",
        "source_type": "agent_generated_design",
        "confidence": "medium",
        "geometry_role": "design_proposal",
        "land_use_code": "0702",
        "name_zh": "小月河两岸社区服务与配套用地组团（西侧北片）",
        "name_en": "Xiaoyue River Banks cluster, Community service and supporting land (west, north)",
        "band_zh": "小月河两岸",
        "area_sqm_declared": 95400
      },
      "geometry": {
        "type": "Polygon",
        "coordinates": [
          [
            [
              116.34359229866176,
              39.96496389305088
            ],
            [
              116.34361909166378,
              39.96216218079631
            ],
            [
              116.34005731877184,
              39.96214195845207
            ],
            [
              116.33997948294844,
              39.96494337892529
            ],
            [
              116.34359229866176,
              39.96496389305088
            ]
          ]
        ]
      }
    },
    {
      "type": "Feature",
      "id": "LU-020",
      "properties": {
        "id": "LU-020",
        "layer": "LAND_USE",
        "source_type": "agent_generated_design",
        "confidence": "medium",
        "geometry_role": "design_proposal",
        "land_use_code": "0702",
        "name_zh": "小月河两岸社区服务与配套用地组团（西侧南片）",
        "name_en": "Xiaoyue River Banks cluster, Community service and supporting land (west, south)",
        "band_zh": "小月河两岸",
        "area_sqm_declared": 155800
      },
      "geometry": {
        "type": "Polygon",
        "coordinates": [
          [
            [
              116.34359229866176,
              39.96496389305088
            ],
            [
              116.34697308735238,
              39.964982987701205
            ],
            [
              116.34697986741706,
              39.96490163857089
            ],
            [
              116.34700209268144,
              39.96463497209955
            ],
            [
              116.3470243177591,
              39.96436830561033
            ],
            [
              116.34709099187167,
              39.96356830603542
            ],
            [
              116.34711321620237,
              39.96330163947471
            ],
            [
              116.3471354403464,
              39.9630349728961
            ],
            [
              116.3471576643037,
              39.96276830629963
            ],
            [
              116.34720211165818,
              39.96223497305305
            ],
            [
              116.34722433505536,
              39.961968306402945
            ],
            [
              116.34729100412667,
              39.961168306345385
            ],
            [
              116.34731322677706,
              39.960901639623785
            ],
            [
              116.3473895856252,
              39.95998533370217
            ],
            [
              116.34364010883439,
              39.9599641648601
            ],
            [
              116.34362288072428,
              39.96176593149435
            ],
            [
              116.3471729099734,
              39.96178597809472
            ],
            [
              116.34716914140255,
              39.96218222767647
            ],
            [
              116.34361909166378,
              39.96216218079631
            ],
            [
              116.34359229866176,
              39.96496389305088
            ]
          ]
        ]
      }
    },
    {
      "type": "Feature",
      "id": "LU-021",
      "properties": {
        "id": "LU-021",
        "layer": "LAND_USE",
        "source_type": "agent_generated_design",
        "confidence": "medium",
        "geometry_role": "design_proposal",
        "land_use_code": "0702",
        "name_zh": "小月河两岸社区服务与配套用地组团（西侧南片）",
        "name_en": "Xiaoyue River Banks cluster, Community service and supporting land (west, south)",
        "band_zh": "小月河两岸",
        "area_sqm_declared": 60500
      },
      "geometry": {
        "type": "Polygon",
        "coordinates": [
          [
            [
              116.34364010883439,
              39.9599641648601
            ],
            [
              116.34011837742072,
              39.959944171370005
            ],
            [
              116.34006832653681,
              39.961745750410635
            ],
            [
              116.34362288072428,
              39.96176593149435
            ],
            [
              116.34364010883439,
              39.9599641648601
            ]
          ]
        ]
      }
    },
    {
      "type": "Feature",
      "id": "LU-022",
      "properties": {
        "id": "LU-022",
        "layer": "LAND_USE",
        "source_type": "agent_generated_design",
        "confidence": "medium",
        "geometry_role": "design_proposal",
        "land_use_code": "05",
        "name_zh": "科技服务翼南段产业服务与商业服务用地组团（东侧北片）",
        "name_en": "Zhongguancun Service Wing South cluster, Business and commercial service land (east, north)",
        "band_zh": "科技服务翼南段",
        "area_sqm_declared": 331900
      },
      "geometry": {
        "type": "Polygon",
        "coordinates": [
          [
            [
              116.34819800787955,
              39.965765033527035
            ],
            [
              116.34817578683317,
              39.96603170021029
            ],
            [
              116.34810912257392,
              39.966831700152795
            ],
            [
              116.34808690078074,
              39.96709836676455
            ],
            [
              116.34799801174107,
              39.96816503303283
            ],
            [
              116.34797578901437,
              39.96843169955522
            ],
            [
              116.3479313430008,
              39.96896503254637
            ],
            [
              116.34790911971393,
              39.96923169901515
            ],
            [
              116.34788689624031,
              39.96949836546602
            ],
            [
              116.34784319190781,
              39.97002278091191
            ],
            [
              116.34783376479605,
              39.97028214172052
            ],
            [
              116.34782401293148,
              39.97055043473955
            ],
            [
              116.34781426097642,
              39.9708187277448
            ],
            [
              116.34780450893086,
              39.97108702073623
            ],
            [
              116.34779475679484,
              39.97135531371385
            ],
            [
              116.34777525225127,
              39.97189189962765
            ],
            [
              116.34776549984372,
              39.97216019256384
            ],
            [
              116.34774599475713,
              39.9726967783948
            ],
            [
              116.34773624207808,
              39.97296507128957
            ],
            [
              116.34772648930854,
              39.97323336417053
            ],
            [
              116.34770698349794,
              39.973769949891015
            ],
            [
              116.34769723045687,
              39.97403824273055
            ],
            [
              116.34767772410318,
              39.97457482836818
            ],
            [
              116.34766797079058,
              39.97484312116629
            ],
            [
              116.34766274501825,
              39.97498686997163
            ],
            [
              116.351355057215,
              39.975007590739516
            ],
            [
              116.35144956870141,
              39.96500811908813
            ],
            [
              116.34826256912712,
              39.96499024470005
            ],
            [
              116.34824244941224,
              39.965231700106926
            ],
            [
              116.34819800787955,
              39.965765033527035
            ]
          ]
        ]
      }
    },
    {
      "type": "Feature",
      "id": "LU-023",
      "properties": {
        "id": "LU-023",
        "layer": "LAND_USE",
        "source_type": "agent_generated_design",
        "confidence": "medium",
        "geometry_role": "design_proposal",
        "land_use_code": "05",
        "name_zh": "科技服务翼南段产业服务与商业服务用地组团（东侧南片）",
        "name_en": "Zhongguancun Service Wing South cluster, Business and commercial service land (east, south)",
        "band_zh": "科技服务翼南段",
        "area_sqm_declared": 331600
      },
      "geometry": {
        "type": "Polygon",
        "coordinates": [
          [
            [
              116.351355057215,
              39.975007590739516
            ],
            [
              116.35449818023373,
              39.97502513684922
            ],
            [
              116.35529763419568,
              39.9650295843109
            ],
            [
              116.35144956870141,
              39.96500811908813
            ],
            [
              116.351355057215,
              39.975007590739516
            ]
          ]
        ]
      }
    },
    {
      "type": "Feature",
      "id": "LU-024",
      "properties": {
        "id": "LU-024",
        "layer": "LAND_USE",
        "source_type": "agent_generated_design",
        "confidence": "medium",
        "geometry_role": "design_proposal",
        "land_use_code": "0802",
        "name_zh": "科技服务翼南段AI研发创新用地组团（西侧南片）",
        "name_en": "Zhongguancun Service Wing South cluster, AI R&D land (west, south)",
        "band_zh": "科技服务翼南段",
        "area_sqm_declared": 321200
      },
      "geometry": {
        "type": "Polygon",
        "coordinates": [
          [
            [
              116.34638084749452,
              39.97481541756535
            ],
            [
              116.34639060583349,
              39.974547124914764
            ],
            [
              116.34641012223967,
              39.974010539572156
            ],
            [
              116.34641988030691,
              39.973742246880136
            ],
            [
              116.34643939616961,
              39.97320566145468
            ],
            [
              116.34644915396512,
              39.97293736872123
            ],
            [
              116.34645891167006,
              39.972669075973975
            ],
            [
              116.34647842680818,
              39.972132490438014
            ],
            [
              116.34648818424141,
              39.971864197649325
            ],
            [
              116.34650769883615,
              39.97132761203052
            ],
            [
              116.34651745599766,
              39.971059319200386
            ],
            [
              116.34652721306864,
              39.970791026356444
            ],
            [
              116.34653697004903,
              39.970522733498704
            ],
            [
              116.3465467269389,
              39.970254440627144
            ],
            [
              116.34655648373818,
              39.96998614774177
            ],
            [
              116.34655755190892,
              39.96996829812965
            ],
            [
              116.34660200934825,
              39.969434965848464
            ],
            [
              116.34662423778771,
              39.96916829968104
            ],
            [
              116.34664646604038,
              39.96890163349573
            ],
            [
              116.34669092198533,
              39.9683683010715
            ],
            [
              116.34671314967761,
              39.96810163483257
            ],
            [
              116.34680205857899,
              39.96703496969806
            ],
            [
              116.3468242853374,
              39.966768303369726
            ],
            [
              116.34689096449208,
              39.9659683042775
            ],
            [
              116.34691319050344,
              39.965701637877665
            ],
            [
              116.34695764196593,
              39.96516830502438
            ],
            [
              116.34697308735238,
              39.964982987701205
            ],
            [
              116.34327721483363,
              39.964962108438314
            ],
            [
              116.34318151261976,
              39.97496156388235
            ],
            [
              116.34637487526318,
              39.974979614948595
            ],
            [
              116.34638084749452,
              39.97481541756535
            ]
          ]
        ]
      }
    },
    {
      "type": "Feature",
      "id": "LU-025",
      "properties": {
        "id": "LU-025",
        "layer": "LAND_USE",
        "source_type": "agent_generated_design",
        "confidence": "medium",
        "geometry_role": "design_proposal",
        "land_use_code": "0802",
        "name_zh": "科技服务翼南段AI研发创新用地组团（西侧北片）",
        "name_en": "Zhongguancun Service Wing South cluster, AI R&D land (west, north)",
        "band_zh": "科技服务翼南段",
        "area_sqm_declared": 321500
      },
      "geometry": {
        "type": "Polygon",
        "coordinates": [
          [
            [
              116.34327721483363,
              39.964962108438314
            ],
            [
              116.33997948294844,
              39.96494337892529
            ],
            [
              116.33970161792371,
              39.974941792964096
            ],
            [
              116.34318151261976,
              39.97496156388235
            ],
            [
              116.34327721483363,
              39.964962108438314
            ]
          ]
        ]
      }
    },
    {
      "type": "Feature",
      "id": "LU-026",
      "properties": {
        "id": "LU-026",
        "layer": "LAND_USE",
        "source_type": "agent_generated_design",
        "confidence": "medium",
        "geometry_role": "design_proposal",
        "land_use_code": "0802",
        "name_zh": "近校研发界面AI研发创新用地组团（东侧北片）",
        "name_en": "Campus-adjacent R&D Interface cluster, AI R&D land (east, north)",
        "band_zh": "近校研发界面",
        "area_sqm_declared": 268000
      },
      "geometry": {
        "type": "Polygon",
        "coordinates": [
          [
            [
              116.34763871030965,
              39.97564799947775
            ],
            [
              116.34761920286977,
              39.97618458494966
            ],
            [
              116.34760944901402,
              39.97645287766491
            ],
            [
              116.34758994103096,
              39.97698946305398
            ],
            [
              116.34758018690366,
              39.9772577557278
            ],
            [
              116.34756067837742,
              39.97779434103401
            ],
            [
              116.3475509239785,
              39.97806263366641
            ],
            [
              116.34754116948905,
              39.97833092628499
            ],
            [
              116.34752166023853,
              39.97886751148073
            ],
            [
              116.34751190547745,
              39.97913580405787
            ],
            [
              116.34749239568369,
              39.979672389170744
            ],
            [
              116.34748264065097,
              39.979940681706466
            ],
            [
              116.34747288552774,
              39.980208974228375
            ],
            [
              116.34746313031393,
              39.98047726673649
            ],
            [
              116.34745337500958,
              39.98074555923078
            ],
            [
              116.34744373295433,
              39.981010734662384
            ],
            [
              116.34743327584013,
              39.98153393309867
            ],
            [
              116.34742801604368,
              39.981797091247905
            ],
            [
              116.34742275619318,
              39.98206024938467
            ],
            [
              116.34741223632993,
              39.98258656562079
            ],
            [
              116.3474069763172,
              39.98284972372015
            ],
            [
              116.34739645612953,
              39.98337603988145
            ],
            [
              116.34739427101452,
              39.983485357988904
            ],
            [
              116.35079802768318,
              39.9835044725279
            ],
            [
              116.35087845875445,
              39.975004922743366
            ],
            [
              116.34766274501825,
              39.97498686997163
            ],
            [
              116.3476484638938,
              39.975379706721064
            ],
            [
              116.34763871030965,
              39.97564799947775
            ]
          ]
        ]
      }
    },
    {
      "type": "Feature",
      "id": "LU-027",
      "properties": {
        "id": "LU-027",
        "layer": "LAND_USE",
        "source_type": "agent_generated_design",
        "confidence": "medium",
        "geometry_role": "design_proposal",
        "land_use_code": "0802",
        "name_zh": "近校研发界面AI研发创新用地组团（东侧南片）",
        "name_en": "Campus-adjacent R&D Interface cluster, AI R&D land (east, south)",
        "band_zh": "近校研发界面",
        "area_sqm_declared": 267700
      },
      "geometry": {
        "type": "Polygon",
        "coordinates": [
          [
            [
              116.35079802768318,
              39.9835044725279
            ],
            [
              116.35381844478998,
              39.98352135063118
            ],
            [
              116.35449818023373,
              39.97502513684922
            ],
            [
              116.35087845875445,
              39.975004922743366
            ],
            [
              116.35079802768318,
              39.9835044725279
            ]
          ]
        ]
      }
    },
    {
      "type": "Feature",
      "id": "LU-028",
      "properties": {
        "id": "LU-028",
        "layer": "LAND_USE",
        "source_type": "agent_generated_design",
        "confidence": "medium",
        "geometry_role": "design_proposal",
        "land_use_code": "0802",
        "name_zh": "近校研发界面AI研发创新用地组团（西侧北片）",
        "name_en": "Campus-adjacent R&D Interface cluster, AI R&D land (west, north)",
        "band_zh": "近校研发界面",
        "area_sqm_declared": 252400
      },
      "geometry": {
        "type": "Polygon",
        "coordinates": [
          [
            [
              116.34610882134328,
              39.9833608019035
            ],
            [
              116.34611935140612,
              39.982834485937225
            ],
            [
              116.34612461635633,
              39.98257132793538
            ],
            [
              116.34613514609435,
              39.98204501189426
            ],
            [
              116.34614041088216,
              39.98178185385499
            ],
            [
              116.34614567561583,
              39.981518695803274
            ],
            [
              116.34615620492077,
              39.980992379662396
            ],
            [
              116.34615638069388,
              39.98098614471679
            ],
            [
              116.34616614111668,
              39.980717852383876
            ],
            [
              116.34617590144887,
              39.98044956003714
            ],
            [
              116.34618566169046,
              39.98018126767661
            ],
            [
              116.3461954218414,
              39.97991297530225
            ],
            [
              116.34620518190175,
              39.979644682914085
            ],
            [
              116.34622470175059,
              39.979108098096326
            ],
            [
              116.34623446153908,
              39.97883980566674
            ],
            [
              116.34625398084427,
              39.9783032207661
            ],
            [
              116.34626374036094,
              39.97803492829505
            ],
            [
              116.34627349978703,
              39.97776663581022
            ],
            [
              116.34629301836739,
              39.977230050799086
            ],
            [
              116.34630277752166,
              39.97696175827281
            ],
            [
              116.34632229555841,
              39.97642517317881
            ],
            [
              116.34633205444091,
              39.97615688061108
            ],
            [
              116.34635157193412,
              39.975620295434226
            ],
            [
              116.34636133054485,
              39.975352002825076
            ],
            [
              116.34637487526318,
              39.974979614948595
            ],
            [
              116.34313668372025,
              39.97496130985258
            ],
            [
              116.34305529355159,
              39.983460846579874
            ],
            [
              116.34610647451696,
              39.98347810002184
            ],
            [
              116.34610882134328,
              39.9833608019035
            ]
          ]
        ]
      }
    },
    {
      "type": "Feature",
      "id": "LU-029",
      "properties": {
        "id": "LU-029",
        "layer": "LAND_USE",
        "source_type": "agent_generated_design",
        "confidence": "medium",
        "geometry_role": "design_proposal",
        "land_use_code": "0802",
        "name_zh": "近校研发界面AI研发创新用地组团（西侧南片）",
        "name_en": "Campus-adjacent R&D Interface cluster, AI R&D land (west, south)",
        "band_zh": "近校研发界面",
        "area_sqm_declared": 252000
      },
      "geometry": {
        "type": "Polygon",
        "coordinates": [
          [
            [
              116.34313668372025,
              39.97496130985258
            ],
            [
              116.33970161792371,
              39.974941792964096
            ],
            [
              116.3397,
              39.975
            ],
            [
              116.34024466975664,
              39.983444882335206
            ],
            [
              116.34305529355159,
              39.983460846579874
            ],
            [
              116.34313668372025,
              39.97496130985258
            ]
          ]
        ]
      }
    },
    {
      "type": "Feature",
      "id": "LU-030",
      "properties": {
        "id": "LU-030",
        "layer": "LAND_USE",
        "source_type": "agent_generated_design",
        "confidence": "medium",
        "geometry_role": "design_proposal",
        "land_use_code": "05",
        "name_zh": "AI原点社区核心产业服务与商业服务用地组团（东侧北片）",
        "name_en": "AI Origin Community Core cluster, Business and commercial service land (east, north)",
        "band_zh": "AI原点社区核心",
        "area_sqm_declared": 293500
      },
      "geometry": {
        "type": "Polygon",
        "coordinates": [
          [
            [
              116.34738593572555,
              39.98390235599288
            ],
            [
              116.34737015471406,
              39.98469183006649
            ],
            [
              116.34736489426872,
              39.98495498806608
            ],
            [
              116.34735963376932,
              39.98521814605322
            ],
            [
              116.3473438519466,
              39.986007619939784
            ],
            [
              116.34733859123087,
              39.98627077787702
            ],
            [
              116.34732806963716,
              39.98679709371411
            ],
            [
              116.34732280875916,
              39.987060251613954
            ],
            [
              116.3473175478271,
              39.987323409501315
            ],
            [
              116.34730176470636,
              39.98811288308859
            ],
            [
              116.34729650355794,
              39.98837604092608
            ],
            [
              116.34729124235541,
              39.98863919875108
            ],
            [
              116.34728071978812,
              39.98916551436371
            ],
            [
              116.34727545842333,
              39.98942867215131
            ],
            [
              116.34726493553144,
              39.98995498768911
            ],
            [
              116.34725967400436,
              39.99021814543931
            ],
            [
              116.34725441242318,
              39.99048130317703
            ],
            [
              116.34724413450394,
              39.99099534498983
            ],
            [
              116.34725535512868,
              39.99124778312517
            ],
            [
              116.34726712112499,
              39.99151248915684
            ],
            [
              116.34727888719826,
              39.99177719517599
            ],
            [
              116.34729065334854,
              39.992041901182645
            ],
            [
              116.34730241957581,
              39.99230660717678
            ],
            [
              116.34731418588004,
              39.99257131315841
            ],
            [
              116.3473259522613,
              39.99283601912752
            ],
            [
              116.34733771871953,
              39.99310072508411
            ],
            [
              116.34734948525478,
              39.9933654310282
            ],
            [
              116.34735480627744,
              39.99348513487992
            ],
            [
              116.35036195860856,
              39.993502029392516
            ],
            [
              116.35045667706194,
              39.983502560108654
            ],
            [
              116.34739427101452,
              39.983485357988904
            ],
            [
              116.34739119595459,
              39.98363919794341
            ],
            [
              116.34738593572555,
              39.98390235599288
            ]
          ]
        ]
      }
    },
    {
      "type": "Feature",
      "id": "LU-031",
      "properties": {
        "id": "LU-031",
        "layer": "LAND_USE",
        "source_type": "agent_generated_design",
        "confidence": "medium",
        "geometry_role": "design_proposal",
        "land_use_code": "05",
        "name_zh": "AI原点社区核心产业服务与商业服务用地组团（东侧南片）",
        "name_en": "AI Origin Community Core cluster, Business and commercial service land (east, south)",
        "band_zh": "AI原点社区核心",
        "area_sqm_declared": 293300
      },
      "geometry": {
        "type": "Polygon",
        "coordinates": [
          [
            [
              116.35036195860856,
              39.993502029392516
            ],
            [
              116.35349276925214,
              39.993519535723635
            ],
            [
              116.3533,
              39.99
            ],
            [
              116.35381844478998,
              39.98352135063118
            ],
            [
              116.35045667706194,
              39.983502560108654
            ],
            [
              116.35036195860856,
              39.993502029392516
            ]
          ]
        ]
      }
    },
    {
      "type": "Feature",
      "id": "LU-032",
      "properties": {
        "id": "LU-032",
        "layer": "LAND_USE",
        "source_type": "agent_generated_design",
        "confidence": "medium",
        "geometry_role": "design_proposal",
        "land_use_code": "0802",
        "name_zh": "AI原点社区核心AI研发创新用地组团（西侧北片）",
        "name_en": "AI Origin Community Core cluster, AI R&D land (west, north)",
        "band_zh": "AI原点社区核心",
        "area_sqm_declared": 248200
      },
      "geometry": {
        "type": "Polygon",
        "coordinates": [
          [
            [
              116.3460622618631,
              39.99339927409254
            ],
            [
              116.34605050029522,
              39.993134568059226
            ],
            [
              116.34603873880428,
              39.992869862013436
            ],
            [
              116.34602697739025,
              39.99260515595511
            ],
            [
              116.34601521605317,
              39.992340449884296
            ],
            [
              116.34600345479299,
              39.99207574380097
            ],
            [
              116.34599169360976,
              39.99181103770511
            ],
            [
              116.34597993250344,
              39.99154633159676
            ],
            [
              116.34596817147403,
              39.991281625475885
            ],
            [
              116.34595641052155,
              39.99101691934252
            ],
            [
              116.34595611109322,
              39.99099237780886
            ],
            [
              116.34596664429678,
              39.9904660625659
            ],
            [
              116.34597191081734,
              39.990202904925724
            ],
            [
              116.34597717728371,
              39.98993974727308
            ],
            [
              116.345987710054,
              39.98941343193035
            ],
            [
              116.34599297635789,
              39.98915027424028
            ],
            [
              116.34600350880324,
              39.98862395882272
            ],
            [
              116.34600877494468,
              39.98836080109523
            ],
            [
              116.34601404103194,
              39.98809764335529
            ],
            [
              116.34602983896883,
              39.98730817006059
            ],
            [
              116.34603510483949,
              39.98704501227075
            ],
            [
              116.346040370656,
              39.98678185446844
            ],
            [
              116.34605090212656,
              39.9862555388264
            ],
            [
              116.34605616778063,
              39.98599238098668
            ],
            [
              116.34607196441794,
              39.98520290739266
            ],
            [
              116.3460772298554,
              39.984939749503056
            ],
            [
              116.34608249523875,
              39.98467659160098
            ],
            [
              116.34609829106388,
              39.983887117819904
            ],
            [
              116.34610355623064,
              39.98362395986794
            ],
            [
              116.34610647451696,
              39.98347810002184
            ],
            [
              116.3433212666137,
              39.98346235376738
            ],
            [
              116.34328086565145,
              39.98768177013441
            ],
            [
              116.34334107032846,
              39.987646013063944
            ],
            [
              116.34343359006826,
              39.98760381615022
            ],
            [
              116.34353580107407,
              39.9875683979923
            ],
            [
              116.3436459545056,
              39.987540364581804
            ],
            [
              116.34376216563555,
              39.987520195558645
            ],
            [
              116.34388244609572,
              39.98750823600559
            ],
            [
              116.34400473789616,
              39.98750469054495
            ],
            [
              116.34412694863511,
              39.98750961983783
            ],
            [
              116.34424698729744,
              39.987522939546565
            ],
            [
              116.34436280002953,
              39.9875444217774
            ],
            [
              116.34447240527842,
              39.987573698979155
            ],
            [
              116.3445739276944,
              39.98761027023105
            ],
            [
              116.34466563021687,
              39.987653509812226
            ],
            [
              116.34474594379495,
              39.98770267790638
            ],
            [
              116.34481349423393,
              39.98775693325855
            ],
            [
              116.34486712570875,
              39.98781534756756
            ],
            [
              116.34490592054158,
              39.987876921367885
            ],
            [
              116.34492921490559,
              39.987940601129516
            ],
            [
              116.34493661018567,
              39.98800529728306
            ],
            [
              116.34492797980171,
              39.98806990286209
            ],
            [
              116.34490347137745,
              39.98813331244336
            ],
            [
              116.34486350421764,
              39.98819444106117
            ],
            [
              116.3448087621365,
              39.988252242772184
            ],
            [
              116.34474018175972,
              39.988305728552824
            ],
            [
              116.34465893650045,
              39.9883539832232
            ],
            [
              116.3445664164829,
              39.98839618110756
            ],
            [
              116.34446420475737,
              39.98843160016364
            ],
            [
              116.34435405021313,
              39.98845963433867
            ],
            [
              116.3442378376534,
              39.988479803940606
            ],
            [
              116.34411755554378,
              39.98849176384721
            ],
            [
              116.34399526198658,
              39.98849530941212
            ],
            [
              116.34387304950333,
              39.9884903799671
            ],
            [
              116.34375300922802,
              39.9884770598602
            ],
            [
              116.3436371951242,
              39.98845557701231
            ],
            [
              116.3435275888383,
              39.98842629901663
            ],
            [
              116.34342606579071,
              39.98838972684808
            ],
            [
              116.34333436308506,
              39.98834648628998
            ],
            [
              116.34327484912417,
              39.98831005091977
            ],
            [
              116.34322550783361,
              39.993461808890096
            ],
            [
              116.34606575404906,
              39.99347786894982
            ],
            [
              116.3460622618631,
              39.99339927409254
            ]
          ]
        ]
      }
    },
    {
      "type": "Feature",
      "id": "LU-033",
      "properties": {
        "id": "LU-033",
        "layer": "LAND_USE",
        "source_type": "agent_generated_design",
        "confidence": "medium",
        "geometry_role": "design_proposal",
        "land_use_code": "0802",
        "name_zh": "AI原点社区核心AI研发创新用地组团（西侧南片）",
        "name_en": "AI Origin Community Core cluster, AI R&D land (west, south)",
        "band_zh": "AI原点社区核心",
        "area_sqm_declared": 255800
      },
      "geometry": {
        "type": "Polygon",
        "coordinates": [
          [
            [
              116.3433212666137,
              39.98346235376738
            ],
            [
              116.34024466975664,
              39.983444882335206
            ],
            [
              116.34089003287347,
              39.99344855088882
            ],
            [
              116.34322550783361,
              39.993461808890096
            ],
            [
              116.34327484912417,
              39.98831005091977
            ],
            [
              116.34325404978475,
              39.9882973172252
            ],
            [
              116.3431865000655,
              39.98824306097484
            ],
            [
              116.34313286970337,
              39.988184645901306
            ],
            [
              116.34309407630035,
              39.98812307152221
            ],
            [
              116.34307078358579,
              39.98805939140702
            ],
            [
              116.34306339006245,
              39.9879946951492
            ],
            [
              116.34307202219071,
              39.987930089722305
            ],
            [
              116.34309653222793,
              39.98786668053921
            ],
            [
              116.34313650075946,
              39.98780555253847
            ],
            [
              116.34319124387761,
              39.98774775162137
            ],
            [
              116.34325982488602,
              39.98769426675737
            ],
            [
              116.34328086565145,
              39.98768177013441
            ],
            [
              116.3433212666137,
              39.98346235376738
            ]
          ]
        ]
      }
    },
    {
      "type": "Feature",
      "id": "LU-034",
      "properties": {
        "id": "LU-034",
        "layer": "LAND_USE",
        "source_type": "agent_generated_design",
        "confidence": "medium",
        "geometry_role": "design_proposal",
        "land_use_code": "0702",
        "name_zh": "原点北研发与生活社区服务与配套用地组团（东侧南片）",
        "name_en": "Origin North R&D and Living cluster, Community service and supporting land (east, south)",
        "band_zh": "原点北研发与生活",
        "area_sqm_declared": 414000
      },
      "geometry": {
        "type": "Polygon",
        "coordinates": [
          [
            [
              116.34737301855623,
              39.993894842878845
            ],
            [
              116.34739655216569,
              39.9944242546794
            ],
            [
              116.34740831908591,
              39.99468896056093
            ],
            [
              116.34742008608315,
              39.99495366642993
            ],
            [
              116.34743185315739,
              39.99521837228644
            ],
            [
              116.34744362030865,
              39.99548307813041
            ],
            [
              116.3474553875369,
              39.99574778396188
            ],
            [
              116.34746715484218,
              39.99601248978083
            ],
            [
              116.34747892222447,
              39.996277195587275
            ],
            [
              116.34749068968375,
              39.996541901381214
            ],
            [
              116.34751422483342,
              39.99707131293151
            ],
            [
              116.34752599252377,
              39.9973360186879
            ],
            [
              116.34753776029116,
              39.99760072443177
            ],
            [
              116.34754952813554,
              39.99786543016314
            ],
            [
              116.34756129605698,
              39.99813013588198
            ],
            [
              116.34757306405544,
              39.998394841588315
            ],
            [
              116.34758483213092,
              39.99865954728213
            ],
            [
              116.34759660028344,
              39.99892425296344
            ],
            [
              116.34760836851298,
              39.99918895863223
            ],
            [
              116.34762013681957,
              39.99945366428851
            ],
            [
              116.34763190520317,
              39.999718369932275
            ],
            [
              116.34764367366382,
              39.99998307556352
            ],
            [
              116.34764383822542,
              39.999987306186476
            ],
            [
              116.34765272840673,
              40.00025397309623
            ],
            [
              116.34766161864316,
              40.00052063999363
            ],
            [
              116.34767050893468,
              40.00078730687868
            ],
            [
              116.34768828968308,
              40.0013206406117
            ],
            [
              116.34769718013992,
              40.001587307459694
            ],
            [
              116.3477060706519,
              40.001853974295315
            ],
            [
              116.34771496121897,
              40.002120641118594
            ],
            [
              116.34772385184117,
              40.0023873079295
            ],
            [
              116.34773274251849,
              40.00265397472807
            ],
            [
              116.34775052403846,
              40.00318730828813
            ],
            [
              116.34775941488112,
              40.00345397504964
            ],
            [
              116.3477683057789,
              40.00372064179878
            ],
            [
              116.34778608773983,
              40.00425397525999
            ],
            [
              116.347794978803,
              40.004520641972086
            ],
            [
              116.34780386992128,
              40.00478730867181
            ],
            [
              116.34782165232322,
              40.00532064203418
            ],
            [
              116.34783054360688,
              40.00558730869684
            ],
            [
              116.34783943494568,
              40.005853975347144
            ],
            [
              116.3478483263396,
              40.0061206419851
            ],
            [
              116.34785721778867,
              40.00638730861068
            ],
            [
              116.34786610929287,
              40.006653975223905
            ],
            [
              116.34788389246665,
              40.00718730841331
            ],
            [
              116.34789278413626,
              40.007453974989495
            ],
            [
              116.34789392427906,
              40.007488168444375
            ],
            [
              116.35069611457227,
              40.007503902230376
            ],
            [
              116.35082870490632,
              39.99350464462919
            ],
            [
              116.34735480627744,
              39.99348513487992
            ],
            [
              116.34736125186699,
              39.993630136959766
            ],
            [
              116.34737301855623,
              39.993894842878845
            ]
          ]
        ]
      }
    },
    {
      "type": "Feature",
      "id": "LU-035",
      "properties": {
        "id": "LU-035",
        "layer": "LAND_USE",
        "source_type": "agent_generated_design",
        "confidence": "medium",
        "geometry_role": "design_proposal",
        "land_use_code": "0702",
        "name_zh": "原点北研发与生活社区服务与配套用地组团（东侧北片）",
        "name_en": "Origin North R&D and Living cluster, Community service and supporting land (east, north)",
        "band_zh": "原点北研发与生活",
        "area_sqm_declared": 413400
      },
      "geometry": {
        "type": "Polygon",
        "coordinates": [
          [
            [
              116.35069611457227,
              40.007503902230376
            ],
            [
              116.35425997396588,
              40.007523814758706
            ],
            [
              116.35349276925214,
              39.993519535723635
            ],
            [
              116.35082870490632,
              39.99350464462919
            ],
            [
              116.35069611457227,
              40.007503902230376
            ]
          ]
        ]
      }
    },
    {
      "type": "Feature",
      "id": "LU-036",
      "properties": {
        "id": "LU-036",
        "layer": "LAND_USE",
        "source_type": "agent_generated_design",
        "confidence": "medium",
        "geometry_role": "design_proposal",
        "land_use_code": "0802",
        "name_zh": "原点北研发与生活AI研发创新用地组团（西侧北片）",
        "name_en": "Origin North R&D and Living cluster, AI R&D land (west, north)",
        "band_zh": "原点北研发与生活",
        "area_sqm_declared": 333500
      },
      "geometry": {
        "type": "Polygon",
        "coordinates": [
          [
            [
              116.34660496722309,
              40.00747936064491
            ],
            [
              116.3465960805641,
              40.00721269401131
            ],
            [
              116.34657830741136,
              40.00667936070707
            ],
            [
              116.34656942091759,
              40.00641269403641
            ],
            [
              116.34656053447891,
              40.00614602735341
            ],
            [
              116.34655164809529,
              40.00587936065805
            ],
            [
              116.34654276176671,
              40.00561269395033
            ],
            [
              116.34653387549322,
              40.00534602723027
            ],
            [
              116.3465161031114,
              40.00481269375307
            ],
            [
              116.34650721700308,
              40.00454602699594
            ],
            [
              116.3464983309498,
              40.00427936022646
            ],
            [
              116.34648055900848,
              40.00374602665044
            ],
            [
              116.34647167312039,
              40.0034793598439
            ],
            [
              116.34646278728735,
              40.003212693025006
            ],
            [
              116.34644501578644,
              40.002679359350154
            ],
            [
              116.34643613011855,
              40.0024126924942
            ],
            [
              116.3464272445057,
              40.00214602562589
            ],
            [
              116.34641835894793,
              40.00187935874523
            ],
            [
              116.34640947344519,
              40.001612691852216
            ],
            [
              116.34640058799752,
              40.001346024946855
            ],
            [
              116.34638281726725,
              40.00081269109906
            ],
            [
              116.34637393198469,
              40.00054602415664
            ],
            [
              116.34636504675714,
              40.000279357201855
            ],
            [
              116.3463562320743,
              40.00001480581706
            ],
            [
              116.34634456257517,
              39.999752215138344
            ],
            [
              116.34633279916048,
              39.99948750940531
            ],
            [
              116.34632103582278,
              39.99922280365977
            ],
            [
              116.34630927256204,
              39.99895809790171
            ],
            [
              116.34629750937825,
              39.998693392131145
            ],
            [
              116.34628574627143,
              39.99842868634808
            ],
            [
              116.3462739832416,
              39.99816398055247
            ],
            [
              116.34626222028872,
              39.997899274744384
            ],
            [
              116.3462504574128,
              39.997634568923765
            ],
            [
              116.3462386946138,
              39.997369863090654
            ],
            [
              116.3462269318918,
              39.99710515724502
            ],
            [
              116.34620340667864,
              39.996575745516225
            ],
            [
              116.34619164418747,
              39.996311039633056
            ],
            [
              116.34617988177328,
              39.99604633373739
            ],
            [
              116.34616811943602,
              39.995781627829196
            ],
            [
              116.34615635717572,
              39.9955169219085
            ],
            [
              116.34614459499235,
              39.99525221597529
            ],
            [
              116.34613283288591,
              39.99498751002957
            ],
            [
              116.34612107085644,
              39.994722804071344
            ],
            [
              116.34610930890389,
              39.994458098100594
            ],
            [
              116.34608578522962,
              39.99392868612158
            ],
            [
              116.3460740235079,
              39.9936639801133
            ],
            [
              116.34606575404906,
              39.99347786894982
            ],
            [
              116.34390961096962,
              39.993465683487926
            ],
            [
              116.34377560768745,
              40.007464921877606
            ],
            [
              116.34660501881295,
              40.0074809087244
            ],
            [
              116.34660496722309,
              40.00747936064491
            ]
          ]
        ]
      }
    },
    {
      "type": "Feature",
      "id": "LU-037",
      "properties": {
        "id": "LU-037",
        "layer": "LAND_USE",
        "source_type": "agent_generated_design",
        "confidence": "medium",
        "geometry_role": "design_proposal",
        "land_use_code": "0802",
        "name_zh": "原点北研发与生活AI研发创新用地组团（西侧南片）",
        "name_en": "Origin North R&D and Living cluster, AI R&D land (west, south)",
        "band_zh": "原点北研发与生活",
        "area_sqm_declared": 332100
      },
      "geometry": {
        "type": "Polygon",
        "coordinates": [
          [
            [
              116.34390961096962,
              39.993465683487926
            ],
            [
              116.34089003287347,
              39.99344855088882
            ],
            [
              116.34169999999999,
              40.00600000000001
            ],
            [
              116.34177088794829,
              40.00745355291952
            ],
            [
              116.34377560768745,
              40.007464921877606
            ],
            [
              116.34390961096962,
              39.993465683487926
            ]
          ]
        ]
      }
    },
    {
      "type": "Feature",
      "id": "LU-038",
      "properties": {
        "id": "LU-038",
        "layer": "LAND_USE",
        "source_type": "agent_generated_design",
        "confidence": "medium",
        "geometry_role": "design_proposal",
        "land_use_code": "0802",
        "name_zh": "众智园核心AI研发创新用地组团（东侧南片）",
        "name_en": "Zhongzhiyuan Core cluster, AI R&D land (east, south)",
        "band_zh": "众智园核心",
        "area_sqm_declared": 354700
      },
      "geometry": {
        "type": "Polygon",
        "coordinates": [
          [
            [
              116.34791945947593,
              40.00825397464386
            ],
            [
              116.34792835136612,
              40.00852064117059
            ],
            [
              116.34793724331142,
              40.00878730768499
            ],
            [
              116.34795502736749,
              40.00932064067669
            ],
            [
              116.34796391947826,
              40.009587307154014
            ],
            [
              116.34797281164418,
              40.00985397361899
            ],
            [
              116.34798170386524,
              40.01012064007159
            ],
            [
              116.34799059614144,
              40.01038730651185
            ],
            [
              116.34799948847281,
              40.01065397293974
            ],
            [
              116.348017273301,
              40.01118730575847
            ],
            [
              116.34802616579786,
              40.011453972149305
            ],
            [
              116.34803505834985,
              40.01172063852777
            ],
            [
              116.348043950957,
              40.011987304893886
            ],
            [
              116.34804401770212,
              40.011989495474275
            ],
            [
              116.34805142647274,
              40.01225801430114
            ],
            [
              116.34805883528719,
              40.01252653311559
            ],
            [
              116.34806624414543,
              40.01279505191762
            ],
            [
              116.34807365304752,
              40.01306357070725
            ],
            [
              116.3480810619934,
              40.01333208948449
            ],
            [
              116.34808847098311,
              40.013600608249305
            ],
            [
              116.34810328909397,
              40.01413764574171
            ],
            [
              116.34811069821514,
              40.01440616446931
            ],
            [
              116.34811810738013,
              40.01467468318451
            ],
            [
              116.34812551658895,
              40.014943201887284
            ],
            [
              116.34813292584158,
              40.01521172057766
            ],
            [
              116.34815515386246,
              40.01601727657433
            ],
            [
              116.3481625632904,
              40.016285795215076
            ],
            [
              116.34816997276216,
              40.01655431384339
            ],
            [
              116.34817738227777,
              40.016822832459326
            ],
            [
              116.34818479183721,
              40.017091351062845
            ],
            [
              116.34819961108757,
              40.01762838823265
            ],
            [
              116.34820702077852,
              40.01789690679895
            ],
            [
              116.3482144305133,
              40.01816542535283
            ],
            [
              116.34822184029191,
              40.01843394389431
            ],
            [
              116.34822925011436,
              40.01870246242338
            ],
            [
              116.34823665998066,
              40.01897098094004
            ],
            [
              116.34823718754556,
              40.018990098760916
            ],
            [
              116.35127205254847,
              40.019007128115845
            ],
            [
              116.3513809207699,
              40.0075077369888
            ],
            [
              116.34789392427906,
              40.007488168444375
            ],
            [
              116.34790167586101,
              40.00772064155329
            ],
            [
              116.34791945947593,
              40.00825397464386
            ]
          ]
        ]
      }
    },
    {
      "type": "Feature",
      "id": "LU-039",
      "properties": {
        "id": "LU-039",
        "layer": "LAND_USE",
        "source_type": "agent_generated_design",
        "confidence": "medium",
        "geometry_role": "design_proposal",
        "land_use_code": "0802",
        "name_zh": "众智园核心AI研发创新用地组团（东侧北片）",
        "name_en": "Zhongzhiyuan Core cluster, AI R&D land (east, north)",
        "band_zh": "众智园核心",
        "area_sqm_declared": 354200
      },
      "geometry": {
        "type": "Polygon",
        "coordinates": [
          [
            [
              116.35127205254847,
              40.019007128115845
            ],
            [
              116.35489038511885,
              40.01902732757041
            ],
            [
              116.35425997396588,
              40.007523814758706
            ],
            [
              116.3513809207699,
              40.0075077369888
            ],
            [
              116.35127205254847,
              40.019007128115845
            ]
          ]
        ]
      }
    },
    {
      "type": "Feature",
      "id": "LU-040",
      "properties": {
        "id": "LU-040",
        "layer": "LAND_USE",
        "source_type": "agent_generated_design",
        "confidence": "medium",
        "geometry_role": "design_proposal",
        "land_use_code": "0802",
        "name_zh": "众智园核心AI研发创新用地组团（西侧北片）",
        "name_en": "Zhongzhiyuan Core cluster, AI R&D land (west, north)",
        "band_zh": "众智园核心",
        "area_sqm_declared": 245400
      },
      "geometry": {
        "type": "Polygon",
        "coordinates": [
          [
            [
              116.34694108834717,
              40.018723468916484
            ],
            [
              116.34693368357408,
              40.0184549503465
            ],
            [
              116.34692627884478,
              40.01818643176412
            ],
            [
              116.34691887415924,
              40.017917913169335
            ],
            [
              116.34691146951747,
              40.01764939456211
            ],
            [
              116.34689666036525,
              40.01711235731051
            ],
            [
              116.34688925585476,
              40.01684383866608
            ],
            [
              116.34688185138808,
              40.01657532000925
            ],
            [
              116.34687444696513,
              40.01630680134002
            ],
            [
              116.34686704258594,
              40.01603828265837
            ],
            [
              116.34684482971097,
              40.015232726539026
            ],
            [
              116.34683742550682,
              40.01496420780774
            ],
            [
              116.34683002134643,
              40.01469568906408
            ],
            [
              116.3468226172298,
              40.014427170308
            ],
            [
              116.34681521315693,
              40.01415865153951
            ],
            [
              116.34680040514245,
              40.01362161396533
            ],
            [
              116.34679300120084,
              40.01335309515962
            ],
            [
              116.34678559730295,
              40.01308457634151
            ],
            [
              116.34677819344884,
              40.01281605751099
            ],
            [
              116.34677078963847,
              40.01254753866808
            ],
            [
              116.34676338587185,
              40.01227901981274
            ],
            [
              116.34675601235028,
              40.012011596292126
            ],
            [
              116.34674716125751,
              40.01174602510224
            ],
            [
              116.34673827371721,
              40.01147935866632
            ],
            [
              116.34672938623201,
              40.011212692218024
            ],
            [
              116.34671161142687,
              40.0106793592844
            ],
            [
              116.34670272410693,
              40.010412692799065
            ],
            [
              116.34669383684206,
              40.01014602630136
            ],
            [
              116.34668494963232,
              40.00987935979131
            ],
            [
              116.34667606247764,
              40.0096126932689
            ],
            [
              116.34666717537804,
              40.00934602673415
            ],
            [
              116.3466494013441,
              40.00881269362756
            ],
            [
              116.34664051440974,
              40.008546027055736
            ],
            [
              116.34663162753046,
              40.00827936047155
            ],
            [
              116.34661385393713,
              40.007746027266144
            ],
            [
              116.34660501881295,
              40.0074809087244
            ],
            [
              116.3444651154316,
              40.007468824126846
            ],
            [
              116.34438471027381,
              40.01587281268699
            ],
            [
              116.34450603151329,
              40.01586960918692
            ],
            [
              116.34467414500459,
              40.01587595336005
            ],
            [
              116.34483927891418,
              40.015892974908084
            ],
            [
              116.3449986078272,
              40.01592038260673
            ],
            [
              116.34514940564303,
              40.01595770753245
            ],
            [
              116.34528909221564,
              40.01600431108372
            ],
            [
              116.34541527749717,
              40.016059395905145
            ],
            [
              116.34552580243064,
              40.01612201952735
            ],
            [
              116.3456187758913,
              40.016191110489736
            ],
            [
              116.3456926070452,
              40.0162654866702
            ],
            [
              116.34574603257106,
              40.01634387550872
            ],
            [
              116.34577813827929,
              40.016424935778545
            ],
            [
              116.34578837475857,
              40.01650728053318
            ],
            [
              116.34577656678134,
              40.016589500836176
            ],
            [
              116.34574291630732,
              40.01667018986808
            ],
            [
              116.34568799903337,
              40.01674796699802
            ],
            [
              116.34561275454794,
              40.016821501407996
            ],
            [
              116.34551847025872,
              40.01688953486555
            ],
            [
              116.34540675936785,
              40.016950903255065
            ],
            [
              116.34527953327152,
              40.0170045564992
            ],
            [
              116.34513896885596,
              40.017049576529104
            ],
            [
              116.34498747124954,
              40.01708519299618
            ],
            [
              116.34482763266817,
              40.01711079645577
            ],
            [
              116.34466218805821,
              40.01712594879753
            ],
            [
              116.34449396829666,
              40.01713039074353
            ],
            [
              116.34437271927102,
              40.017125815017934
            ],
            [
              116.34435508662041,
              40.01896819949451
            ],
            [
              116.34694824096603,
              40.01898284212459
            ],
            [
              116.34694108834717,
              40.018723468916484
            ]
          ]
        ]
      }
    },
    {
      "type": "Feature",
      "id": "LU-041",
      "properties": {
        "id": "LU-041",
        "layer": "LAND_USE",
        "source_type": "agent_generated_design",
        "confidence": "medium",
        "geometry_role": "design_proposal",
        "land_use_code": "0802",
        "name_zh": "众智园核心AI研发创新用地组团（西侧南片）",
        "name_en": "Zhongzhiyuan Core cluster, AI R&D land (west, south)",
        "band_zh": "众智园核心",
        "area_sqm_declared": 246500
      },
      "geometry": {
        "type": "Polygon",
        "coordinates": [
          [
            [
              116.3444651154316,
              40.007468824126846
            ],
            [
              116.34177088794829,
              40.00745355291952
            ],
            [
              116.34233197558439,
              40.01895673539972
            ],
            [
              116.34435508662041,
              40.01896819949451
            ],
            [
              116.34437271927102,
              40.017125815017934
            ],
            [
              116.34432585174885,
              40.0171240462857
            ],
            [
              116.34416071501347,
              40.01710702398675
            ],
            [
              116.34400138369803,
              40.01707961512209
            ],
            [
              116.34385058406679,
              40.01704228869476
            ],
            [
              116.34371089638957,
              40.01699568340862
            ],
            [
              116.34358471078949,
              40.01694059673725
            ],
            [
              116.34347418634522,
              40.01687797127614
            ],
            [
              116.3433812141482,
              40.016808878611194
            ],
            [
              116.34330738494621,
              40.01673450098052
            ],
            [
              116.34325396192757,
              40.016656111043005
            ],
            [
              116.34322185911098,
              40.01657505010027
            ],
            [
              116.3432116257107,
              40.01649270514469
            ],
            [
              116.34322343674447,
              40.01641048512637
            ],
            [
              116.34325709004428,
              40.01632979684541
            ],
            [
              116.34331200972065,
              40.016252020881474
            ],
            [
              116.34338725602147,
              40.0161784879731
            ],
            [
              116.34348154141527,
              40.01611045625044
            ],
            [
              116.34359325262471,
              40.016049089710855
            ],
            [
              116.34372047823186,
              40.01599543830564
            ],
            [
              116.34386104138379,
              40.01595041997829
            ],
            [
              116.34401253703827,
              40.01591480496141
            ],
            [
              116.34417237311244,
              40.01588920260081
            ],
            [
              116.34433781483075,
              40.015874050931956
            ],
            [
              116.34438471027381,
              40.01587281268699
            ],
            [
              116.3444651154316,
              40.007468824126846
            ]
          ]
        ]
      }
    },
    {
      "type": "Feature",
      "id": "LU-042",
      "properties": {
        "id": "LU-042",
        "layer": "LAND_USE",
        "source_type": "agent_generated_design",
        "confidence": "medium",
        "geometry_role": "design_proposal",
        "land_use_code": "0702",
        "name_zh": "众智园北门户社区服务与配套用地组团（东侧南片）",
        "name_en": "Zhongzhiyuan North Gateway cluster, Community service and supporting land (east, south)",
        "band_zh": "众智园北门户",
        "area_sqm_declared": 175400
      },
      "geometry": {
        "type": "Polygon",
        "coordinates": [
          [
            [
              116.34825888984255,
              40.01977653641556
            ],
            [
              116.34826629988423,
              40.02004505488259
            ],
            [
              116.3482737099697,
              40.0203135733372
            ],
            [
              116.34828112009906,
              40.0205820917794
            ],
            [
              116.34828853027224,
              40.020850610209216
            ],
            [
              116.34830335075019,
              40.02138764703159
            ],
            [
              116.34831076105493,
              40.02165616542417
            ],
            [
              116.3483181714035,
              40.02192468380432
            ],
            [
              116.34832558179595,
              40.02219320217209
            ],
            [
              116.34833299223223,
              40.02246172052743
            ],
            [
              116.34835522380426,
              40.02326727551902
            ],
            [
              116.34836263441598,
              40.02353579382474
            ],
            [
              116.34837004507155,
              40.02380431211804
            ],
            [
              116.34837745577097,
              40.02407283039894
            ],
            [
              116.34838486651427,
              40.02434134866743
            ],
            [
              116.34838899538931,
              40.024490952180486
            ],
            [
              116.35165161059174,
              40.02450925262086
            ],
            [
              116.35170366554992,
              40.01900954354386
            ],
            [
              116.34823718754556,
              40.018990098760916
            ],
            [
              116.34825147984473,
              40.01950801793612
            ],
            [
              116.34825888984255,
              40.01977653641556
            ]
          ]
        ]
      }
    },
    {
      "type": "Feature",
      "id": "LU-043",
      "properties": {
        "id": "LU-043",
        "layer": "LAND_USE",
        "source_type": "agent_generated_design",
        "confidence": "medium",
        "geometry_role": "design_proposal",
        "land_use_code": "0702",
        "name_zh": "众智园北门户社区服务与配套用地组团（东侧北片）",
        "name_en": "Zhongzhiyuan North Gateway cluster, Community service and supporting land (east, north)",
        "band_zh": "众智园北门户",
        "area_sqm_declared": 175400
      },
      "geometry": {
        "type": "Polygon",
        "coordinates": [
          [
            [
              116.35165161059174,
              40.02450925262086
            ],
            [
              116.35519195225024,
              40.0245290069367
            ],
            [
              116.35489038511885,
              40.01902732757041
            ],
            [
              116.35170366554992,
              40.01900954354386
            ],
            [
              116.35165161059174,
              40.02450925262086
            ]
          ]
        ]
      }
    },
    {
      "type": "Feature",
      "id": "LU-044",
      "properties": {
        "id": "LU-044",
        "layer": "LAND_USE",
        "source_type": "agent_generated_design",
        "confidence": "medium",
        "geometry_role": "design_proposal",
        "land_use_code": "0802",
        "name_zh": "众智园北门户AI研发创新用地组团（西侧）",
        "name_en": "Zhongzhiyuan North Gateway cluster, AI R&D land (west)",
        "band_zh": "众智园北门户",
        "area_sqm_declared": 237600
      },
      "geometry": {
        "type": "Polygon",
        "coordinates": [
          [
            [
              116.34708178735336,
              40.02382531938881
            ],
            [
              116.34707438174847,
              40.023556801054575
            ],
            [
              116.34706697618734,
              40.0232882827079
            ],
            [
              116.34704475976669,
              40.02248272759351
            ],
            [
              116.34703735438072,
              40.02221420919722
            ],
            [
              116.34702994903853,
              40.02194569078854
            ],
            [
              116.34702254374014,
              40.02167717236745
            ],
            [
              116.34701513848552,
              40.02140865393394
            ],
            [
              116.34700032810761,
              40.0208716170297
            ],
            [
              116.34699292298436,
              40.020603098558965
            ],
            [
              116.34698551790484,
              40.02033458007584
            ],
            [
              116.34697811286914,
              40.02006606158031
            ],
            [
              116.34697070787716,
              40.01979754307235
            ],
            [
              116.34696330292903,
              40.01952902455199
            ],
            [
              116.34694849316399,
              40.01899198747407
            ],
            [
              116.34694824096603,
              40.01898284212459
            ],
            [
              116.34233197558439,
              40.01895673539972
            ],
            [
              116.34260037952869,
              40.02445825698066
            ],
            [
              116.3470999452578,
              40.02448369640946
            ],
            [
              116.34709659869456,
              40.0243623560201
            ],
            [
              116.34708919300206,
              40.024093837710666
            ],
            [
              116.34708178735336,
              40.02382531938881
            ]
          ]
        ]
      }
    },
    {
      "type": "Feature",
      "id": "LU-045",
      "properties": {
        "id": "LU-045",
        "layer": "LAND_USE",
        "source_type": "agent_generated_design",
        "confidence": "medium",
        "geometry_role": "design_proposal",
        "land_use_code": "1401",
        "name_zh": "京张绿脉与滨水绿廊（公园绿地与开敞空间）",
        "name_en": "Jing-Zhang park vein and riverside corridors (park and open space)",
        "band_zh": "绿脉系统",
        "area_sqm_declared": 1372700,
        "note_zh": "公园绿地分区由 green_space 图层六项要素构成，面积一致"
      },
      "geometry": {
        "type": "MultiPolygon",
        "coordinates": [
          [
            [
              [
                116.34901758822328,
                39.940838120056405
              ],
              [
                116.34899758701029,
                39.9411047867205
              ],
              [
                116.34897758562802,
                39.941371453367644
              ],
              [
                116.34895758407644,
                39.941638119997904
              ],
              [
                116.34893758235555,
                39.941904786611225
              ],
              [
                116.34891758046535,
                39.942171453207614
              ],
              [
                116.34889757840585,
                39.94243811978709
              ],
              [
                116.34887757617705,
                39.942704786349644
              ],
              [
                116.34885757377893,
                39.94297145289527
              ],
              [
                116.3488375712115,
                39.943238119423974
              ],
              [
                116.34881756847476,
                39.94350478593574
              ],
              [
                116.34879756556866,
                39.94377145243061
              ],
              [
                116.34877756249327,
                39.94403811890852
              ],
              [
                116.34875755924854,
                39.94430478536956
              ],
              [
                116.34873755583446,
                39.944571451813644
              ],
              [
                116.34871755225106,
                39.944838118240796
              ],
              [
                116.34869754849831,
                39.94510478465103
              ],
              [
                116.34867754457625,
                39.945371451044345
              ],
              [
                116.34863753622403,
                39.94590478378019
              ],
              [
                116.3486175317939,
                39.946171450122726
              ],
              [
                116.34859752719443,
                39.946438116448356
              ],
              [
                116.34857752242559,
                39.94670478275703
              ],
              [
                116.34855774332851,
                39.94696843859398
              ],
              [
                116.3485336281329,
                39.94723372338878
              ],
              [
                116.34850923928687,
                39.94750201627987
              ],
              [
                116.34846046098068,
                39.948038602004964
              ],
              [
                116.34843607152048,
                39.948306894838936
              ],
              [
                116.34838729198593,
                39.94884348044981
              ],
              [
                116.34836290191154,
                39.94911177322668
              ],
              [
                116.3482897304599,
                39.94991665144308
              ],
              [
                116.34826533956652,
                39.950184944143814
              ],
              [
                116.34821655716549,
                39.95072152948814
              ],
              [
                116.3481921656578,
                39.95098982213174
              ],
              [
                116.34814338202818,
                39.95152640736184
              ],
              [
                116.34811898990617,
                39.95179469994832
              ],
              [
                116.34807020504786,
                39.9523312850642
              ],
              [
                116.3480458123115,
                39.95259957759357
              ],
              [
                116.34799702622442,
                39.95313616259519
              ],
              [
                116.3479726328737,
                39.95340445506743
              ],
              [
                116.34792384555779,
                39.95394103995483
              ],
              [
                116.34789945159264,
                39.95420933236995
              ],
              [
                116.34785066304785,
                39.95474591714309
              ],
              [
                116.34782626846822,
                39.955014209501094
              ],
              [
                116.34775308350034,
                39.95581908646087
              ],
              [
                116.34772868810137,
                39.956087378742716
              ],
              [
                116.34767989668889,
                39.95662396324927
              ],
              [
                116.34765550067539,
                39.95689225547398
              ],
              [
                116.3476067080338,
                39.95742883986628
              ],
              [
                116.34758231140569,
                39.95769713203386
              ],
              [
                116.34755791457272,
                39.9579654241824
              ],
              [
                116.34755766361074,
                39.957968304506466
              ],
              [
                116.34751322223006,
                39.958501638325025
              ],
              [
                116.34749100125973,
                39.958768305207485
              ],
              [
                116.34746878010274,
                39.95903497207209
              ],
              [
                116.34742433722877,
                39.959568305747666
              ],
              [
                116.34740211551178,
                39.959834972558646
              ],
              [
                116.34731322677706,
                39.960901639623785
              ],
              [
                116.34729100412667,
                39.961168306345385
              ],
              [
                116.34722433505536,
                39.961968306402945
              ],
              [
                116.34720211165818,
                39.96223497305305
              ],
              [
                116.3471576643037,
                39.96276830629963
              ],
              [
                116.3471354403464,
                39.9630349728961
              ],
              [
                116.34711321620237,
                39.96330163947471
              ],
              [
                116.34709099187167,
                39.96356830603542
              ],
              [
                116.3470243177591,
                39.96436830561033
              ],
              [
                116.34700209268144,
                39.96463497209955
              ],
              [
                116.34697986741706,
                39.96490163857089
              ],
              [
                116.34695764196593,
                39.96516830502438
              ],
              [
                116.34691319050344,
                39.965701637877665
              ],
              [
                116.34689096449208,
                39.9659683042775
              ],
              [
                116.3468242853374,
                39.966768303369726
              ],
              [
                116.34680205857899,
                39.96703496969806
              ],
              [
                116.34671314967761,
                39.96810163483257
              ],
              [
                116.34669092198533,
                39.9683683010715
              ],
              [
                116.34664646604038,
                39.96890163349573
              ],
              [
                116.34662423778771,
                39.96916829968104
              ],
              [
                116.34660200934825,
                39.969434965848464
              ],
              [
                116.34655755190892,
                39.96996829812965
              ],
              [
                116.34655648373818,
                39.96998614774177
              ],
              [
                116.3465467269389,
                39.970254440627144
              ],
              [
                116.34653697004903,
                39.970522733498704
              ],
              [
                116.34652721306864,
                39.970791026356444
              ],
              [
                116.34651745599766,
                39.971059319200386
              ],
              [
                116.34650769883615,
                39.97132761203052
              ],
              [
                116.34648818424141,
                39.971864197649325
              ],
              [
                116.34647842680818,
                39.972132490438014
              ],
              [
                116.34645891167006,
                39.972669075973975
              ],
              [
                116.34644915396512,
                39.97293736872123
              ],
              [
                116.34643939616961,
                39.97320566145468
              ],
              [
                116.34641988030691,
                39.973742246880136
              ],
              [
                116.34641012223967,
                39.974010539572156
              ],
              [
                116.34639060583349,
                39.974547124914764
              ],
              [
                116.34638084749452,
                39.97481541756535
              ],
              [
                116.34636133054485,
                39.975352002825076
              ],
              [
                116.34635157193412,
                39.975620295434226
              ],
              [
                116.34633205444091,
                39.97615688061108
              ],
              [
                116.34632229555841,
                39.97642517317881
              ],
              [
                116.34630277752166,
                39.97696175827281
              ],
              [
                116.34629301836739,
                39.977230050799086
              ],
              [
                116.34627349978703,
                39.97776663581022
              ],
              [
                116.34626374036094,
                39.97803492829505
              ],
              [
                116.34625398084427,
                39.9783032207661
              ],
              [
                116.34623446153908,
                39.97883980566674
              ],
              [
                116.34622470175059,
                39.979108098096326
              ],
              [
                116.34620518190175,
                39.979644682914085
              ],
              [
                116.3461954218414,
                39.97991297530225
              ],
              [
                116.34618566169046,
                39.98018126767661
              ],
              [
                116.34617590144887,
                39.98044956003714
              ],
              [
                116.34616614111668,
                39.980717852383876
              ],
              [
                116.34615638069388,
                39.98098614471679
              ],
              [
                116.34615620492077,
                39.980992379662396
              ],
              [
                116.34614567561583,
                39.981518695803274
              ],
              [
                116.34614041088216,
                39.98178185385499
              ],
              [
                116.34613514609435,
                39.98204501189426
              ],
              [
                116.34612461635633,
                39.98257132793538
              ],
              [
                116.34611935140612,
                39.982834485937225
              ],
              [
                116.34610882134328,
                39.9833608019035
              ],
              [
                116.34610355623064,
                39.98362395986794
              ],
              [
                116.34609829106388,
                39.983887117819904
              ],
              [
                116.34608249523875,
                39.98467659160098
              ],
              [
                116.3460772298554,
                39.984939749503056
              ],
              [
                116.34607196441794,
                39.98520290739266
              ],
              [
                116.34605616778063,
                39.98599238098668
              ],
              [
                116.34605090212656,
                39.9862555388264
              ],
              [
                116.346040370656,
                39.98678185446844
              ],
              [
                116.34603510483949,
                39.98704501227075
              ],
              [
                116.34602983896883,
                39.98730817006059
              ],
              [
                116.34601404103194,
                39.98809764335529
              ],
              [
                116.34600877494468,
                39.98836080109523
              ],
              [
                116.34600350880324,
                39.98862395882272
              ],
              [
                116.34599297635789,
                39.98915027424028
              ],
              [
                116.345987710054,
                39.98941343193035
              ],
              [
                116.34597717728371,
                39.98993974727308
              ],
              [
                116.34597191081734,
                39.990202904925724
              ],
              [
                116.34596664429678,
                39.9904660625659
              ],
              [
                116.34595611109322,
                39.99099237780886
              ],
              [
                116.34595641052155,
                39.99101691934252
              ],
              [
                116.34596817147403,
                39.991281625475885
              ],
              [
                116.34597993250344,
                39.99154633159676
              ],
              [
                116.34599169360976,
                39.99181103770511
              ],
              [
                116.34600345479299,
                39.99207574380097
              ],
              [
                116.34601521605317,
                39.992340449884296
              ],
              [
                116.34602697739025,
                39.99260515595511
              ],
              [
                116.34603873880428,
                39.992869862013436
              ],
              [
                116.34605050029522,
                39.993134568059226
              ],
              [
                116.3460622618631,
                39.99339927409254
              ],
              [
                116.3460740235079,
                39.9936639801133
              ],
              [
                116.34608578522962,
                39.99392868612158
              ],
              [
                116.34610930890389,
                39.994458098100594
              ],
              [
                116.34612107085644,
                39.994722804071344
              ],
              [
                116.34613283288591,
                39.99498751002957
              ],
              [
                116.34614459499235,
                39.99525221597529
              ],
              [
                116.34615635717572,
                39.9955169219085
              ],
              [
                116.34616811943602,
                39.995781627829196
              ],
              [
                116.34617988177328,
                39.99604633373739
              ],
              [
                116.34619164418747,
                39.996311039633056
              ],
              [
                116.34620340667864,
                39.996575745516225
              ],
              [
                116.3462269318918,
                39.99710515724502
              ],
              [
                116.3462386946138,
                39.997369863090654
              ],
              [
                116.3462504574128,
                39.997634568923765
              ],
              [
                116.34626222028872,
                39.997899274744384
              ],
              [
                116.3462739832416,
                39.99816398055247
              ],
              [
                116.34628574627143,
                39.99842868634808
              ],
              [
                116.34629750937825,
                39.998693392131145
              ],
              [
                116.34630927256204,
                39.99895809790171
              ],
              [
                116.34632103582278,
                39.99922280365977
              ],
              [
                116.34633279916048,
                39.99948750940531
              ],
              [
                116.34634456257517,
                39.999752215138344
              ],
              [
                116.3463562320743,
                40.00001480581706
              ],
              [
                116.34636504675714,
                40.000279357201855
              ],
              [
                116.34637393198469,
                40.00054602415664
              ],
              [
                116.34638281726725,
                40.00081269109906
              ],
              [
                116.34640058799752,
                40.001346024946855
              ],
              [
                116.34640947344519,
                40.001612691852216
              ],
              [
                116.34641835894793,
                40.00187935874523
              ],
              [
                116.3464272445057,
                40.00214602562589
              ],
              [
                116.34643613011855,
                40.0024126924942
              ],
              [
                116.34644501578644,
                40.002679359350154
              ],
              [
                116.34646278728735,
                40.003212693025006
              ],
              [
                116.34647167312039,
                40.0034793598439
              ],
              [
                116.34648055900848,
                40.00374602665044
              ],
              [
                116.3464983309498,
                40.00427936022646
              ],
              [
                116.34650721700308,
                40.00454602699594
              ],
              [
                116.3465161031114,
                40.00481269375307
              ],
              [
                116.34653387549322,
                40.00534602723027
              ],
              [
                116.34654276176671,
                40.00561269395033
              ],
              [
                116.34655164809529,
                40.00587936065805
              ],
              [
                116.34656053447891,
                40.00614602735341
              ],
              [
                116.34656942091759,
                40.00641269403641
              ],
              [
                116.34657830741136,
                40.00667936070707
              ],
              [
                116.3465960805641,
                40.00721269401131
              ],
              [
                116.34660496722309,
                40.00747936064491
              ],
              [
                116.34661385393713,
                40.007746027266144
              ],
              [
                116.34663162753046,
                40.00827936047155
              ],
              [
                116.34664051440974,
                40.008546027055736
              ],
              [
                116.3466494013441,
                40.00881269362756
              ],
              [
                116.34666717537804,
                40.00934602673415
              ],
              [
                116.34667606247764,
                40.0096126932689
              ],
              [
                116.34668494963232,
                40.00987935979131
              ],
              [
                116.34669383684206,
                40.01014602630136
              ],
              [
                116.34670272410693,
                40.010412692799065
              ],
              [
                116.34671161142687,
                40.0106793592844
              ],
              [
                116.34672938623201,
                40.011212692218024
              ],
              [
                116.34673827371721,
                40.01147935866632
              ],
              [
                116.34674716125751,
                40.01174602510224
              ],
              [
                116.34675601235028,
                40.012011596292126
              ],
              [
                116.34676338587185,
                40.01227901981274
              ],
              [
                116.34677078963847,
                40.01254753866808
              ],
              [
                116.34677819344884,
                40.01281605751099
              ],
              [
                116.34678559730295,
                40.01308457634151
              ],
              [
                116.34679300120084,
                40.01335309515962
              ],
              [
                116.34680040514245,
                40.01362161396533
              ],
              [
                116.34681521315693,
                40.01415865153951
              ],
              [
                116.3468226172298,
                40.014427170308
              ],
              [
                116.34683002134643,
                40.01469568906408
              ],
              [
                116.34683742550682,
                40.01496420780774
              ],
              [
                116.34684482971097,
                40.015232726539026
              ],
              [
                116.34686704258594,
                40.01603828265837
              ],
              [
                116.34687444696513,
                40.01630680134002
              ],
              [
                116.34688185138808,
                40.01657532000925
              ],
              [
                116.34688925585476,
                40.01684383866608
              ],
              [
                116.34689666036525,
                40.01711235731051
              ],
              [
                116.34691146951747,
                40.01764939456211
              ],
              [
                116.34691887415924,
                40.017917913169335
              ],
              [
                116.34692627884478,
                40.01818643176412
              ],
              [
                116.34693368357408,
                40.0184549503465
              ],
              [
                116.34694108834717,
                40.018723468916484
              ],
              [
                116.34694849316399,
                40.01899198747407
              ],
              [
                116.34696330292903,
                40.01952902455199
              ],
              [
                116.34697070787716,
                40.01979754307235
              ],
              [
                116.34697811286914,
                40.02006606158031
              ],
              [
                116.34698551790484,
                40.02033458007584
              ],
              [
                116.34699292298436,
                40.020603098558965
              ],
              [
                116.34700032810761,
                40.0208716170297
              ],
              [
                116.34701513848552,
                40.02140865393394
              ],
              [
                116.34702254374014,
                40.02167717236745
              ],
              [
                116.34702994903853,
                40.02194569078854
              ],
              [
                116.34703735438072,
                40.02221420919722
              ],
              [
                116.34704475976669,
                40.02248272759351
              ],
              [
                116.34706697618734,
                40.0232882827079
              ],
              [
                116.34707438174847,
                40.023556801054575
              ],
              [
                116.34708178735336,
                40.02382531938881
              ],
              [
                116.34708919300206,
                40.024093837710666
              ],
              [
                116.34709659869456,
                40.0243623560201
              ],
              [
                116.3470999452578,
                40.02448369640946
              ],
              [
                116.34260037952869,
                40.02445825698066
              ],
              [
                116.34270000000001,
                40.026500000000006
              ],
              [
                116.34715556047054,
                40.02650015658466
              ],
              [
                116.34763628210264,
                40.02650016323946
              ],
              [
                116.3553,
                40.02649999999999
              ],
              [
                116.35519195225024,
                40.0245290069367
              ],
              [
                116.34838899538931,
                40.024490952180486
              ],
              [
                116.34838486651427,
                40.02434134866743
              ],
              [
                116.34837745577097,
                40.02407283039894
              ],
              [
                116.34837004507155,
                40.02380431211804
              ],
              [
                116.34836263441598,
                40.02353579382474
              ],
              [
                116.34835522380426,
                40.02326727551902
              ],
              [
                116.34833299223223,
                40.02246172052743
              ],
              [
                116.34832558179595,
                40.02219320217209
              ],
              [
                116.3483181714035,
                40.02192468380432
              ],
              [
                116.34831076105493,
                40.02165616542417
              ],
              [
                116.34830335075019,
                40.02138764703159
              ],
              [
                116.34828853027224,
                40.020850610209216
              ],
              [
                116.34828112009906,
                40.0205820917794
              ],
              [
                116.3482737099697,
                40.0203135733372
              ],
              [
                116.34826629988423,
                40.02004505488259
              ],
              [
                116.34825888984255,
                40.01977653641556
              ],
              [
                116.34825147984473,
                40.01950801793612
              ],
              [
                116.34823665998066,
                40.01897098094004
              ],
              [
                116.34822925011436,
                40.01870246242338
              ],
              [
                116.34822184029191,
                40.01843394389431
              ],
              [
                116.3482144305133,
                40.01816542535283
              ],
              [
                116.34820702077852,
                40.01789690679895
              ],
              [
                116.34819961108757,
                40.01762838823265
              ],
              [
                116.34818479183721,
                40.017091351062845
              ],
              [
                116.34817738227777,
                40.016822832459326
              ],
              [
                116.34816997276216,
                40.01655431384339
              ],
              [
                116.3481625632904,
                40.016285795215076
              ],
              [
                116.34815515386246,
                40.01601727657433
              ],
              [
                116.34813292584158,
                40.01521172057766
              ],
              [
                116.34812551658895,
                40.014943201887284
              ],
              [
                116.34811810738013,
                40.01467468318451
              ],
              [
                116.34811069821514,
                40.01440616446931
              ],
              [
                116.34810328909397,
                40.01413764574171
              ],
              [
                116.34808847098311,
                40.013600608249305
              ],
              [
                116.3480810619934,
                40.01333208948449
              ],
              [
                116.34807365304752,
                40.01306357070725
              ],
              [
                116.34806624414543,
                40.01279505191762
              ],
              [
                116.34805883528719,
                40.01252653311559
              ],
              [
                116.34805142647274,
                40.01225801430114
              ],
              [
                116.34804401770212,
                40.011989495474275
              ],
              [
                116.348043950957,
                40.011987304893886
              ],
              [
                116.34803505834985,
                40.01172063852777
              ],
              [
                116.34802616579786,
                40.011453972149305
              ],
              [
                116.348017273301,
                40.01118730575847
              ],
              [
                116.34799948847281,
                40.01065397293974
              ],
              [
                116.34799059614144,
                40.01038730651185
              ],
              [
                116.34798170386524,
                40.01012064007159
              ],
              [
                116.34797281164418,
                40.00985397361899
              ],
              [
                116.34796391947826,
                40.009587307154014
              ],
              [
                116.34795502736749,
                40.00932064067669
              ],
              [
                116.34793724331142,
                40.00878730768499
              ],
              [
                116.34792835136612,
                40.00852064117059
              ],
              [
                116.34791945947593,
                40.00825397464386
              ],
              [
                116.34790167586101,
                40.00772064155329
              ],
              [
                116.34789278413626,
                40.007453974989495
              ],
              [
                116.34788389246665,
                40.00718730841331
              ],
              [
                116.34786610929287,
                40.006653975223905
              ],
              [
                116.34785721778867,
                40.00638730861068
              ],
              [
                116.3478483263396,
                40.0061206419851
              ],
              [
                116.34783943494568,
                40.005853975347144
              ],
              [
                116.34783054360688,
                40.00558730869684
              ],
              [
                116.34782165232322,
                40.00532064203418
              ],
              [
                116.34780386992128,
                40.00478730867181
              ],
              [
                116.347794978803,
                40.004520641972086
              ],
              [
                116.34778608773983,
                40.00425397525999
              ],
              [
                116.3477683057789,
                40.00372064179878
              ],
              [
                116.34775941488112,
                40.00345397504964
              ],
              [
                116.34775052403846,
                40.00318730828813
              ],
              [
                116.34773274251849,
                40.00265397472807
              ],
              [
                116.34772385184117,
                40.0023873079295
              ],
              [
                116.34771496121897,
                40.002120641118594
              ],
              [
                116.3477060706519,
                40.001853974295315
              ],
              [
                116.34769718013992,
                40.001587307459694
              ],
              [
                116.34768828968308,
                40.0013206406117
              ],
              [
                116.34767050893468,
                40.00078730687868
              ],
              [
                116.34766161864316,
                40.00052063999363
              ],
              [
                116.34765272840673,
                40.00025397309623
              ],
              [
                116.34764383822542,
                39.999987306186476
              ],
              [
                116.34764367366382,
                39.99998307556352
              ],
              [
                116.34763190520317,
                39.999718369932275
              ],
              [
                116.34762013681957,
                39.99945366428851
              ],
              [
                116.34760836851298,
                39.99918895863223
              ],
              [
                116.34759660028344,
                39.99892425296344
              ],
              [
                116.34758483213092,
                39.99865954728213
              ],
              [
                116.34757306405544,
                39.998394841588315
              ],
              [
                116.34756129605698,
                39.99813013588198
              ],
              [
                116.34754952813554,
                39.99786543016314
              ],
              [
                116.34753776029116,
                39.99760072443177
              ],
              [
                116.34752599252377,
                39.9973360186879
              ],
              [
                116.34751422483342,
                39.99707131293151
              ],
              [
                116.34749068968375,
                39.996541901381214
              ],
              [
                116.34747892222447,
                39.996277195587275
              ],
              [
                116.34746715484218,
                39.99601248978083
              ],
              [
                116.3474553875369,
                39.99574778396188
              ],
              [
                116.34744362030865,
                39.99548307813041
              ],
              [
                116.34743185315739,
                39.99521837228644
              ],
              [
                116.34742008608315,
                39.99495366642993
              ],
              [
                116.34740831908591,
                39.99468896056093
              ],
              [
                116.34739655216569,
                39.9944242546794
              ],
              [
                116.34737301855623,
                39.993894842878845
              ],
              [
                116.34736125186699,
                39.993630136959766
              ],
              [
                116.34734948525478,
                39.9933654310282
              ],
              [
                116.34733771871953,
                39.99310072508411
              ],
              [
                116.3473259522613,
                39.99283601912752
              ],
              [
                116.34731418588004,
                39.99257131315841
              ],
              [
                116.34730241957581,
                39.99230660717678
              ],
              [
                116.34729065334854,
                39.992041901182645
              ],
              [
                116.34727888719826,
                39.99177719517599
              ],
              [
                116.34726712112499,
                39.99151248915684
              ],
              [
                116.34725535512868,
                39.99124778312517
              ],
              [
                116.34724413450394,
                39.99099534498983
              ],
              [
                116.34725441242318,
                39.99048130317703
              ],
              [
                116.34725967400436,
                39.99021814543931
              ],
              [
                116.34726493553144,
                39.98995498768911
              ],
              [
                116.34727545842333,
                39.98942867215131
              ],
              [
                116.34728071978812,
                39.98916551436371
              ],
              [
                116.34729124235541,
                39.98863919875108
              ],
              [
                116.34729650355794,
                39.98837604092608
              ],
              [
                116.34730176470636,
                39.98811288308859
              ],
              [
                116.3473175478271,
                39.987323409501315
              ],
              [
                116.34732280875916,
                39.987060251613954
              ],
              [
                116.34732806963716,
                39.98679709371411
              ],
              [
                116.34733859123087,
                39.98627077787702
              ],
              [
                116.3473438519466,
                39.986007619939784
              ],
              [
                116.34735963376932,
                39.98521814605322
              ],
              [
                116.34736489426872,
                39.98495498806608
              ],
              [
                116.34737015471406,
                39.98469183006649
              ],
              [
                116.34738593572555,
                39.98390235599288
              ],
              [
                116.34739119595459,
                39.98363919794341
              ],
              [
                116.34739645612953,
                39.98337603988145
              ],
              [
                116.3474069763172,
                39.98284972372015
              ],
              [
                116.34741223632993,
                39.98258656562079
              ],
              [
                116.34742275619318,
                39.98206024938467
              ],
              [
                116.34742801604368,
                39.981797091247905
              ],
              [
                116.34743327584013,
                39.98153393309867
              ],
              [
                116.34744373295433,
                39.981010734662384
              ],
              [
                116.34745337500958,
                39.98074555923078
              ],
              [
                116.34746313031393,
                39.98047726673649
              ],
              [
                116.34747288552774,
                39.980208974228375
              ],
              [
                116.34748264065097,
                39.979940681706466
              ],
              [
                116.34749239568369,
                39.979672389170744
              ],
              [
                116.34751190547745,
                39.97913580405787
              ],
              [
                116.34752166023853,
                39.97886751148073
              ],
              [
                116.34754116948905,
                39.97833092628499
              ],
              [
                116.3475509239785,
                39.97806263366641
              ],
              [
                116.34756067837742,
                39.97779434103401
              ],
              [
                116.34758018690366,
                39.9772577557278
              ],
              [
                116.34758994103096,
                39.97698946305398
              ],
              [
                116.34760944901402,
                39.97645287766491
              ],
              [
                116.34761920286977,
                39.97618458494966
              ],
              [
                116.34763871030965,
                39.97564799947775
              ],
              [
                116.3476484638938,
                39.975379706721064
              ],
              [
                116.34766797079058,
                39.97484312116629
              ],
              [
                116.34767772410318,
                39.97457482836818
              ],
              [
                116.34769723045687,
                39.97403824273055
              ],
              [
                116.34770698349794,
                39.973769949891015
              ],
              [
                116.34772648930854,
                39.97323336417053
              ],
              [
                116.34773624207808,
                39.97296507128957
              ],
              [
                116.34774599475713,
                39.9726967783948
              ],
              [
                116.34776549984372,
                39.97216019256384
              ],
              [
                116.34777525225127,
                39.97189189962765
              ],
              [
                116.34779475679484,
                39.97135531371385
              ],
              [
                116.34780450893086,
                39.97108702073623
              ],
              [
                116.34781426097642,
                39.9708187277448
              ],
              [
                116.34782401293148,
                39.97055043473955
              ],
              [
                116.34783376479605,
                39.97028214172052
              ],
              [
                116.34784319190781,
                39.97002278091191
              ],
              [
                116.34788689624031,
                39.96949836546602
              ],
              [
                116.34790911971393,
                39.96923169901515
              ],
              [
                116.3479313430008,
                39.96896503254637
              ],
              [
                116.34797578901437,
                39.96843169955522
              ],
              [
                116.34799801174107,
                39.96816503303283
              ],
              [
                116.34808690078074,
                39.96709836676455
              ],
              [
                116.34810912257392,
                39.966831700152795
              ],
              [
                116.34817578683317,
                39.96603170021029
              ],
              [
                116.34819800787955,
                39.965765033527035
              ],
              [
                116.34824244941224,
                39.965231700106926
              ],
              [
                116.34826466989857,
                39.96496503337005
              ],
              [
                116.34828689019821,
                39.96469836661532
              ],
              [
                116.34830911031119,
                39.96443169984271
              ],
              [
                116.34837576953014,
                39.96363169941766
              ],
              [
                116.34839798889647,
                39.963365032573556
              ],
              [
                116.34842020807613,
                39.963098365711595
              ],
              [
                116.34844242706917,
                39.96283169883176
              ],
              [
                116.34848686449527,
                39.96229836501846
              ],
              [
                116.34850908292837,
                39.96203169808501
              ],
              [
                116.34857573710785,
                39.96123169717744
              ],
              [
                116.34859795479441,
                39.9609650301725
              ],
              [
                116.34868682367454,
                39.959898361974076
              ],
              [
                116.34870904042803,
                39.959631694879796
              ],
              [
                116.34875347337521,
                39.959098360637626
              ],
              [
                116.34877568956891,
                39.958831693489735
              ],
              [
                116.34879790557602,
                39.958565026323974
              ],
              [
                116.34884221702971,
                39.958033132383754
              ],
              [
                116.34886647796824,
                39.95776627981034
              ],
              [
                116.34889086960963,
                39.95749798733557
              ],
              [
                116.34893965227802,
                39.956961402328886
              ],
              [
                116.34896404330502,
                39.95669310979701
              ],
              [
                116.34901282474468,
                39.95615652467609
              ],
              [
                116.34903721515732,
                39.9558882320871
              ],
              [
                116.34911038516668,
                39.95508335420584
              ],
              [
                116.34913477476024,
                39.9548150615407
              ],
              [
                116.34918355333315,
                39.954278476153284
              ],
              [
                116.34920794231246,
                39.954010183431016
              ],
              [
                116.34925671965688,
                39.95347359792938
              ],
              [
                116.34928110802197,
                39.953205305150036
              ],
              [
                116.34932988413793,
                39.95266871953419
              ],
              [
                116.34935427188883,
                39.95240042669772
              ],
              [
                116.34940304677646,
                39.95186384096767
              ],
              [
                116.34942743391319,
                39.95159554807409
              ],
              [
                116.34947620757255,
                39.951058962229844
              ],
              [
                116.34950059409515,
                39.95079066927917
              ],
              [
                116.34954936652629,
                39.95025408332071
              ],
              [
                116.34957375243482,
                39.94998579031294
              ],
              [
                116.34964690893229,
                39.94918091117539
              ],
              [
                116.34967129402209,
                39.94891261809149
              ],
              [
                116.34972006358765,
                39.94837603186658
              ],
              [
                116.34974444806346,
                39.94810773872557
              ],
              [
                116.34979321640105,
                39.94757115238646
              ],
              [
                116.34981760026288,
                39.947302859188355
              ],
              [
                116.34984198392006,
                39.94703456597122
              ],
              [
                116.34984248309493,
                39.9470285473947
              ],
              [
                116.34986248306636,
                39.946761880843894
              ],
              [
                116.34988248286854,
                39.94649521427618
              ],
              [
                116.34990248250138,
                39.946228547691526
              ],
              [
                116.34992248196495,
                39.94596188108998
              ],
              [
                116.34996248038422,
                39.94542854783607
              ],
              [
                116.34998247933997,
                39.94516188118374
              ],
              [
                116.3500024781264,
                39.9448952145145
              ],
              [
                116.35002247674358,
                39.944628547828344
              ],
              [
                116.35004247519146,
                39.94436188112525
              ],
              [
                116.3500624734701,
                39.94409521440525
              ],
              [
                116.35008247157948,
                39.943828547668325
              ],
              [
                116.3501024695196,
                39.943561880914466
              ],
              [
                116.35012246729045,
                39.94329521414372
              ],
              [
                116.35014246489204,
                39.94302854735603
              ],
              [
                116.35016246232438,
                39.94276188055142
              ],
              [
                116.35018245958747,
                39.94249521372992
              ],
              [
                116.35020245668134,
                39.94222854689146
              ],
              [
                116.35022245360595,
                39.941961880036104
              ],
              [
                116.35024245036134,
                39.94169521316382
              ],
              [
                116.35026244694748,
                39.941428546274615
              ],
              [
                116.35028244336439,
                39.94116187936851
              ],
              [
                116.35030243961205,
                39.94089521244547
              ],
              [
                116.35032243569052,
                39.94062854550552
              ],
              [
                116.35036242733977,
                39.94009521157485
              ],
              [
                116.35038242291057,
                39.93982854458416
              ],
              [
                116.35040241831216,
                39.93956187757651
              ],
              [
                116.35042241354455,
                39.939295210552
              ],
              [
                116.35044240860772,
                39.93902854351052
              ],
              [
                116.34980485606543,
                39.93900021577821
              ],
              [
                116.34919444560984,
                39.93900022367405
              ],
              [
                116.34915543414523,
                39.93900022406942
              ],
              [
                116.34913759194625,
                39.939238119716514
              ],
              [
                116.34911759174895,
                39.939504786482125
              ],
              [
                116.34909759138239,
                39.93977145323084
              ],
              [
                116.34907759084653,
                39.94003811996261
              ],
              [
                116.34903758926698,
                39.9405714533754
              ],
              [
                116.34901758822328,
                39.940838120056405
              ]
            ]
          ],
          [
            [
              [
                116.3471729099734,
                39.96178597809472
              ],
              [
                116.34006832653681,
                39.961745750410635
              ],
              [
                116.34006406214871,
                39.961899241365046
              ],
              [
                116.34005731877184,
                39.96214195845207
              ],
              [
                116.34716914140255,
                39.96218222767647
              ],
              [
                116.3471729099734,
                39.96178597809472
              ]
            ]
          ],
          [
            [
              [
                116.34552580243064,
                40.01612201952735
              ],
              [
                116.34541527749717,
                40.016059395905145
              ],
              [
                116.34528909221564,
                40.01600431108372
              ],
              [
                116.34514940564303,
                40.01595770753245
              ],
              [
                116.3449986078272,
                40.01592038260673
              ],
              [
                116.34483927891418,
                40.015892974908084
              ],
              [
                116.34467414500459,
                40.01587595336005
              ],
              [
                116.34450603151329,
                40.01586960918692
              ],
              [
                116.34433781483075,
                40.015874050931956
              ],
              [
                116.34417237311244,
                40.01588920260081
              ],
              [
                116.34401253703827,
                40.01591480496141
              ],
              [
                116.34386104138379,
                40.01595041997829
              ],
              [
                116.34372047823186,
                40.01599543830564
              ],
              [
                116.34359325262471,
                40.016049089710855
              ],
              [
                116.34348154141527,
                40.01611045625044
              ],
              [
                116.34338725602147,
                40.0161784879731
              ],
              [
                116.34331200972065,
                40.016252020881474
              ],
              [
                116.34325709004428,
                40.01632979684541
              ],
              [
                116.34322343674447,
                40.01641048512637
              ],
              [
                116.3432116257107,
                40.01649270514469
              ],
              [
                116.34322185911098,
                40.01657505010027
              ],
              [
                116.34325396192757,
                40.016656111043005
              ],
              [
                116.34330738494621,
                40.01673450098052
              ],
              [
                116.3433812141482,
                40.016808878611194
              ],
              [
                116.34347418634522,
                40.01687797127614
              ],
              [
                116.34358471078949,
                40.01694059673725
              ],
              [
                116.34371089638957,
                40.01699568340862
              ],
              [
                116.34385058406679,
                40.01704228869476
              ],
              [
                116.34400138369803,
                40.01707961512209
              ],
              [
                116.34416071501347,
                40.01710702398675
              ],
              [
                116.34432585174885,
                40.0171240462857
              ],
              [
                116.34449396829666,
                40.01713039074353
              ],
              [
                116.34466218805821,
                40.01712594879753
              ],
              [
                116.34482763266817,
                40.01711079645577
              ],
              [
                116.34498747124954,
                40.01708519299618
              ],
              [
                116.34513896885596,
                40.017049576529104
              ],
              [
                116.34527953327152,
                40.0170045564992
              ],
              [
                116.34540675936785,
                40.016950903255065
              ],
              [
                116.34551847025872,
                40.01688953486555
              ],
              [
                116.34561275454794,
                40.016821501407996
              ],
              [
                116.34568799903337,
                40.01674796699802
              ],
              [
                116.34574291630732,
                40.01667018986808
              ],
              [
                116.34577656678134,
                40.016589500836176
              ],
              [
                116.34578837475857,
                40.01650728053318
              ],
              [
                116.34577813827929,
                40.016424935778545
              ],
              [
                116.34574603257106,
                40.01634387550872
              ],
              [
                116.3456926070452,
                40.0162654866702
              ],
              [
                116.3456187758913,
                40.016191110489736
              ],
              [
                116.34552580243064,
                40.01612201952735
              ]
            ]
          ],
          [
            [
              [
                116.34481349423393,
                39.98775693325855
              ],
              [
                116.34474594379495,
                39.98770267790638
              ],
              [
                116.34466563021687,
                39.987653509812226
              ],
              [
                116.3445739276944,
                39.98761027023105
              ],
              [
                116.34447240527842,
                39.987573698979155
              ],
              [
                116.34436280002953,
                39.9875444217774
              ],
              [
                116.34424698729744,
                39.987522939546565
              ],
              [
                116.34412694863511,
                39.98750961983783
              ],
              [
                116.34400473789616,
                39.98750469054495
              ],
              [
                116.34388244609572,
                39.98750823600559
              ],
              [
                116.34376216563555,
                39.987520195558645
              ],
              [
                116.3436459545056,
                39.987540364581804
              ],
              [
                116.34353580107407,
                39.9875683979923
              ],
              [
                116.34343359006826,
                39.98760381615022
              ],
              [
                116.34334107032846,
                39.987646013063944
              ],
              [
                116.34325982488602,
                39.98769426675737
              ],
              [
                116.34319124387761,
                39.98774775162137
              ],
              [
                116.34313650075946,
                39.98780555253847
              ],
              [
                116.34309653222793,
                39.98786668053921
              ],
              [
                116.34307202219071,
                39.987930089722305
              ],
              [
                116.34306339006245,
                39.9879946951492
              ],
              [
                116.34307078358579,
                39.98805939140702
              ],
              [
                116.34309407630035,
                39.98812307152221
              ],
              [
                116.34313286970337,
                39.988184645901306
              ],
              [
                116.3431865000655,
                39.98824306097484
              ],
              [
                116.34325404978475,
                39.9882973172252
              ],
              [
                116.34333436308506,
                39.98834648628998
              ],
              [
                116.34342606579071,
                39.98838972684808
              ],
              [
                116.3435275888383,
                39.98842629901663
              ],
              [
                116.3436371951242,
                39.98845557701231
              ],
              [
                116.34375300922802,
                39.9884770598602
              ],
              [
                116.34387304950333,
                39.9884903799671
              ],
              [
                116.34399526198658,
                39.98849530941212
              ],
              [
                116.34411755554378,
                39.98849176384721
              ],
              [
                116.3442378376534,
                39.988479803940606
              ],
              [
                116.34435405021313,
                39.98845963433867
              ],
              [
                116.34446420475737,
                39.98843160016364
              ],
              [
                116.3445664164829,
                39.98839618110756
              ],
              [
                116.34465893650045,
                39.9883539832232
              ],
              [
                116.34474018175972,
                39.988305728552824
              ],
              [
                116.3448087621365,
                39.988252242772184
              ],
              [
                116.34486350421764,
                39.98819444106117
              ],
              [
                116.34490347137745,
                39.98813331244336
              ],
              [
                116.34492797980171,
                39.98806990286209
              ],
              [
                116.34493661018567,
                39.98800529728306
              ],
              [
                116.34492921490559,
                39.987940601129516
              ],
              [
                116.34490592054158,
                39.987876921367885
              ],
              [
                116.34486712570875,
                39.98781534756756
              ],
              [
                116.34481349423393,
                39.98775693325855
              ]
            ]
          ],
          [
            [
              [
                116.34481650413095,
                39.945168017333664
              ],
              [
                116.3447321763085,
                39.94509407636507
              ],
              [
                116.34463189897325,
                39.94502708085416
              ],
              [
                116.34451738791023,
                39.944968177074145
              ],
              [
                116.34439060242745,
                39.94491837284614
              ],
              [
                116.3442537118322,
                39.944878520297806
              ],
              [
                116.34410905831547,
                39.94484930128568
              ],
              [
                116.34395911687947,
                39.94483121573057
              ],
              [
                116.3438064529937,
                39.944824573065375
              ],
              [
                116.34365367870389,
                39.94482948694181
              ],
              [
                116.3435034079442,
                39.94484587328618
              ],
              [
                116.34335821181745,
                39.94487345173753
              ],
              [
                116.34322057460759,
                39.94491175044387
              ],
              [
                116.34309285127716,
                39.94496011413409
              ],
              [
                116.34297722717662,
                39.945017715327666
              ],
              [
                116.34287568065439,
                39.945083568490844
              ],
              [
                116.34278994920754,
                39.945156546896584
              ],
              [
                116.34272149975246,
                39.94523540190063
              ],
              [
                116.34267150352328,
                39.945318784303645
              ],
              [
                116.34264081602893,
                39.945405267434175
              ],
              [
                116.342629962411,
                39.94549337155783
              ],
              [
                116.34263912845358,
                39.94558158919476
              ],
              [
                116.34266815739947,
                39.94566841091266
              ],
              [
                116.34271655262687,
                39.9457523511539
              ],
              [
                116.34278348614204,
                39.945831973654755
              ],
              [
                116.34286781274228,
                39.945905916021786
              ],
              [
                116.34296808960724,
                39.94597291304492
              ],
              [
                116.34308260098399,
                39.94603181834791
              ],
              [
                116.34320938754308,
                39.94608162400582
              ],
              [
                116.34334627990394,
                39.94612147779358
              ],
              [
                116.34349093575518,
                39.946150697770165
              ],
              [
                116.34364087993558,
                39.946168783949076
              ],
              [
                116.34379354678855,
                39.94617542685483
              ],
              [
                116.34394632406618,
                39.94617051281938
              ],
              [
                116.34409659763068,
                39.946154125927244
              ],
              [
                116.34424179618809,
                39.9461265465767
              ],
              [
                116.34437943528883,
                39.94608824668101
              ],
              [
                116.34450715984144,
                39.946039881592384
              ],
              [
                116.34462278441225,
                39.94598227888657
              ],
              [
                116.34472433062079,
                39.94591642420042
              ],
              [
                116.34481006099128,
                39.94584344436474
              ],
              [
                116.34487850868078,
                39.94576458812127
              ],
              [
                116.34492850257543,
                39.94568120475382
              ],
              [
                116.34495918732539,
                39.9455947209995
              ],
              [
                116.34497003797613,
                39.945506616635264
              ],
              [
                116.34496086894572,
                39.94541839915735
              ],
              [
                116.34493183719503,
                39.94533157798723
              ],
              [
                116.344883439537,
                39.945247638645164
              ],
              [
                116.34481650413095,
                39.945168017333664
              ]
            ]
          ]
        ]
      }
    }
  ]
}
