{"type": "FeatureCollection", "name": "land_use", "crs": {"type": "name", "properties": {"name": "urn:ogc:def:crs:OGC:1.3:CRS84"}}, "metadata": {"generated_by": "zipper-v2 pipeline (gen_geometry.py) — partitioned in EPSG:4548, exchanged as EPSG:4326", "design_model": "拉链京张 Zipper Jingzhang — 链带/链齿/三核", "boundary_status": "provisional_rough (official polygons pending)", "note_zh": "拉链京张用地剖分（EPSG:4548 空间剖分后转出）：链带1401/护带1402/横街1207/链齿1403 + 三核及连接带；共享边零重叠全覆盖", "revision": "R5 badge/EN-A0 consistency 2026-08-31 — visual state badge + EN A0 figure mapping; shapes and topology unchanged since R1"}, "features": [{"type": "Feature", "id": "LU-001", "properties": {"id": "LU-001", "layer": "LAND_USE", "source_type": "agent_generated_design", "confidence": "medium", "geometry_role": "design_proposal", "land_use_code": "0701", "land_use_label_zh": "城镇住宅用地", "region": "A1 众智园", "note_zh": "设计建议（provisional 边界内），官方控规条件确认前不作为法定依据", "area_sqm": 189000.3}, "geometry": {"type": "MultiPolygon", "coordinates": [[[[116.34300001015332, 40.01141346953704], [116.34300000723933, 40.01176923658114], [116.34300000430005, 40.01212500360346], [116.34300000133555, 40.01248077060404], [116.34300000463641, 40.01279679380893], [116.34552583192682, 40.01281108600821], [116.34553916469717, 40.011415201354126], [116.34300000247093, 40.01140083396701], [116.34300001015332, 40.01141346953704]]], [[[116.3430000051904, 40.01301293961211], [116.3430000069563, 40.013192313611874], [116.34300000189602, 40.01338217063789], [116.34552024073243, 40.01339643132645], [116.34552376744132, 40.01302722016759], [116.3430000051904, 40.01301293961211]]], [[[116.3466884852727, 40.01736569504082], [116.34548238718092, 40.01735888921044], [116.34546345759374, 40.019340117122105], [116.34666959056155, 40.01934692342727], [116.3466884852727, 40.01736569504082]]], [[[116.34901218883007, 40.0193601070257], [116.35061717407156, 40.019369112170466], [116.35063595463583, 40.01738788223619], [116.34903101580353, 40.0173788777196], [116.34901218883007, 40.0193601070257]]], [[[116.34546345759374, 40.019340117122105], [116.34300000718832, 40.019326176666766], [116.3430000064997, 40.01959616047689], [116.3430000033119, 40.01979678855888], [116.34545896111108, 40.01981070367807], [116.34546345759374, 40.019340117122105]]], [[[116.34300000399612, 40.02101923559237], [116.34300000348301, 40.02130751063749], [116.345444526132, 40.021321344346845], [116.34545689590321, 40.02002683757273], [116.34300000356433, 40.02001293410189], [116.34300001111178, 40.02030770261414], [116.34300000756659, 40.02066346911414], [116.34300000399612, 40.02101923559237]]], [[[116.34663179552574, 40.023309378139516], [116.34542559279551, 40.02330257088468], [116.34540665758405, 40.02528379673559], [116.34661289520068, 40.0252906044653], [116.34663179552574, 40.023309378139516]]], [[[116.34895569672247, 40.02530379082298], [116.3505608212192, 40.02531279785249], [116.35057960736347, 40.02333156997862], [116.34897452928975, 40.0233225635774], [116.34895569672247, 40.02530379082298]]]]}}, {"type": "Feature", "id": "LU-002", "properties": {"id": "LU-002", "layer": "LAND_USE", "source_type": "agent_generated_design", "confidence": "medium", "geometry_role": "design_proposal", "land_use_code": "0802", "land_use_label_zh": "科研用地", "region": "A1 众智园", "note_zh": "设计建议（provisional 边界内），官方控规条件确认前不作为法定依据", "area_sqm": 556627.3}, "geometry": {"type": "MultiPolygon", "coordinates": [[[[116.35400000458141, 40.00927885203444], [116.35399999713896, 40.008923075638535], [116.35400000129805, 40.008567308291745], [116.35400000543227, 40.008211540923185], [116.35399999783061, 40.0078557734676], [116.35400000200009, 40.00749999704987], [116.35354166854954, 40.007500017034936], [116.35330620684273, 40.00750002724489], [116.35328754684616, 40.00947736218786], [116.3540000048131, 40.00948133581954], [116.35400000458141, 40.00927885203444]]], [[[116.3467825439814, 40.00750012204254], [116.34666666953598, 40.00750011729652], [116.34620833647605, 40.007500108278194], [116.34575000344091, 40.00750009744715], [116.34557655483438, 40.00750009078607], [116.34555808678822, 40.00943397069494], [116.34553916469717, 40.011415201354126], [116.34674515818158, 40.01142200576031], [116.34676404541038, 40.00944077462644], [116.3467825439814, 40.00750012204254]]], [[[116.35400000077382, 40.01248077518711], [116.3540000051812, 40.01212500805801], [116.35400000964863, 40.01176923190153], [116.35400000685677, 40.01146267391402], [116.35326884820132, 40.01145859587429], [116.35069228517185, 40.01144418831272], [116.35067905736355, 40.0128400743916], [116.35325567287427, 40.01285448266132], [116.35400001059283, 40.01285863428454], [116.3540000080535, 40.01283654235974], [116.35400000077382, 40.01248077518711]]], [[[116.35325363276777, 40.013070617150966], [116.3506770091307, 40.013056208771594], [116.35067351018576, 40.013425420307314], [116.35325014770487, 40.01343982887401], [116.35400000813111, 40.013444011333355], [116.35400000359647, 40.013192309445294], [116.3540000107101, 40.013074780165745], [116.35325363276777, 40.013070617150966]]], [[[116.34300001247621, 40.01390385653264], [116.3430000093855, 40.01425962342441], [116.34300000626953, 40.01461539029439], [116.34300000312831, 40.01497115714261], [116.34300001158772, 40.01532693304105], [116.34300001225076, 40.01536350670015], [116.34550131489372, 40.01537766061189], [116.34552024073243, 40.01339643132645], [116.34300000189602, 40.01338217063789], [116.34300000391605, 40.013548080547146], [116.34300001247621, 40.01390385653264]]], [[[116.35067351018576, 40.013425420307314], [116.34906866415811, 40.013416417046955], [116.3490498409128, 40.01539764772669], [116.35065473334048, 40.015406651615145], [116.35067351018576, 40.013425420307314]]], [[[116.34550131489372, 40.01537766061189], [116.34548238718092, 40.01735888921044], [116.3466884852727, 40.01736569504082], [116.34670737811294, 40.01538446596752], [116.34550131489372, 40.01537766061189]]], [[[116.35400000733742, 40.01938801954031], [116.35400000559035, 40.019240392054286], [116.35400001046952, 40.01888462533881], [116.35400000369589, 40.018528849530654], [116.35400000852539, 40.01817308277162], [116.35400001333004, 40.017817315990825], [116.35400000639717, 40.01746154912296], [116.35400000837146, 40.01740668414651], [116.35321274115636, 40.01740229281333], [116.35063595463583, 40.01738788223619], [116.35061717407156, 40.019369112170466], [116.3506127129874, 40.01983969920687], [116.35318959171904, 40.019854111028124], [116.35400000875032, 40.01985863163733], [116.35400001239935, 40.01959615881331], [116.35400000733742, 40.01938801954031]]], [[[116.35313293222852, 40.025853795955086], [116.3539999994287, 40.0258586329526], [116.35399999508793, 40.02564423469549], [116.35399999961788, 40.02533202167047], [116.35400000049913, 40.02528845936627], [116.35400000580051, 40.02493269302088], [116.35399999936315, 40.02457692658841], [116.35400000461486, 40.02422116019947], [116.35399999821288, 40.02386538471786], [116.35400000341495, 40.02350961828539], [116.35400000296067, 40.0233506883023], [116.35400000859215, 40.02315385183113], [116.3540000020309, 40.022798085289814], [116.35400000724337, 40.02244230978642], [116.35400000063258, 40.02208654320156], [116.35400000571045, 40.02173077666025], [116.3540000108484, 40.021375001091556], [116.35400000553383, 40.0213693542589], [116.35400000416325, 40.02101923444139], [116.3540000091666, 40.02066346783474], [116.3540000024319, 40.020307701141036], [116.35400000857102, 40.0200747772583], [116.35318755089871, 40.02007024525311], [116.3506106640379, 40.02005583332218], [116.35059839164754, 40.021350341417936], [116.35317532719898, 40.021364754005766], [116.35315661744146, 40.02334598357188], [116.35057960736347, 40.02333156997862], [116.3505608212192, 40.02531279785249], [116.35055582780531, 40.0258393810891], [116.35313293222852, 40.025853795955086]]], [[[116.34300000178423, 40.024576926393465], [116.34299999793599, 40.024932692632284], [116.34300000543793, 40.025270176620204], [116.34300000577646, 40.02528845891573], [116.34300000179135, 40.02564423411657], [116.34300000266975, 40.02579678769204], [116.34540162454763, 40.0258103794345], [116.34540665758405, 40.02528379673559], [116.34542559279551, 40.02330257088468], [116.34663179552574, 40.023309378139516], [116.3466506939793, 40.02132815112684], [116.345444526132, 40.021321344346845], [116.34300000348301, 40.02130751063749], [116.34300001211373, 40.021375002115235], [116.34300000840643, 40.0217307775555], [116.34300000476021, 40.02208654396843], [116.34300000108874, 40.0224423103596], [116.34300000910557, 40.0227980767954], [116.34300000529724, 40.02315385214861], [116.34299999899488, 40.02328884393318], [116.34300000155002, 40.02350961847448], [116.34299999777753, 40.023865384778574], [116.34300000560718, 40.0242211601329], [116.34300000178423, 40.024576926393465]]]]}}, {"type": "Feature", "id": "LU-003", "properties": {"id": "LU-003", "layer": "LAND_USE", "source_type": "agent_generated_design", "confidence": "medium", "geometry_role": "design_proposal", "land_use_code": "0904", "land_use_label_zh": "其他商业服务业用地", "region": "A1 众智园", "note_zh": "设计建议（provisional 边界内），官方控规条件确认前不作为法定依据", "area_sqm": 190993.9}, "geometry": {"type": "MultiPolygon", "coordinates": [[[[116.34987500173112, 40.007500120663344], [116.34941666849898, 40.00750012433399], [116.34912486244248, 40.00750012494276], [116.34910630505757, 40.00945395362714], [116.35071105829896, 40.00946295563139], [116.35328754684616, 40.00947736218786], [116.35330620684273, 40.00750002724489], [116.3530833350381, 40.00750004421289], [116.35262500163573, 40.00750006057252], [116.35216666825757, 40.00750007511944], [116.35170833490363, 40.00750008785364], [116.35125000157399, 40.00750009877513], [116.35079166826864, 40.007500107883914], [116.35072965534434, 40.00750011171436], [116.35033333498768, 40.00750011517999], [116.34987500173112, 40.007500120663344]]], [[[116.35326884820132, 40.01145859587429], [116.35400000685677, 40.01146267391402], [116.35400000229464, 40.011413464663605], [116.35400000662752, 40.0110576974692], [116.353999999224, 40.010701930187736], [116.35400000359212, 40.01034615394418], [116.3540000078505, 40.00999038668446], [116.3540000003727, 40.009634619337696], [116.3540000048131, 40.00948133581954], [116.35328754684616, 40.00947736218786], [116.35326884820132, 40.01145859587429]]], [[[116.34673184997563, 40.01281789074885], [116.34674515818158, 40.01142200576031], [116.34553916469717, 40.011415201354126], [116.34552583192682, 40.01281108600821], [116.34673184997563, 40.01281789074885]]], [[[116.34672978929376, 40.013034024960014], [116.34552376744132, 40.01302722016759], [116.34552024073243, 40.01339643132645], [116.34672626908251, 40.01340323620734], [116.34672978929376, 40.013034024960014]]], [[[116.34548238718092, 40.01735888921044], [116.3430000101109, 40.017344842020975], [116.3430000036848, 40.01746154261475], [116.34300001196794, 40.01781731836084], [116.34300000859947, 40.01817308501319], [116.34300000520578, 40.01852885164376], [116.34300001349969, 40.01888461831899], [116.34300000996915, 40.0192403939116], [116.34300000718832, 40.019326176666766], [116.34546345759374, 40.019340117122105], [116.34548238718092, 40.01735888921044]]], [[[116.34900771672197, 40.019830693912894], [116.3506127129874, 40.01983969920687], [116.35061717407156, 40.019369112170466], [116.34901218883007, 40.0193601070257], [116.34900771672197, 40.019830693912894]]], [[[116.3489933599922, 40.02134133564496], [116.35059839164754, 40.021350341417936], [116.3506106640379, 40.02005583332218], [116.34900566270923, 40.020046827959675], [116.3489933599922, 40.02134133564496]]], [[[116.34661289520068, 40.0252906044653], [116.34540665758405, 40.02528379673559], [116.34540162454763, 40.0258103794345], [116.34660787143716, 40.02581718729043], [116.34661289520068, 40.0252906044653]]]]}}, {"type": "Feature", "id": "LU-004", "properties": {"id": "LU-004", "layer": "LAND_USE", "source_type": "agent_generated_design", "confidence": "medium", "geometry_role": "design_proposal", "land_use_code": "1401", "land_use_label_zh": "公园绿地", "region": "A1 众智园", "note_zh": "设计建议（provisional 边界内），官方控规条件确认前不作为法定依据", "area_sqm": 228018.9}, "geometry": {"type": "MultiPolygon", "coordinates": [[[[116.34300000141684, 40.01105769339919], [116.34300000247093, 40.01140083396701], [116.34553916469717, 40.011415201354126], [116.34555808678822, 40.00943397069494], [116.34557655483438, 40.00750009078607], [116.34529167043057, 40.00750008480341], [116.34483333744508, 40.007500070346936], [116.34437500448452, 40.007500054077774], [116.34391667154888, 40.00750003599589], [116.34345833855195, 40.00750002510689], [116.34300000566624, 40.0075000033996], [116.34300000302994, 40.00785577068308], [116.34300000036835, 40.00821153794483], [116.34299999768152, 40.0085673051848], [116.34300000659428, 40.008923081475], [116.34300000385699, 40.009278848671435], [116.34300000226328, 40.00941949662113], [116.34300000109444, 40.00963461584612], [116.34299999822028, 40.009990392004624], [116.34300000711863, 40.010346159202165], [116.34300000428036, 40.010701926311555], [116.34300000141684, 40.01105769339919]]], [[[116.34908748553963, 40.01143518568044], [116.35069228517185, 40.01144418831272], [116.35071105829896, 40.00946295563139], [116.34910630505757, 40.00945395362714], [116.34908748553963, 40.01143518568044]]], [[[116.34903101580353, 40.0173788777196], [116.35063595463583, 40.01738788223619], [116.35065473334048, 40.015406651615145], [116.3490498409128, 40.01539764772669], [116.34903101580353, 40.0173788777196]]], [[[116.35400000837146, 40.01740668414651], [116.35400001123708, 40.01710577329304], [116.35400000425467, 40.01675000638162], [116.35400000896001, 40.01639423951375], [116.35400001364049, 40.01603847262412], [116.35400000666866, 40.015682696641804], [116.35400000863599, 40.01542534807752], [116.35323144535663, 40.01542106118703], [116.35321274115636, 40.01740229281333], [116.35400000837146, 40.01740668414651]]], [[[116.34666510236323, 40.01981751009603], [116.34666959056155, 40.01934692342727], [116.34546345759374, 40.019340117122105], [116.34545896111108, 40.01981070367807], [116.34666510236323, 40.01981751009603]]], [[[116.34666304096035, 40.02003364404247], [116.34545689590321, 40.02002683757273], [116.345444526132, 40.021321344346845], [116.3466506939793, 40.02132815112684], [116.34666304096035, 40.02003364404247]]], [[[116.35057960736347, 40.02333156997862], [116.35059839164754, 40.021350341417936], [116.3489933599922, 40.02134133564496], [116.34897452928975, 40.0233225635774], [116.35057960736347, 40.02333156997862]]], [[[116.35055582780531, 40.0258393810891], [116.3505608212192, 40.02531279785249], [116.34895569672247, 40.02530379082298], [116.34895069096918, 40.025830373892596], [116.35055582780531, 40.0258393810891]]]]}}, {"type": "Feature", "id": "LU-005", "properties": {"id": "LU-005", "layer": "LAND_USE", "source_type": "agent_generated_design", "confidence": "medium", "geometry_role": "design_proposal", "land_use_code": "16", "land_use_label_zh": "留白用地（开放测试场）", "region": "A1 众智园", "note_zh": "设计建议（provisional 边界内），官方控规条件确认前不作为法定依据", "area_sqm": 304177.6}, "geometry": {"type": "MultiPolygon", "coordinates": [[[[116.35328754684616, 40.00947736218786], [116.35071105829896, 40.00946295563139], [116.35069228517185, 40.01144418831272], [116.35326884820132, 40.01145859587429], [116.35328754684616, 40.00947736218786]]], [[[116.34907422504368, 40.01283107131681], [116.35067905736355, 40.0128400743916], [116.35069228517185, 40.01144418831272], [116.34908748553963, 40.01143518568044], [116.34907422504368, 40.01283107131681]]], [[[116.3490721717494, 40.01304720562828], [116.34906866415811, 40.013416417046955], [116.35067351018576, 40.013425420307314], [116.3506770091307, 40.013056208771594], [116.3490721717494, 40.01304720562828]]], [[[116.34672626908251, 40.01340323620734], [116.34552024073243, 40.01339643132645], [116.34550131489372, 40.01537766061189], [116.34670737811294, 40.01538446596752], [116.34672626908251, 40.01340323620734]]], [[[116.3540000107417, 40.01354808557999], [116.35400000813111, 40.013444011333355], [116.35325014770487, 40.01343982887401], [116.35067351018576, 40.013425420307314], [116.35065473334048, 40.015406651615145], [116.35063595463583, 40.01738788223619], [116.35321274115636, 40.01740229281333], [116.35323144535663, 40.01542106118703], [116.35400000863599, 40.01542534807752], [116.35400001129949, 40.01532692970863], [116.35400000419322, 40.014971162688376], [116.35400000877439, 40.014615395711665], [116.35400001341563, 40.01425961970757], [116.35400000623501, 40.013903852622015], [116.3540000107417, 40.01354808557999]]], [[[116.34300001225076, 40.01536350670015], [116.34300000839602, 40.015682699845755], [116.34300000517905, 40.016038466628686], [116.34300001356293, 40.01639424246183], [116.3430000102955, 40.016750009201225], [116.34300000700279, 40.017105775918864], [116.3430000101109, 40.017344842020975], [116.34548238718092, 40.01735888921044], [116.34550131489372, 40.01537766061189], [116.34300001225076, 40.01536350670015]]], [[[116.35057960736347, 40.02333156997862], [116.35315661744146, 40.02334598357188], [116.35317532719898, 40.021364754005766], [116.35059839164754, 40.021350341417936], [116.35057960736347, 40.02333156997862]]]]}}, {"type": "Feature", "id": "LU-006", "properties": {"id": "LU-006", "layer": "LAND_USE", "source_type": "agent_generated_design", "confidence": "medium", "geometry_role": "design_proposal", "land_use_code": "0701", "land_use_label_zh": "城镇住宅用地", "region": "A2 AI原点社区", "note_zh": "设计建议（provisional 边界内），官方控规条件确认前不作为法定依据", "area_sqm": 147881.7}, "geometry": {"type": "MultiPolygon", "coordinates": [[[[116.349714289248, 39.984834676649704], [116.349726942157, 39.983500112504174], [116.34935266522588, 39.98350011953562], [116.34934002502605, 39.984832576262036], [116.349714289248, 39.984834676649704]]], [[[116.34970833254636, 39.98546292816083], [116.34971224000388, 39.98505081203589], [116.34933797460275, 39.98504871163222], [116.3493340648967, 39.985460827726676], [116.34970833254636, 39.98546292816083]]], [[[116.35226520703677, 39.987458591400085], [116.35228391879966, 39.98547734987746], [116.34970833254636, 39.98546292816083], [116.34968954639052, 39.987444168677165], [116.35226520703677, 39.987458591400085]]], [[[116.34453823068542, 39.9874151515411], [116.34200000457861, 39.98740076962135], [116.34200000711793, 39.987428571509355], [116.34199999920517, 39.98778571790532], [116.34200000306093, 39.988142855340186], [116.34200000680482, 39.98850000175876], [116.34199999881555, 39.98885714808895], [116.34200000259493, 39.98921428545803], [116.34200000800404, 39.98938211436719], [116.34451929386958, 39.989396389346076], [116.34453823068542, 39.9874151515411]]], [[[116.34695489364863, 39.989410138071605], [116.34451929386958, 39.989396389346076], [116.34450035517882, 39.99137762646424], [116.34693602531699, 39.991391376149096], [116.34695489364863, 39.989410138071605]]]]}}, {"type": "Feature", "id": "LU-007", "properties": {"id": "LU-007", "layer": "LAND_USE", "source_type": "agent_generated_design", "confidence": "medium", "geometry_role": "design_proposal", "land_use_code": "0702", "land_use_label_zh": "城镇社区服务设施用地", "region": "A2 AI原点社区", "note_zh": "设计建议（provisional 边界内），官方控规条件确认前不作为法定依据", "area_sqm": 127722.2}, "geometry": {"type": "MultiPolygon", "coordinates": [[[[116.35228391879966, 39.98547734987746], [116.35226520703677, 39.987458591400085], [116.35299999652891, 39.98746269544848], [116.35300000234281, 39.98742857130239], [116.35299999968863, 39.98707143369332], [116.35299999709441, 39.986714287056685], [116.35300000618254, 39.98635714046345], [116.35300000345329, 39.98600000278857], [116.35300000078396, 39.98564285608612], [116.35300000235078, 39.98548134934101], [116.35228391879966, 39.98547734987746]]], [[[116.34450035517882, 39.99137762646424], [116.34451929386958, 39.989396389346076], [116.34200000800404, 39.98938211436719], [116.34200000626252, 39.9895714318108], [116.34199999828311, 39.989928569069576], [116.34200000189976, 39.9902857153785], [116.342000005491, 39.99064286166549], [116.34199999743508, 39.99099999885846], [116.3420000009754, 39.991357145101624], [116.34199999893768, 39.99136345837164], [116.34450035517882, 39.99137762646424]]], [[[116.34929646910338, 39.98942330777954], [116.34927766841487, 39.991404546775925], [116.3496519684986, 39.99140664764978], [116.34967075837467, 39.98942540850681], [116.34929646910338, 39.98942330777954]]], [[[116.34964791245973, 39.991834298028685], [116.35222373797578, 39.991848722981615], [116.35299999848365, 39.991853058913776], [116.3529999965223, 39.9917142837439], [116.35300000598855, 39.99142538576894], [116.3522277779528, 39.991421072385464], [116.3496519684986, 39.99140664764978], [116.34964791245973, 39.991834298028685]]], [[[116.3496458624987, 39.99205043315021], [116.34963317676211, 39.99338788610607], [116.34925886586487, 39.99338578508563], [116.34925778073, 39.993500120526384], [116.34933332857244, 39.99350011238437], [116.34963211223997, 39.99350011423844], [116.34979166186717, 39.993500108820086], [116.35024999527172, 39.99350009443759], [116.35070832861526, 39.993500087248194], [116.35116666206841, 39.99350006924058], [116.35162499546058, 39.99350005842605], [116.35208332896218, 39.99350003679332], [116.35220813739406, 39.99350003196414], [116.35254166240286, 39.993500022353665], [116.35299999595273, 39.993499997095824], [116.35299999785418, 39.993406729851216], [116.35300000543256, 39.99314285992497], [116.35300000326376, 39.992785713661206], [116.35300000098498, 39.99242857638112], [116.35299999876614, 39.99207143007348], [116.35299999633831, 39.99206920555071], [116.3522216961326, 39.992064858212935], [116.3496458624987, 39.99205043315021]]]]}}, {"type": "Feature", "id": "LU-008", "properties": {"id": "LU-008", "layer": "LAND_USE", "source_type": "agent_generated_design", "confidence": "medium", "geometry_role": "design_proposal", "land_use_code": "0802", "land_use_label_zh": "科研用地", "region": "A2 AI原点社区", "note_zh": "设计建议（provisional 边界内），官方控规条件确认前不作为法定依据", "area_sqm": 21367.9}, "geometry": {"type": "MultiPolygon", "coordinates": [[[[116.34929646910338, 39.98942330777954], [116.34967075837467, 39.98942540850681], [116.34968954639052, 39.987444168677165], [116.34931526793056, 39.98744206809644], [116.34929646910338, 39.98942330777954]]], [[[116.35299999646588, 39.98992856984365], [116.35300000569484, 39.98957143245347], [116.35300000164393, 39.98944404094624], [116.35224649342119, 39.989439832236094], [116.3522277779528, 39.991421072385464], [116.35300000598855, 39.99142538576894], [116.3530000058767, 39.99135714646338], [116.35300000358275, 39.99100000008994], [116.35300000117884, 39.990642862700206], [116.35299999883486, 39.990285716282884], [116.35299999646588, 39.98992856984365]]]]}}, {"type": "Feature", "id": "LU-009", "properties": {"id": "LU-009", "layer": "LAND_USE", "source_type": "agent_generated_design", "confidence": "medium", "geometry_role": "design_proposal", "land_use_code": "0804", "land_use_label_zh": "教育用地", "region": "A2 AI原点社区", "note_zh": "设计建议（provisional 边界内），官方控规条件确认前不作为法定依据", "area_sqm": 337686.3}, "geometry": {"type": "MultiPolygon", "coordinates": [[[[116.34383333223263, 39.98350007642694], [116.34337499584971, 39.983500056570236], [116.3429166711124, 39.983500043973024], [116.34245833477955, 39.98350002049139], [116.3419999983854, 39.983500004202924], [116.34200000254648, 39.983857141900934], [116.34199999488875, 39.984214288516185], [116.34199999899893, 39.984571426170326], [116.34199999852487, 39.98479113942479], [116.34456316950485, 39.984805662180186], [116.34699860628146, 39.984819408683116], [116.34701116652845, 39.98350012782372], [116.34658332789746, 39.98350013035645], [116.3461250030722, 39.983500121440514], [116.34566666647892, 39.98350011965175], [116.34520832999637, 39.98350010704488], [116.34474999345262, 39.983500101631165], [116.34457564552618, 39.98350009754025], [116.34429166872667, 39.98350008546557], [116.34383333223263, 39.98350007642694]]], [[[116.34200000321886, 39.98600000351808], [116.34200000720186, 39.98635714106259], [116.3419999993656, 39.98671428752435], [116.34200000321128, 39.98707143403062], [116.34200000457861, 39.98740076962135], [116.34453823068542, 39.9874151515411], [116.34455716562648, 39.98543391304934], [116.34699262470812, 39.98544765985642], [116.34699654848092, 39.985035543953074], [116.34456110403086, 39.9850217973455], [116.34199999713348, 39.985007286243224], [116.34200000697018, 39.985285719424105], [116.34200000036967, 39.985419424200614], [116.34199999929686, 39.985642856946015], [116.34200000321886, 39.98600000351808]]], [[[116.34968954639052, 39.987444168677165], [116.34970833254636, 39.98546292816083], [116.3493340648967, 39.985460827726676], [116.34931526793056, 39.98744206809644], [116.34968954639052, 39.987444168677165]]], [[[116.34451929386958, 39.989396389346076], [116.34695489364863, 39.989410138071605], [116.34697376011226, 39.98742889930738], [116.34453823068542, 39.9874151515411], [116.34451929386958, 39.989396389346076]]], [[[116.34450035517882, 39.99137762646424], [116.34199999893768, 39.99136345837164], [116.34200000449026, 39.99171429132283], [116.34200000478613, 39.99179113143133], [116.34449626701638, 39.99180527640607], [116.34693195234249, 39.991819026298], [116.34693602531699, 39.991391376149096], [116.34450035517882, 39.99137762646424]]], [[[116.34448006442332, 39.99350008900446], [116.34474999654907, 39.993500093364716], [116.34520832959727, 39.99350010792601], [116.34566666275626, 39.99350011166912], [116.34612499585407, 39.99350012260529], [116.3465833290625, 39.99350012272328], [116.34691594049852, 39.99350013315926], [116.3469171551172, 39.993372613539826], [116.34692989382202, 39.99203516130328], [116.3444942008198, 39.99202141130671], [116.34200000309255, 39.99200727798966], [116.34199999635781, 39.99207142845002], [116.3419999998218, 39.99242857462738], [116.34200000334674, 39.992785711777174], [116.34199999505135, 39.99314285784419], [116.34200000079554, 39.993344801767634], [116.34199999843896, 39.99350000395576], [116.34245833142363, 39.993500020386776], [116.342916664347, 39.99350004401084], [116.34337499738172, 39.99350005681675], [116.34383333035514, 39.99350007681571], [116.34429166343969, 39.99350008599651], [116.34448006442332, 39.99350008900446]]], [[[116.3529999956948, 39.98350000249315], [116.3525416705272, 39.98350001895105], [116.35230259163234, 39.983500034130735], [116.35228985191286, 39.984849098047256], [116.35300000510827, 39.984853064355356], [116.35300000424802, 39.98457142491818], [116.35300000139364, 39.98421428713365], [116.3529999985992, 39.98385714032153], [116.3529999956948, 39.98350000249315]]], [[[116.35299999800466, 39.98528571836739], [116.35300000326014, 39.98506921125246], [116.35228781078372, 39.985065233543196], [116.35228391879966, 39.98547734987746], [116.35300000235078, 39.98548134934101], [116.35299999800466, 39.98528571836739]]], [[[116.3496519684986, 39.99140664764978], [116.3522277779528, 39.991421072385464], [116.35224649342119, 39.989439832236094], [116.34967075837467, 39.98942540850681], [116.3496519684986, 39.99140664764978]]], [[[116.3496519684986, 39.99140664764978], [116.34927766841487, 39.991404546775925], [116.349273610042, 39.99183219712319], [116.34964791245973, 39.991834298028685], [116.3496519684986, 39.99140664764978]]], [[[116.3496458624987, 39.99205043315021], [116.34927155890135, 39.99204833222873], [116.34925886586487, 39.99338578508563], [116.34963317676211, 39.99338788610607], [116.3496458624987, 39.99205043315021]]]]}}, {"type": "Feature", "id": "LU-010", "properties": {"id": "LU-010", "layer": "LAND_USE", "source_type": "agent_generated_design", "confidence": "medium", "geometry_role": "design_proposal", "land_use_code": "0901", "land_use_label_zh": "商业用地", "region": "A2 AI原点社区", "note_zh": "设计建议（provisional 边界内），官方控规条件确认前不作为法定依据", "area_sqm": 150997.0}, "geometry": {"type": "MultiPolygon", "coordinates": [[[[116.349726942157, 39.983500112504174], [116.349714289248, 39.984834676649704], [116.35228985191286, 39.984849098047256], [116.35230259163234, 39.983500034130735], [116.35208333359185, 39.9835000425368], [116.35162499676576, 39.98350005530439], [116.35116665987879, 39.98350007526518], [116.35070833480815, 39.9835000844734], [116.35024999796973, 39.98350010080926], [116.34979166124096, 39.983500106327], [116.349726942157, 39.983500112504174]]], [[[116.35228391879966, 39.98547734987746], [116.35228781078372, 39.985065233543196], [116.34971224000388, 39.98505081203589], [116.34970833254636, 39.98546292816083], [116.35228391879966, 39.98547734987746]]], [[[116.34453823068542, 39.9874151515411], [116.34697376011226, 39.98742889930738], [116.34699262470812, 39.98544765985642], [116.34455716562648, 39.98543391304934], [116.34453823068542, 39.9874151515411]]], [[[116.35300000749116, 39.98814285546039], [116.35300000488701, 39.987785717895186], [116.35299999652891, 39.98746269544848], [116.35226520703677, 39.987458591400085], [116.34968954639052, 39.987444168677165], [116.34967075837467, 39.98942540850681], [116.35224649342119, 39.989439832236094], [116.35300000164393, 39.98944404094624], [116.35300000327577, 39.98921428597033], [116.35300000074672, 39.98885714847094], [116.35299999827761, 39.98850000194395], [116.35300000749116, 39.98814285546039]]]]}}, {"type": "Feature", "id": "LU-011", "properties": {"id": "LU-011", "layer": "LAND_USE", "source_type": "agent_generated_design", "confidence": "medium", "geometry_role": "design_proposal", "land_use_code": "0803", "land_use_label_zh": "文化用地", "region": "A3 大钟寺", "note_zh": "设计建议（provisional 边界内），官方控规条件确认前不作为法定依据", "area_sqm": 198019.0}, "geometry": {"type": "MultiPolygon", "coordinates": [[[[116.35487083587509, 39.944000008028624], [116.35485223303523, 39.945980535319286], [116.3549999984681, 39.94598135750768], [116.35500000607941, 39.94571764753634], [116.35500000271891, 39.94537411569555], [116.35499999925075, 39.945030592840176], [116.3549999958441, 39.944687060958806], [116.35500000411461, 39.944343529122236], [116.3550000006618, 39.94399999720028], [116.35487083587509, 39.944000008028624]]], [[[116.34970851614291, 39.94595179753682], [116.35227812717439, 39.945966182400426], [116.35229666783998, 39.94400011928057], [116.3522142828086, 39.94400011830123], [116.35174999655833, 39.94400013497877], [116.35128571033295, 39.944000149796906], [116.35082142413252, 39.944000162755664], [116.35035713804226, 39.94400016484932], [116.34989285189192, 39.944000174089304], [116.34972699367826, 39.94400017155818], [116.34970851614291, 39.94595179753682]]], [[[116.34432143210032, 39.94400010398013], [116.34385714627959, 39.944000089048124], [116.34339286048451, 39.94400007225673], [116.34292857480128, 39.94400004460025], [116.34246428905767, 39.94400002409008], [116.34200000333985, 39.94400000172052], [116.34200000027181, 39.94434353344824], [116.34199999726647, 39.94468705614998], [116.34200000585152, 39.94503058790353], [116.34200000271277, 39.945374119570396], [116.34199999955044, 39.945717651216974], [116.34199999839106, 39.945908302989814], [116.3445558207179, 39.945922780764434], [116.34712992100837, 39.94593730512289], [116.34714833407303, 39.944000170312336], [116.34710713568926, 39.9440001724706], [116.34664284971548, 39.94400016869485], [116.3461785637671, 39.944000163059734], [116.34571427792993, 39.94400014655952], [116.34525000373263, 39.94400013727169], [116.34478571786072, 39.944000126058455], [116.34457416826996, 39.94400011909792], [116.34432143210032, 39.94400010398013]]], [[[116.35481597615174, 39.94984001249854], [116.35499999805593, 39.9498400007659], [116.3549999949724, 39.94949646916858], [116.35500000356681, 39.949152937616056], [116.35500000035252, 39.94880941498385], [116.35499999719976, 39.94846588332564], [116.35500000572476, 39.94812235171224], [116.35499999550599, 39.947962717140136], [116.35483362150185, 39.947961791386405], [116.35481597615174, 39.94984001249854]]], [[[116.34451876402144, 39.949805430728404], [116.34709300981798, 39.949819957073466], [116.34733152548667, 39.94982130011224], [116.34734959580243, 39.94791990112161], [116.34711108673636, 39.94791855817279], [116.3445369122001, 39.94790403280062], [116.34451876402144, 39.949805430728404]]]]}}, {"type": "Feature", "id": "LU-012", "properties": {"id": "LU-012", "layer": "LAND_USE", "source_type": "agent_generated_design", "confidence": "medium", "geometry_role": "design_proposal", "land_use_code": "0901", "land_use_label_zh": "商业用地", "region": "A3 大钟寺", "note_zh": "设计建议（provisional 边界内），官方控规条件确认前不作为法定依据", "area_sqm": 102141.8}, "geometry": {"type": "MultiPolygon", "coordinates": [[[[116.34712992100837, 39.94593730512289], [116.3445558207179, 39.945922780764434], [116.3445369122001, 39.94790403280062], [116.34711108673636, 39.94791855817279], [116.34734959580243, 39.94791990112161], [116.3473684231952, 39.94593864797798], [116.34712992100837, 39.94593730512289]]], [[[116.3549999984681, 39.94598135750768], [116.35485223303523, 39.945980535319286], [116.35483362150185, 39.947961791386405], [116.35499999550599, 39.947962717140136], [116.35500000252578, 39.947778820013475], [116.35499999921917, 39.94743529730012], [116.3549999959741, 39.94709176556076], [116.35500000440656, 39.946748233866224], [116.35500000103072, 39.94640471109199], [116.35499999771638, 39.94606117929177], [116.3549999984681, 39.94598135750768]]], [[[116.34967175071297, 39.94983445146967], [116.35069096608369, 39.949840164383254], [116.35082142900232, 39.94984015650172], [116.35128570779584, 39.94984015260297], [116.35174999840058, 39.94984013790454], [116.3522142890302, 39.949840121346625], [116.35224158922665, 39.94984012078294], [116.3522594413946, 39.9479474374658], [116.34968975624649, 39.947933051598206], [116.34967175071297, 39.94983445146967]]]]}}, {"type": "Feature", "id": "LU-013", "properties": {"id": "LU-013", "layer": "LAND_USE", "source_type": "agent_generated_design", "confidence": "medium", "geometry_role": "design_proposal", "land_use_code": "0902", "land_use_label_zh": "商务金融用地", "region": "A3 大钟寺", "note_zh": "设计建议（provisional 边界内），官方控规条件确认前不作为法定依据", "area_sqm": 192141.4}, "geometry": {"type": "MultiPolygon", "coordinates": [[[[116.35227812717439, 39.945966182400426], [116.35485223303523, 39.945980535319286], [116.35487083587509, 39.944000008028624], [116.35453571426285, 39.94400002503414], [116.35407142788856, 39.94400005100863], [116.35360714162371, 39.944000066118015], [116.35314285529891, 39.944000088373706], [116.35267856899888, 39.94400010877002], [116.35229666783998, 39.94400011928057], [116.35227812717439, 39.945966182400426]]], [[[116.34712992100837, 39.94593730512289], [116.3473684231952, 39.94593864797798], [116.34738684219835, 39.944000180232095], [116.34714833407303, 39.944000170312336], [116.34712992100837, 39.94593730512289]]], [[[116.34200000652183, 39.94788966180106], [116.34200000032763, 39.94812235429653], [116.34199999697668, 39.94846588578082], [116.34200000538932, 39.94880940830557], [116.34200000199124, 39.94915293974931], [116.34199999856952, 39.94949647117278], [116.34199999503359, 39.9497911621062], [116.34451876402144, 39.949805430728404], [116.3445369122001, 39.94790403280062], [116.3445558207179, 39.945922780764434], [116.34199999839106, 39.945908302989814], [116.3419999964508, 39.94606117383758], [116.34200000494178, 39.94640470550999], [116.34200000170873, 39.946748237095726], [116.34199999845207, 39.947091768661174], [116.3419999952581, 39.947435291200634], [116.34200000365503, 39.947778822791925], [116.34200000652183, 39.94788966180106]]], [[[116.3522594413946, 39.9479474374658], [116.35224158922665, 39.94984012078294], [116.35267856798355, 39.949840102863874], [116.35314285857801, 39.94984009159272], [116.35360713758102, 39.94984006939114], [116.35407142830988, 39.949840045395355], [116.3545357189788, 39.94984002854578], [116.35481597615174, 39.94984001249854], [116.35483362150185, 39.947961791386405], [116.3522594413946, 39.9479474374658]]]]}}, {"type": "Feature", "id": "LU-014", "properties": {"id": "LU-014", "layer": "LAND_USE", "source_type": "agent_generated_design", "confidence": "medium", "geometry_role": "design_proposal", "land_use_code": "0904", "land_use_label_zh": "其他商业服务业用地", "region": "A3 大钟寺", "note_zh": "设计建议（provisional 边界内），官方控规条件确认前不作为法定依据", "area_sqm": 96715.6}, "geometry": {"type": "Polygon", "coordinates": [[[116.35485223303523, 39.945980535319286], [116.35227812717439, 39.945966182400426], [116.34970851614291, 39.94595179753682], [116.34968975624649, 39.947933051598206], [116.3522594413946, 39.9479474374658], [116.35483362150185, 39.947961791386405], [116.35485223303523, 39.945980535319286]]]}}, {"type": "Feature", "id": "LU-015", "properties": {"id": "LU-015", "layer": "LAND_USE", "source_type": "agent_generated_design", "confidence": "medium", "geometry_role": "design_proposal", "land_use_code": "0701", "land_use_label_zh": "城镇住宅用地", "region": "连接带", "note_zh": "设计建议（provisional 边界内），官方控规条件确认前不作为法定依据", "area_sqm": 2463202.6}, "geometry": {"type": "MultiPolygon", "coordinates": [[[[116.3546703738768, 40.02617578807877], [116.35528241608462, 40.02617919495978], [116.35528038662848, 40.02614215976207], [116.35527707640388, 40.02608189081312], [116.35467129042623, 40.02607851874728], [116.3546703738768, 40.02617578807877]]], [[[116.35467332699817, 40.025862384683826], [116.35526522982954, 40.02586567949086], [116.35526077105861, 40.02578431195808], [116.35524115558395, 40.02542647313595], [116.35522152857531, 40.02506863422492], [116.35520191354544, 40.024710786349765], [116.35518229861077, 40.02435294745648], [116.35517377196116, 40.024197257257306], [116.35516268385607, 40.02399510853946], [116.35514306936608, 40.02363726059313], [116.35512345497129, 40.023279421628665], [116.35510384075644, 40.02292158264049], [116.35508422680631, 40.022563734623006], [116.35506512164483, 40.02221531876194], [116.3547077077151, 40.022213329017454], [116.35472637186167, 40.02023209845673], [116.35472781562608, 40.02007883223306], [116.35400000857102, 40.0200747772583], [116.35400000389656, 40.02022805149159], [116.3540000024319, 40.020307701141036], [116.3540000091666, 40.02066346783474], [116.35400000416325, 40.02101923444139], [116.3540000108484, 40.021375001091556], [116.35400000571045, 40.02173077666025], [116.35400000063258, 40.02208654320156], [116.35400000176661, 40.022209385923915], [116.35400000724337, 40.02244230978642], [116.3540000020309, 40.022798085289814], [116.35400000859215, 40.02315385183113], [116.35400000341495, 40.02350961828539], [116.35399999821288, 40.02386538471786], [116.35399999886707, 40.024190719681044], [116.3546890417202, 40.02419455889147], [116.35467332699817, 40.025862384683826]]], [[[116.34947278515426, 39.970833326838864], [116.35004075621713, 39.970836512922176], [116.35004231113669, 39.97067234867699], [116.34947434143238, 39.97066916261208], [116.34947278515426, 39.970833326838864]]], [[[116.35261734235576, 39.97068675857829], [116.35263603284895, 39.96870551116769], [116.35006107596053, 39.96869110227189], [116.35004231113669, 39.97067234867699], [116.35261734235576, 39.97068675857829]]], [[[116.35007983892686, 39.96670985518021], [116.35009860003588, 39.96472860740195], [116.34953067951155, 39.964725422004], [116.34951190201082, 39.96670666955995], [116.34949312265117, 39.96868791642932], [116.35006107596053, 39.96869110227189], [116.35007983892686, 39.96670985518021]]], [[[116.3526734082851, 39.96474301428691], [116.35265472149202, 39.96672426307056], [116.35516099691752, 39.966738232133075], [116.35518575880837, 39.96642857632509], [116.35521431407689, 39.96607143414922], [116.35523874308687, 39.96576600933305], [116.35524288072722, 39.965714292007114], [116.35527143543617, 39.965357140762904], [116.35530000144225, 39.964999998558135], [116.35529999549334, 39.96475765196029], [116.35524821838406, 39.96475736398739], [116.35525456464828, 39.96408177566509], [116.35267977988875, 39.96406742630608], [116.3501049969789, 39.964053019763945], [116.35009860003588, 39.96472860740195], [116.3526734082851, 39.96474301428691]]], [[[116.35272945756678, 39.95879926381694], [116.35530000733922, 39.95881358806009], [116.3553000093523, 39.958589055439724], [116.35530000698364, 39.95823288870958], [116.35530001629266, 39.95787672202272], [116.35530001378974, 39.95752056425465], [116.35530001134661, 39.957164397459096], [116.35530001245117, 39.9570820270829], [116.35274578210168, 39.95706779410889], [116.35017126167749, 39.957053391118215], [116.35015487222118, 39.95878485994783], [116.35272945756678, 39.95879926381694]]], [[[116.34958700086221, 39.95878167521667], [116.34956822893704, 39.96076292483235], [116.34954945515355, 39.96274417376146], [116.35011735928782, 39.96274735893714], [116.35013611668283, 39.960766109785766], [116.35015487222118, 39.95878485994783], [116.34958700086221, 39.95878167521667]]], [[[116.35010704346391, 39.9638368835756], [116.35268181826729, 39.96385129000807], [116.35525659492032, 39.963865639257854], [116.35526682901867, 39.962776113515886], [116.35269209322847, 39.962761764816754], [116.35011735928782, 39.96274735893714], [116.35010704346391, 39.9638368835756]]], [[[116.35400001046952, 40.01888462533881], [116.35400000559035, 40.019240392054286], [116.35400001239935, 40.01959615881331], [116.35400000875032, 40.01985863163733], [116.3547298515874, 40.01986269794273], [116.35474503416017, 40.0182508672093], [116.35400000525692, 40.01824671638406], [116.35400000369589, 40.018528849530654], [116.35400001046952, 40.01888462533881]]], [[[116.34966206998396, 39.95085666988854], [116.35022987581179, 39.9508598537308], [116.35023750303598, 39.950053771914824], [116.34966970387207, 39.95005058816297], [116.34966206998396, 39.95085666988854]]], [[[116.35021112769816, 39.952841106314835], [116.35278549020629, 39.95285550716863], [116.35280416405548, 39.950874253579585], [116.35022987581179, 39.9508598537308], [116.35021112769816, 39.952841106314835]]], [[[116.34964330548996, 39.952837922250374], [116.34962453913847, 39.95481917392568], [116.34960577092929, 39.95680042491445], [116.35017362590305, 39.95680360942336], [116.35019237772863, 39.95482235821236], [116.35021112769816, 39.952841106314835], [116.34964330548996, 39.952837922250374]]], [[[116.35017330744694, 39.95683725466528], [116.35274781976747, 39.956851657546295], [116.3553000175721, 39.9568658791531], [116.3553000159399, 39.95684860531935], [116.3553000175532, 39.95683223212011], [116.35274813696215, 39.956818012287314], [116.35017362590305, 39.95680360942336], [116.35017330744694, 39.95683725466528]]], [[[116.35360714162371, 39.944000066118015], [116.35407142788856, 39.94400005100863], [116.35453571426285, 39.94400002503414], [116.3550000006618, 39.94399999720028], [116.35500000411461, 39.944343529122236], [116.3549999958441, 39.944687060958806], [116.35499999656629, 39.94494241328478], [116.35499999925075, 39.945030592840176], [116.35500000271891, 39.94537411569555], [116.35500000607941, 39.94571764753634], [116.35499999771638, 39.94606117929177], [116.35500000103072, 39.94640471109199], [116.35500000440656, 39.946748233866224], [116.35500000570767, 39.94692377333624], [116.35530001029399, 39.94692544203564], [116.3553000108576, 39.94683563240725], [116.35530001937109, 39.94647946502247], [116.35530001615916, 39.94612329755081], [116.35530001292244, 39.94576713005734], [116.35530000957642, 39.94541097154777], [116.35530000629015, 39.9450548040107], [116.35530001589902, 39.94494408204601], [116.35530001467939, 39.94469863651687], [116.35530001125896, 39.94434247794189], [116.3553000078983, 39.94398631033937], [116.35530000451286, 39.943630142715044], [116.35530001271813, 39.943273984139715], [116.35530001243202, 39.94308203529262], [116.35287771696335, 39.94306854003269], [116.3503037212339, 39.943054144142785], [116.35029477298698, 39.944000166611644], [116.35035713804226, 39.94400016484932], [116.35082142413252, 39.944000162755664], [116.35128571033295, 39.944000149796906], [116.35174999655833, 39.94400013497877], [116.3522142828086, 39.94400011830123], [116.35267856899888, 39.94400010877002], [116.35286894042756, 39.94400009981022], [116.35314285529891, 39.944000088373706], [116.35360714162371, 39.944000066118015]]], [[[116.35484375482756, 39.939000026703596], [116.35438750497251, 39.93900005371417], [116.35393124344196, 39.93900007886401], [116.35347499363458, 39.93900010228348], [116.3530187438511, 39.93900012390743], [116.35291604203647, 39.93900012714499], [116.35289750558087, 39.94096797533789], [116.3528797532045, 39.94285240294097], [116.35530000526013, 39.942865886777504], [116.35530000582322, 39.942561648782025], [116.35530000225408, 39.9422054900762], [116.35530001044447, 39.94184932240791], [116.35530000691023, 39.94149315465275], [116.35530000335122, 39.94113698687577], [116.3553000014052, 39.94098135991187], [116.35529999968288, 39.94078082808271], [116.35530000777386, 39.940424660327174], [116.35530000414047, 39.94006849248478], [116.35530000039778, 39.9397123336263], [116.35529999671482, 39.93935616574027], [116.35530000470638, 39.938999997897504], [116.35484375482756, 39.939000026703596]]], [[[116.3522853225984, 40.00584906692271], [116.35229932069993, 40.00436785951093], [116.34972302473376, 40.0043534325072], [116.3497089709629, 40.00583463916648], [116.3522853225984, 40.00584906692271]]], [[[116.35408759908312, 40.004377840017995], [116.3540840924787, 40.00431375113838], [116.35406448779379, 40.00395591089322], [116.35404488328854, 40.003598070624314], [116.3540252790478, 40.003240221326095], [116.35400566319166, 40.00288238094452], [116.35398605922542, 40.00252454060449], [116.35397901563869, 40.00239589431239], [116.35231804267701, 40.00238662377268], [116.35229932069993, 40.00436785951093], [116.35408759908312, 40.004377840017995]]], [[[116.34939919796184, 39.978594140477], [116.34938040744433, 39.980575383226636], [116.34994845914771, 39.980578570403324], [116.34996723326218, 39.9785973274313], [116.34997239786574, 39.97805226935796], [116.34940436707777, 39.978049082464835], [116.34939919796184, 39.978594140477]]], [[[116.34992968317451, 39.982559812688706], [116.3525051605319, 39.98257422862428], [116.35249642106527, 39.983500018350654], [116.3525416705272, 39.98350001895105], [116.3529999956948, 39.98350000249315], [116.3529999985992, 39.98385714032153], [116.35300000139364, 39.98421428713365], [116.35299999890631, 39.98455833899346], [116.35373514376748, 39.98456244029259], [116.35375727943698, 39.98428572452245], [116.35378586252722, 39.98392858397874], [116.35381443358796, 39.983571443338406], [116.35384301603307, 39.983214302732], [116.35387158644886, 39.98285716202898], [116.35389361285061, 39.98258197658169], [116.35390016833375, 39.98250001235423], [116.35392873810459, 39.982142871588515], [116.3539573192596, 39.98178573085673], [116.35398588838555, 39.981428590028315], [116.35401446889557, 39.98107144923383], [116.35404303746147, 39.980714299337095], [116.35405206031037, 39.98060151184166], [116.35407161732651, 39.98035715847991], [116.35410018516275, 39.98000001752614], [116.35412876438284, 39.979642876606256], [116.35415733157429, 39.97928573558981], [116.35418591014948, 39.97892859460723], [116.35421050956124, 39.97862104620301], [116.35254256187734, 39.978611741355216], [116.3525238621303, 39.98059298533304], [116.34994845914771, 39.980578570403324], [116.34992968317451, 39.982559812688706]]], [[[116.34936161506646, 39.98255662528963], [116.34935266522588, 39.98350011953562], [116.34979166124096, 39.983500106327], [116.34992077153252, 39.983500101031446], [116.34992968317451, 39.982559812688706], [116.34936161506646, 39.98255662528963]]], [[[116.34974182116666, 40.00237219777543], [116.34976061573855, 40.00039096235694], [116.34919239991524, 40.00038777295572], [116.34917358892243, 40.0023690081517], [116.34974182116666, 40.00237219777543]]], [[[116.35233676280046, 40.000405387347755], [116.35387043770511, 40.00041394787941], [116.35386843937006, 40.00037748005515], [116.3538488367461, 40.00001963054353], [116.35382923421685, 39.99966179001381], [116.3538096318672, 39.99930394946038], [116.35379701276109, 39.999073656179384], [116.35234942123344, 39.99906557582621], [116.34977332451312, 39.99905115151595], [116.34976061573855, 40.00039096235694], [116.35233676280046, 40.000405387347755]]], [[[116.34977537458022, 39.998835016650816], [116.35235146317987, 39.9988494408513], [116.35378516267421, 39.99885744371033], [116.35377041608213, 39.9985882592115], [116.3537618652815, 39.998432000719085], [116.35235548107049, 39.99842415023617], [116.34977940844966, 39.9984097262517], [116.34977537458022, 39.998835016650816]]], [[[116.34979819930018, 39.99642848945976], [116.3498169882903, 39.9944472519811], [116.35239291205106, 39.99446167395299], [116.3523741974873, 39.99644291243791], [116.35365328665787, 39.99645005276614], [116.35365280808062, 39.99644119709728], [116.35363320743211, 39.99608334732484], [116.35361360687826, 39.99572550653433], [116.353593994795, 39.995367665654804], [116.35357439468521, 39.995009815811244], [116.35355479467, 39.994651974949605], [116.35354472525184, 39.99446810415121], [116.35353519483434, 39.99429413406426], [116.35351559526312, 39.99393628414957], [116.35349599578647, 39.99357844321681], [116.35347639648937, 39.99322060226034], [116.35345679745667, 39.992862752274526], [116.35343719851856, 39.99250491127066], [116.35343616935313, 39.992486154809], [116.35341759984486, 39.992147061237425], [116.35341345302413, 39.99207151286263], [116.35299999633831, 39.99206920555071], [116.35299999876614, 39.99207143007348], [116.35300000098498, 39.99242857638112], [116.35299999584551, 39.99248372076158], [116.35300000326376, 39.992785713661206], [116.35300000543256, 39.99314285992497], [116.35299999595273, 39.993499997095824], [116.35254166240286, 39.993500022353665], [116.35240199500709, 39.99350002557303], [116.35208332896218, 39.99350003679332], [116.35162499546058, 39.99350005842605], [116.35116666206841, 39.99350006924058], [116.35070832861526, 39.993500087248194], [116.35024999527172, 39.99350009443759], [116.34982596988061, 39.993500103150566], [116.34979166186717, 39.993500108820086], [116.34933332857244, 39.99350011238437], [116.34925778073, 39.993500120526384], [116.34924882172004, 39.99444406324738], [116.34923001631385, 39.99642530050355], [116.34979819930018, 39.99642848945976]]], [[[116.35333919498208, 39.99071568781905], [116.35332761896082, 39.99050420473959], [116.35331959712096, 39.990357846672936], [116.3532999995242, 39.98999999649747], [116.35332858777642, 39.98964285645537], [116.35335716399808, 39.98928571631661], [116.35338575160496, 39.98892857621181], [116.35341432718137, 39.98857143601035], [116.35341817584467, 39.98852336482242], [116.35299999891731, 39.988521031227634], [116.35300000074672, 39.98885714847094], [116.35300000327577, 39.98921428597033], [116.35300000569484, 39.98957143245347], [116.35299999646588, 39.98992856984365], [116.35299999883486, 39.990285716282884], [116.35300000362082, 39.99050237636482], [116.35300000117884, 39.990642862700206], [116.35300000358275, 39.99100000008994], [116.3530000058767, 39.99135714646338], [116.3529999965223, 39.9917142837439], [116.35299999848365, 39.991853058913776], [116.35340161676899, 39.99185530017859], [116.35339800126575, 39.99178922018612], [116.35337839115789, 39.99143137904581], [116.35335879302272, 39.991073528941456], [116.35333919498208, 39.99071568781905]]], [[[116.34945555835428, 39.97265040810825], [116.34943677341663, 39.9746316529178], [116.35000477591568, 39.97463483942737], [116.35002354445514, 39.972653594395474], [116.35003870901626, 39.97105264884589], [116.34947073616476, 39.97104946273833], [116.34945555835428, 39.97265040810825]]], [[[116.34998600551809, 39.97661608377264], [116.3525612597732, 39.97663049669082], [116.35257995581806, 39.97464925133987], [116.35000477591568, 39.97463483942737], [116.34998600551809, 39.97661608377264]]], [[[116.3494179866192, 39.97661289704071], [116.34940641678403, 39.977832946830006], [116.34997444578273, 39.97783613369887], [116.34998600551809, 39.97661608377264], [116.3494179866192, 39.97661289704071]]], [[[116.34970422643966, 40.00633466655221], [116.35228059686902, 40.006349094562495], [116.35228327993757, 40.006065201632964], [116.34970692017856, 40.00605077376692], [116.34970422643966, 40.00633466655221]]], [[[116.35030576557303, 39.942838007160674], [116.3503235885492, 39.940953580513195], [116.34975586459876, 39.94095039778178], [116.34973802605052, 39.94283482421798], [116.35030576557303, 39.942838007160674]]], [[[116.34515779588187, 39.94280904417938], [116.34739803927675, 39.94282167610289], [116.34741594200645, 39.94093725053947], [116.34743434263527, 39.93900023101705], [116.3470874990302, 39.93900022361489], [116.34663124958568, 39.93900022010154], [116.34617500016567, 39.93900021479268], [116.34571875077022, 39.939000207688295], [116.34526250139936, 39.93900019878839], [116.34519410375192, 39.939000199774625], [116.34480625205312, 39.93900018809297], [116.34435000273157, 39.93900017560204], [116.34389375343474, 39.93900016131557], [116.34343749254944, 39.93900013616163], [116.34298124330222, 39.939000118284085], [116.34262012591182, 39.93900010668808], [116.34252499407984, 39.93900009861103], [116.34206874488234, 39.939000077142445], [116.34161249570975, 39.93900005387836], [116.34115624656212, 39.93900002881875], [116.34069999743949, 39.93900000196361], [116.34069000218346, 39.939360003500106], [116.34068001849616, 39.939720005079145], [116.34067002297884, 39.94008000656768], [116.34066002733081, 39.94044000803221], [116.34065003155213, 39.94080000947277], [116.3406472800108, 39.94089895378597], [116.34260184861142, 39.94091005322068], [116.34517576005712, 39.94092461945448], [116.34515779588187, 39.94280904417938]]], [[[116.34566666647892, 39.98350011965175], [116.3461250030722, 39.983500121440514], [116.34658332789746, 39.98350013035645], [116.34701116652845, 39.98350012782372], [116.34702027400083, 39.98254345876611], [116.34477873404396, 39.98253080915688], [116.34476947478518, 39.98350009468219], [116.34520832999637, 39.98350010704488], [116.34566666647892, 39.98350011965175]]], [[[116.34710713568926, 39.9440001724706], [116.34738684219835, 39.944000180232095], [116.34739598578972, 39.94303781296066], [116.34515573534688, 39.94302518094097], [116.34514644034034, 39.944000137748155], [116.34525000373263, 39.94400013727169], [116.34571427792993, 39.94400014655952], [116.3461785637671, 39.944000163059734], [116.34664284971548, 39.94400016869485], [116.34710713568926, 39.9440001724706]]], [[[116.34713340594574, 39.970656001599835], [116.34489225427909, 39.9706433572855], [116.34489068704097, 39.97080752136307], [116.34713184406827, 39.9708201657505], [116.34713340594574, 39.970656001599835]]], [[[116.34712978770666, 39.97103630154979], [116.34488862362154, 39.971023657066105], [116.34487333892217, 39.9726246009809], [116.34485442169265, 39.974605843989586], [116.34709570276374, 39.97461849006867], [116.34711455528786, 39.972637246177584], [116.34712978770666, 39.97103630154979]]], [[[116.34707684837318, 39.97659973327306], [116.34483550259023, 39.97658708631151], [116.34482385127515, 39.97780713499171], [116.34706523691082, 39.9778197824967], [116.34707684837318, 39.97659973327306]]], [[[116.34482178713395, 39.978023270430064], [116.34481658161481, 39.978568327946704], [116.3447976587661, 39.98054956889517], [116.34703913399191, 39.980562217621795], [116.34705799211598, 39.97858097579078], [116.34706317982989, 39.97803591803133], [116.34482178713395, 39.978023270430064]]], [[[116.34455420625203, 40.00602174623208], [116.34455149117252, 40.00630563872718], [116.34679380840204, 40.00631829893165], [116.34679651419476, 40.00603440630998], [116.34455420625203, 40.00602174623208]]], [[[116.34126308376469, 39.99922990267178], [116.34128607799286, 39.9995862244311], [116.34130907243477, 39.99994254616599], [116.34133206709043, 40.00029886787639], [116.34133492996567, 40.00034338325652], [116.34135506195986, 40.000655189562366], [116.34137805704304, 40.001011511223865], [116.34140105242652, 40.001367823855325], [116.34142403622728, 40.00172414540139], [116.34144703195172, 40.002080466989526], [116.34146284151728, 40.002325450449895], [116.34147002788993, 40.00243678855322], [116.34149302404192, 40.00279311009245], [116.34151602040774, 40.003149431607234], [116.34153901698734, 40.00350575309755], [116.34156201378077, 40.00386207456341], [116.34158501078801, 40.00421839600482], [116.34159077139432, 40.004307516953055], [116.34199414803196, 40.004309807911255], [116.34201316783108, 40.00232857622292], [116.34458938373633, 40.00234317400042], [116.34460832720451, 40.000361940606766], [116.3420321857471, 40.00034734384766], [116.3420450455456, 39.99900753506458], [116.34124843658671, 39.999003009905536], [116.34126308376469, 39.99922990267178]]], [[[116.34457043839241, 40.004324406707234], [116.34455627328332, 40.005805611852544], [116.34679857415587, 40.0058182718341], [116.3468126908139, 40.004337066028484], [116.34683157135628, 40.00235583243852], [116.34458938373633, 40.00234317400042], [116.34457043839241, 40.004324406707234]]], [[[116.340050151148, 39.962400025586206], [116.34004208049338, 39.96269043703194], [116.3423931686366, 39.962703798216594], [116.34241214893405, 39.960722552105], [116.34498680298137, 39.96073712850809], [116.34500570710681, 39.958755880692564], [116.34243112735273, 39.958741305306674], [116.34015215773208, 39.958728355737776], [116.34015015801664, 39.958800033367936], [116.34014015556933, 39.959160033584986], [116.34013016469393, 39.95952003384464], [116.34012016207153, 39.95988002500803], [116.34011015923171, 39.96024002515309], [116.34010015626103, 39.96060002527417], [116.34009711524237, 39.960709396714826], [116.34009015315952, 39.960960025371236], [116.34008014992712, 39.9613200254443], [116.34007015826701, 39.961680025560014], [116.34006015477294, 39.962040025585125], [116.340050151148, 39.962400025586206]]], [[[116.34496789698453, 39.96271837563694], [116.34495749943552, 39.963807899163136], [116.3471984279344, 39.963820540433645], [116.3472087899191, 39.96273101642234], [116.34722763124893, 39.96074976841139], [116.34498680298137, 39.96073712850809], [116.34496789698453, 39.96271837563694]]], [[[116.34089520509116, 39.993528760202565], [116.34091819590031, 39.99388508235313], [116.3409411869231, 39.99424140447925], [116.3409512349902, 39.994397177136506], [116.34208922819857, 39.99440364260052], [116.3420978990689, 39.99350000134621], [116.34199999843896, 39.99350000395576], [116.34199999505135, 39.99314285784419], [116.34200000334674, 39.992785711777174], [116.3419999998218, 39.99242857462738], [116.34200000635475, 39.9924217930665], [116.340823349888, 39.99241510691666], [116.34082623394555, 39.99245979360417], [116.34084922411378, 39.992816115828084], [116.34087221449568, 39.993172438027564], [116.34089520509116, 39.993528760202565]]], [[[116.34207021593063, 39.996384877036455], [116.34464620851448, 39.99639947175892], [116.34466514635668, 39.99441823630475], [116.34208922819857, 39.99440364260052], [116.34207021593063, 39.996384877036455]]], [[[116.34107912670318, 39.9963792465998], [116.34107913763324, 39.99637932771685], [116.3411021301517, 39.99673564967179], [116.34112512288384, 39.997091971602295], [116.34114811582972, 39.99744829350835], [116.34117110898927, 39.99780461538993], [116.34119410236254, 39.99816093724708], [116.34120702502797, 39.99836131530648], [116.34121709594955, 39.99851725907977], [116.34123448327438, 39.99878678429073], [116.34204711997454, 39.99879140053142], [116.34205120178022, 39.99836611078551], [116.34207021593063, 39.996384877036455], [116.34107912670318, 39.9963792465998]]], [[[116.34462726879717, 39.99838070652626], [116.34686932683319, 39.99839336319818], [116.34688820176818, 39.996412127547806], [116.34464620851448, 39.99639947175892], [116.34462726879717, 39.99838070652626]]], [[[116.34690707483446, 39.99443089121069], [116.34691594049852, 39.99350013315926], [116.3465833290625, 39.99350012272328], [116.34612499585407, 39.99350012260529], [116.34566666275626, 39.99350011166912], [116.34520832959727, 39.99350010792601], [116.34474999654907, 39.993500093364716], [116.3446739218613, 39.99350009553994], [116.34466514635668, 39.99441823630475], [116.34690707483446, 39.99443089121069]]], [[[116.34246907855467, 39.954778809649895], [116.34504350974433, 39.95479338300159], [116.34506240825685, 39.95281213312612], [116.34248805133835, 39.95279756079145], [116.34246907855467, 39.954778809649895]]], [[[116.34502460936105, 39.95677463219041], [116.3472653083138, 39.956787270329635], [116.34728414404924, 39.95480602025885], [116.34504350974433, 39.95479338300159], [116.34502460936105, 39.95677463219041]]], [[[116.34235520240466, 39.966666288379585], [116.34493007937583, 39.96668086783461], [116.34494898911608, 39.96469962207912], [116.3423741864602, 39.96468504364146], [116.34235520240466, 39.966666288379585]]], [[[116.34491116776357, 39.96866211290341], [116.3471522547376, 39.96867475633543], [116.34717110166363, 39.96669351038437], [116.34493007937583, 39.96668086783461], [116.34491116776357, 39.96866211290341]]], [[[116.34718994672407, 39.96471226374666], [116.34719637229186, 39.964036676497564], [116.34495543673762, 39.96402403513082], [116.34494898911608, 39.96469962207912], [116.34718994672407, 39.96471226374666]]], [[[116.34436191575085, 40.02611792114726], [116.34435825716758, 40.026500081388676], [116.34456666409095, 40.02650008959436], [116.34503333628757, 40.02650010751553], [116.34549999688184, 40.02650011448548], [116.34596666912996, 40.026500128647704], [116.34643332968959, 40.02650014086438], [116.34660135563207, 40.026500142799506], [116.34660488141333, 40.02613059018664], [116.34660580941603, 40.02603332100993], [116.34436284693865, 40.026020652013955], [116.34267614243545, 40.026011096345684], [116.3426791768102, 40.026073318378096], [116.34268089020769, 40.026108397674065], [116.34436191575085, 40.02611792114726]]], [[[116.34250702224412, 39.95081631124632], [116.34508130489877, 39.950830882564034], [116.34508899254813, 39.95002480157066], [116.34251474010594, 39.950010230666685], [116.34250702224412, 39.95081631124632]]], [[[116.34300000155002, 40.02350961847448], [116.34300000529724, 40.02315385214861], [116.34300000910557, 40.0227980767954], [116.34300000108874, 40.0224423103596], [116.34300000537999, 40.022147542021926], [116.3424874947862, 40.022144635137664], [116.34248943420059, 40.02218421877227], [116.34250697356178, 40.02254386723521], [116.34252452479501, 40.022903515741206], [116.34254207618679, 40.0232631642238], [116.34255961602342, 40.02362281261651], [116.34257716773227, 40.02398246105228], [116.34258419594686, 40.02412651679456], [116.34259470788587, 40.02434210939817], [116.34261225991182, 40.02470175778711], [116.34262981209632, 40.025061406152645], [116.3426473527254, 40.02542105442832], [116.34266490522704, 40.02578070274702], [116.34266560079092, 40.02579489122945], [116.34300000266975, 40.02579678769204], [116.34300000179135, 40.02564423411657], [116.34300000577646, 40.02528845891573], [116.34299999793599, 40.024932692632284], [116.34300000178423, 40.024576926393465], [116.34300000560718, 40.0242211601329], [116.34300000056008, 40.02412887503141], [116.34299999777753, 40.023865384778574], [116.34300000155002, 40.02350961847448]]], [[[116.34238415450771, 40.02002632723709], [116.34239081015224, 40.020162752836306], [116.34300000941708, 40.02016620833741], [116.34300000356433, 40.02001293410189], [116.34238333271065, 40.02000943620373], [116.34238415450771, 40.02002632723709]]], [[[116.34300000996915, 40.0192403939116], [116.34300001349969, 40.01888461831899], [116.34300000520578, 40.01852885164376], [116.3430000126714, 40.018184873977816], [116.34229413033033, 40.018180869824064], [116.34229642969277, 40.01822808366948], [116.342313979024, 40.01858773245641], [116.3423315168008, 40.01894738115347], [116.34234906644895, 40.019307029893575], [116.34236660454259, 40.01966667854379], [116.34237278094254, 40.01979323078618], [116.3430000033119, 40.01979678855888], [116.3430000064997, 40.01959616047689], [116.34300000996915, 40.0192403939116]]], [[[116.34205081434187, 40.01319298952137], [116.34206836145488, 40.013552638636035], [116.34208590872632, 40.01391228772727], [116.34210077340754, 40.01421710160055], [116.34300000511979, 40.014222203167115], [116.34300001247621, 40.01390385653264], [116.34300000391605, 40.013548080547146], [116.3430000069563, 40.013192313611874], [116.3430000051904, 40.01301293961211], [116.3420417731193, 40.013007503117386], [116.34205081434187, 40.01319298952137]]], [[[116.34203122320581, 40.01279129742585], [116.34300000463641, 40.01279679380893], [116.34300000133555, 40.01248077060404], [116.34300000602643, 40.01224086678244], [116.34200410801749, 40.01223521645582], [116.34201573230297, 40.01247369128834], [116.34203122320581, 40.01279129742585]]], [[[116.3400447068216, 39.98034484152282], [116.34005617804227, 39.98052266971178], [116.34222226138182, 39.98053498231698], [116.34224125859734, 39.97855374238629], [116.34224648457416, 39.978008685149625], [116.33989317473922, 39.97799530709434], [116.33990682555685, 39.978206902745725], [116.33992833918605, 39.97854059419703], [116.33992980718523, 39.97856322594744], [116.33995278902697, 39.97891954912474], [116.33997577108212, 39.9792758722776], [116.33999875335064, 39.97963219540599], [116.34002172412632, 39.9799885184433], [116.3400447068216, 39.98034484152282]]], [[[116.33972001669916, 39.97428000348942], [116.33971176535944, 39.97457666354321], [116.33971000862309, 39.9746400026747], [116.33970000041599, 39.97500000183598], [116.33972298012422, 39.97535632525768], [116.33974596004578, 39.97571264865492], [116.33976894018063, 39.97606897202774], [116.33979192052887, 39.97642529537611], [116.33980050693219, 39.976558517926016], [116.33981490109042, 39.97678161870004], [116.33983788195196, 39.97713793299389], [116.33986086294023, 39.97749425626895], [116.33987922906692, 39.97777908060488], [116.34224855682744, 39.97779254982229], [116.34226025393222, 39.97657250176881], [116.34227924738668, 39.974591260464514], [116.34229823896096, 39.97261001847343], [116.3397668238915, 39.97259562758563], [116.33976003598877, 39.972840006441665], [116.33975002843651, 39.973200005722916], [116.33974002075328, 39.973560004980186], [116.33973002464428, 39.97392000428014], [116.33972001669916, 39.97428000348942]]], [[[116.34197512634951, 40.006291038912686], [116.34171411727638, 40.006289556623976], [116.34171754297738, 40.00635965242777], [116.34173507537068, 40.00671930192062], [116.34175261963308, 40.007078951456585], [116.34177016405384, 40.007438600969145], [116.34178769692193, 40.007798250391794], [116.34180524165933, 40.00815789985755], [116.34181077995238, 40.00827144396751], [116.34182277484398, 40.008517549233375], [116.34184031989807, 40.008877198652314], [116.3418578651105, 40.00923684804785], [116.34187539877003, 40.00959649735346], [116.34189294429918, 40.00995614670218], [116.34190743572498, 40.01025333053379], [116.34193707733382, 40.01025349885472], [116.34195610278353, 40.00827226922717], [116.34197512634951, 40.006291038912686]]], [[[116.34200000306093, 39.988142855340186], [116.34199999920517, 39.98778571790532], [116.34200000711793, 39.987428571509355], [116.34200000321128, 39.98707143403062], [116.3419999993656, 39.98671428752435], [116.34199999733465, 39.98647775991051], [116.34043973423557, 39.98646889171808], [116.34045843192243, 39.98675864376877], [116.34048141867358, 39.98711496638385], [116.34050440563823, 39.98747128897448], [116.34052739281643, 39.987827611540666], [116.34055038020817, 39.988183934082414], [116.34056759951176, 39.98845096420741], [116.34057336781346, 39.98854025659971], [116.34059635563227, 39.98889657909256], [116.34061934375127, 39.989252892555335], [116.34064233199722, 39.9896092149993], [116.34066532045676, 39.9899655374188], [116.34068830912985, 39.99032185981386], [116.34069547139555, 39.99043303594028], [116.34200000413165, 39.990440449356086], [116.34200000189976, 39.9902857153785], [116.34199999828311, 39.989928569069576], [116.34200000626252, 39.9895714318108], [116.34200000259493, 39.98921428545803], [116.34199999881555, 39.98885714808895], [116.34200000680482, 39.98850000175876], [116.34200000112493, 39.98845910497075], [116.34200000306093, 39.988142855340186]]], [[[116.3404901048049, 39.94656002038647], [116.34048227098177, 39.94684209428585], [116.3420000027633, 39.94685071838248], [116.34200000170873, 39.946748237095726], [116.34200000494178, 39.94640470550999], [116.3419999964508, 39.94606117383758], [116.34199999955044, 39.945717651216974], [116.34200000271277, 39.945374119570396], [116.34200000585152, 39.94503058790353], [116.34200000592205, 39.94486935928386], [116.34053728574946, 39.944861048223345], [116.34053009550033, 39.94512001601563], [116.34052009802257, 39.94548001714432], [116.34051010041408, 39.94584001824903], [116.34050010267485, 39.946200019329744], [116.3404901048049, 39.94656002038647]]]]}}, {"type": "Feature", "id": "LU-016", "properties": {"id": "LU-016", "layer": "LAND_USE", "source_type": "agent_generated_design", "confidence": "medium", "geometry_role": "design_proposal", "land_use_code": "0702", "land_use_label_zh": "城镇社区服务设施用地", "region": "连接带", "note_zh": "设计建议（provisional 边界内），官方控规条件确认前不作为法定依据", "area_sqm": 734642.2}, "geometry": {"type": "MultiPolygon", "coordinates": [[[[116.34728414404924, 39.95480602025885], [116.34730297792035, 39.952824769501504], [116.34506240825685, 39.95281213312612], [116.34504350974433, 39.95479338300159], [116.34728414404924, 39.95480602025885]]], [[[116.34246907855467, 39.954778809649895], [116.34245010389286, 39.95676005782163], [116.34502460936105, 39.95677463219041], [116.34504350974433, 39.95479338300159], [116.34246907855467, 39.954778809649895]]], [[[116.34724647071376, 39.95876851971381], [116.34500570710681, 39.958755880692564], [116.34498680298137, 39.96073712850809], [116.34722763124893, 39.96074976841139], [116.34724647071376, 39.95876851971381]]], [[[116.34953913031664, 39.96383369827768], [116.35010704346391, 39.9638368835756], [116.35011735928782, 39.96274735893714], [116.34954945515355, 39.96274417376146], [116.34953913031664, 39.96383369827768]]], [[[116.34953708204362, 39.96404983444178], [116.34953067951155, 39.964725422004], [116.35009860003588, 39.96472860740195], [116.3501049969789, 39.964053019763945], [116.34953708204362, 39.96404983444178]]], [[[116.34718994672407, 39.96471226374666], [116.34494898911608, 39.96469962207912], [116.34493007937583, 39.96668086783461], [116.34717110166363, 39.96669351038437], [116.34718994672407, 39.96471226374666]]], [[[116.34231565525788, 39.97079293978884], [116.34489068704097, 39.97080752136307], [116.34489225427909, 39.9706433572855], [116.34231722865526, 39.970628775795596], [116.34231565525788, 39.97079293978884]]], [[[116.34488862362154, 39.971023657066105], [116.34231358372924, 39.97100907538086], [116.34229823896096, 39.97261001847343], [116.34487333892217, 39.9726246009809], [116.34488862362154, 39.971023657066105]]], [[[116.34337499584971, 39.983500056570236], [116.34383333223263, 39.98350007642694], [116.34429166872667, 39.98350008546557], [116.34474999345262, 39.983500101631165], [116.34476947478518, 39.98350009468219], [116.34477873404396, 39.98253080915688], [116.34220326228548, 39.98251622156086], [116.34219382758532, 39.98350000565221], [116.34245833477955, 39.98350002049139], [116.3429166711124, 39.983500043973024], [116.34337499584971, 39.983500056570236]]], [[[116.341686399586, 40.00578934530705], [116.341979927254, 40.005791012295106], [116.34199414803196, 40.004309807911255], [116.34159077139432, 40.004307516953055], [116.34160800800906, 40.004574717421775], [116.34163100544394, 40.00493103881427], [116.34165400309266, 40.0052873601823], [116.34167700095522, 40.00564368152588], [116.341686399586, 40.00578934530705]]], [[[116.34914071001722, 40.00583144915381], [116.3497089709629, 40.00583463916648], [116.34972302473376, 40.0043534325072], [116.34915477606695, 40.00435024266092], [116.34914071001722, 40.00583144915381]]], [[[116.34171411727638, 40.006289556623976], [116.34197512634951, 40.006291038912686], [116.34197785209929, 40.00600714656352], [116.341700273473, 40.00600557016456], [116.34171411727638, 40.006289556623976]]], [[[116.3491386574411, 40.00604758372999], [116.34913596134867, 40.00633147648338], [116.34970422643966, 40.00633466655221], [116.34970692017856, 40.00605077376692], [116.3491386574411, 40.00604758372999]]], [[[116.34300000385699, 40.009278848671435], [116.34300000659428, 40.008923081475], [116.34299999768152, 40.0085673051848], [116.34300000549194, 40.00827819198802], [116.34195610278353, 40.00827226922717], [116.34193707733382, 40.01025349885472], [116.34300000615045, 40.010259529722745], [116.34299999822028, 40.009990392004624], [116.34300000109444, 40.00963461584612], [116.34300000385699, 40.009278848671435]]], [[[116.3503235885492, 39.940953580513195], [116.35030576557303, 39.942838007160674], [116.3528797532045, 39.94285240294097], [116.35289750558087, 39.94096797533789], [116.3503235885492, 39.940953580513195]]], [[[116.35019237772863, 39.95482235821236], [116.35017362590305, 39.95680360942336], [116.35274813696215, 39.956818012287314], [116.35276681450858, 39.95483676007121], [116.35019237772863, 39.95482235821236]]], [[[116.35013611668283, 39.960766109785766], [116.35011735928782, 39.96274735893714], [116.35269209322847, 39.962761764816754], [116.3527107763223, 39.9607805146601], [116.35013611668283, 39.960766109785766]]], [[[116.35007983892686, 39.96670985518021], [116.35006107596053, 39.96869110227189], [116.35263603284895, 39.96870551116769], [116.35265472149202, 39.96672426307056], [116.35007983892686, 39.96670985518021]]], [[[116.3549572581628, 39.969285721349415], [116.35498581600831, 39.96892857942418], [116.35500260713079, 39.968718703553755], [116.35263603284895, 39.96870551116769], [116.35261734235576, 39.97068675857829], [116.35484420743686, 39.970699174010896], [116.3548715591996, 39.97035715581248], [116.3549001297162, 39.97000001404639], [116.35492868820602, 39.96964287218384], [116.3549572581628, 39.969285721349415]]], [[[116.35261579359546, 39.9708509229068], [116.35261734235576, 39.97068675857829], [116.35004231113669, 39.97067234867699], [116.35004075621713, 39.970836512922176], [116.35261579359546, 39.9708509229068]]], [[[116.35003870901626, 39.97105264884589], [116.35002354445514, 39.972653594395474], [116.35259865001218, 39.97266800530235], [116.35261375450389, 39.971067058940214], [116.35003870901626, 39.97105264884589]]], [[[116.35239291205106, 39.99446167395299], [116.3498169882903, 39.9944472519811], [116.34979819930018, 39.99642848945976], [116.3523741974873, 39.99644291243791], [116.35239291205106, 39.99446167395299]]], [[[116.34974182116666, 40.00237219777543], [116.35231804267701, 40.00238662377268], [116.35397901563869, 40.00239589431239], [116.35396645552369, 40.002166691235125], [116.35394685191676, 40.00180885084769], [116.35392724848943, 40.001451010436526], [116.3539076453266, 40.00109316099602], [116.35388804225852, 40.000735320537444], [116.35387043770511, 40.00041394787941], [116.35233676280046, 40.000405387347755], [116.34976061573855, 40.00039096235694], [116.34974182116666, 40.00237219777543]]], [[[116.35079166826864, 40.007500107883914], [116.35125000157399, 40.00750009877513], [116.35170833490363, 40.00750008785364], [116.35216666825757, 40.00750007511944], [116.35226971866341, 40.0075000657335], [116.35228059686902, 40.006349094562495], [116.34970422643966, 40.00633466655221], [116.3496931674736, 40.00750012715838], [116.34987500173112, 40.007500120663344], [116.35033333498768, 40.00750011517999], [116.35079166826864, 40.007500107883914]]], [[[116.35484886104712, 40.01826962854239], [116.35484786099818, 40.018251439718576], [116.35474503416017, 40.0182508672093], [116.3547298515874, 40.01986269794273], [116.3549362363164, 40.019863846977536], [116.3549273095455, 40.01970099459185], [116.35490769712987, 40.01934315536647], [116.35488808489413, 40.01898531611736], [116.35486847292309, 40.01862746783893], [116.35484886104712, 40.01826962854239]]], [[[116.35472781562608, 40.02007883223306], [116.35472637186167, 40.02023209845673], [116.3549564885621, 40.020233379604086], [116.35494808106762, 40.020080058540195], [116.35472781562608, 40.02007883223306]]], [[[116.35400000049913, 40.02528845936627], [116.35399999508793, 40.02564423469549], [116.3539999994287, 40.0258586329526], [116.35467332699817, 40.025862384683826], [116.3546890417202, 40.02419455889147], [116.35399999886707, 40.024190719681044], [116.35400000461486, 40.02422116019947], [116.35399999936315, 40.02457692658841], [116.35400000580051, 40.02493269302088], [116.35400000049913, 40.02528845936627]]], [[[116.35209417676283, 40.02606413802596], [116.35209325655381, 40.02616140730818], [116.3546703738768, 40.02617578807877], [116.35467129042623, 40.02607851874728], [116.35209417676283, 40.02606413802596]]]]}}, {"type": "Feature", "id": "LU-017", "properties": {"id": "LU-017", "layer": "LAND_USE", "source_type": "agent_generated_design", "confidence": "medium", "geometry_role": "design_proposal", "land_use_code": "0803", "land_use_label_zh": "文化用地", "region": "连接带", "note_zh": "设计建议（provisional 边界内），官方控规条件确认前不作为法定依据", "area_sqm": 1397854.6}, "geometry": {"type": "MultiPolygon", "coordinates": [[[[116.34260184861142, 39.94091005322068], [116.34258381383692, 39.9427944769786], [116.34515779588187, 39.94280904417938], [116.34517576005712, 39.94092461945448], [116.34260184861142, 39.94091005322068]]], [[[116.34057007240406, 39.94368001119441], [116.34056007544913, 39.94404001241907], [116.34055007836348, 39.94440001361973], [116.34054009284735, 39.94476001486294], [116.34053728574946, 39.944861048223345], [116.34200000592205, 39.94486935928386], [116.34199999726647, 39.94468705614998], [116.34200000027181, 39.94434353344824], [116.34200000333985, 39.94400000172052], [116.34246428905767, 39.94400002409008], [116.34257227523452, 39.9440000330776], [116.342581745204, 39.94301061362928], [116.34058897502399, 39.94299929643953], [116.34058006922831, 39.943320009945765], [116.34057007240406, 39.94368001119441]]], [[[116.34200000199124, 39.94915293974931], [116.34199999882055, 39.94883207680637], [116.34042726395604, 39.94882313968846], [116.34042012775535, 39.94908002717838], [116.34041012883944, 39.94944002804319], [116.34040064160622, 39.94978207349055], [116.34199999503359, 39.9497911621062], [116.34199999856952, 39.94949647117278], [116.34200000199124, 39.94915293974931]]], [[[116.34246907855467, 39.954778809649895], [116.34248805133835, 39.95279756079145], [116.34250702224412, 39.95081631124632], [116.34251474010594, 39.950010230666685], [116.34039463400882, 39.94999818741585], [116.34039014231655, 39.9501600297674], [116.34038014300845, 39.95052003056023], [116.34037225297148, 39.95080418436461], [116.34037014365605, 39.950880022323396], [116.34036014408636, 39.95124002306825], [116.34035014438594, 39.951600023789126], [116.34034015625616, 39.95196002455258], [116.34033015629421, 39.952320025225454], [116.34032015620147, 39.95268002587434], [116.34031015597796, 39.953040026499245], [116.34030015562362, 39.95340002710015], [116.34029015513849, 39.95376002767708], [116.34028015452257, 39.95412002822998], [116.34027016547776, 39.95448002882551], [116.34026220742189, 39.95476627147089], [116.34246907855467, 39.954778809649895]]], [[[116.34245010389286, 39.95676005782163], [116.34020718455743, 39.9567473139676], [116.34020645213299, 39.95677359878139], [116.34020625269882, 39.956780955679406], [116.34244978165239, 39.95679370301193], [116.34245010389286, 39.95676005782163]]], [[[116.34243112735273, 39.958741305306674], [116.34244771157216, 39.957009839133306], [116.34020024357447, 39.95699706932469], [116.34020016829069, 39.957000031922874], [116.34019016649756, 39.95736003225988], [116.3401801645736, 39.95772003257288], [116.34017016251879, 39.95808003286189], [116.34016016033314, 39.95844003312692], [116.34015215773208, 39.958728355737776], [116.34243112735273, 39.958741305306674]]], [[[116.34498680298137, 39.96073712850809], [116.34241214893405, 39.960722552105], [116.3423931686366, 39.962703798216594], [116.34004208049338, 39.96269043703194], [116.34004014739222, 39.96276002556332], [116.34003014350552, 39.96312002551644], [116.34002013948795, 39.96348002544555], [116.34001181417702, 39.96377984681149], [116.34238273022522, 39.96379332118336], [116.34495749943552, 39.963807899163136], [116.34496789698453, 39.96271837563694], [116.34498680298137, 39.96073712850809]]], [[[116.34491116776357, 39.96866211290341], [116.34493007937583, 39.96668086783461], [116.34235520240466, 39.966666288379585], [116.3423741864602, 39.96468504364146], [116.34494898911608, 39.96469962207912], [116.34495543673762, 39.96402403513082], [116.34238065942093, 39.96400945704007], [116.34000580352506, 39.96399596017675], [116.34000014276374, 39.96420002529845], [116.33999013835357, 39.9645600251556], [116.33998704178192, 39.9646714766225], [116.33998013381252, 39.96492002498873], [116.33997012914057, 39.96528002479789], [116.33996012433771, 39.96564002458304], [116.33995011940395, 39.9660000243442], [116.3399401143393, 39.96636002408138], [116.33993198740356, 39.96665251541986], [116.33993012084771, 39.9667200238612], [116.33992011552128, 39.967080023550366], [116.33991011006395, 39.96744002321556], [116.3399001044757, 39.96780002285677], [116.33989009875654, 39.96816002247396], [116.33988009290644, 39.96852002206715], [116.33987694076536, 39.96863355355727], [116.34233621646976, 39.96864753243097], [116.34491116776357, 39.96866211290341]]], [[[116.34947434143238, 39.97066916261208], [116.35004231113669, 39.97067234867699], [116.35006107596053, 39.96869110227189], [116.34949312265117, 39.96868791642932], [116.34947434143238, 39.97066916261208]]], [[[116.34231565525788, 39.97079293978884], [116.34231722865526, 39.970628775795596], [116.33982189016318, 39.97061459096808], [116.33982006684757, 39.9706800101835], [116.33981732610444, 39.97077873788052], [116.34231565525788, 39.97079293978884]]], [[[116.34229823896096, 39.97261001847343], [116.34231358372924, 39.97100907538086], [116.33981131392413, 39.97099485096573], [116.33981006008098, 39.97104000960873], [116.33980005318344, 39.971400009009976], [116.33979005785982, 39.971760008453884], [116.33978005070041, 39.97212000780714], [116.33977004341008, 39.97248000713639], [116.3397668238915, 39.97259562758563], [116.34229823896096, 39.97261001847343]]], [[[116.34487333892217, 39.9726246009809], [116.34229823896096, 39.97261001847343], [116.34227924738668, 39.974591260464514], [116.34485442169265, 39.974605843989586], [116.34487333892217, 39.9726246009809]]], [[[116.34224125859734, 39.97855374238629], [116.34222226138182, 39.98053498231698], [116.3447976587661, 39.98054956889517], [116.34481658161481, 39.978568327946704], [116.34224125859734, 39.97855374238629]]], [[[116.34027454559961, 39.983908061968066], [116.34029753064274, 39.984264384778704], [116.34031187556596, 39.98448681847234], [116.3420000044679, 39.984496414241846], [116.34199999488875, 39.984214288516185], [116.34200000254648, 39.983857141900934], [116.3419999983854, 39.983500004202924], [116.34219382758532, 39.98350000565221], [116.34220326228548, 39.98251622156086], [116.34018402350189, 39.98250474447023], [116.3402055916644, 39.98283910239509], [116.34022857615373, 39.98319541627344], [116.34025156076994, 39.98355173913297], [116.34027454559961, 39.983908061968066]]], [[[116.34208922819857, 39.99440364260052], [116.34466514635668, 39.99441823630475], [116.3446739218613, 39.99350009553994], [116.34429166343969, 39.99350008599651], [116.34383333035514, 39.99350007681571], [116.34337499738172, 39.99350005681675], [116.342916664347, 39.99350004401084], [116.34245833142363, 39.993500020386776], [116.3420978990689, 39.99350000134621], [116.34208922819857, 39.99440364260052]]], [[[116.34464620851448, 39.99639947175892], [116.34207021593063, 39.996384877036455], [116.34205120178022, 39.99836611078551], [116.34462726879717, 39.99838070652626], [116.34464620851448, 39.99639947175892]]], [[[116.34455627328332, 40.005805611852544], [116.34457043839241, 40.004324406707234], [116.34458938373633, 40.00234317400042], [116.34201316783108, 40.00232857622292], [116.34199414803196, 40.004309807911255], [116.341979927254, 40.005791012295106], [116.34455627328332, 40.005805611852544]]], [[[116.34300000549194, 40.00827819198802], [116.34300000036835, 40.00821153794483], [116.34300000302994, 40.00785577068308], [116.34300000566624, 40.0075000033996], [116.34345833855195, 40.00750002510689], [116.34391667154888, 40.00750003599589], [116.34437500448452, 40.007500054077774], [116.34454006759007, 40.00750006014093], [116.34455149117252, 40.00630563872718], [116.34455420625203, 40.00602174623208], [116.34197785209929, 40.00600714656352], [116.34197512634951, 40.006291038912686], [116.34195610278353, 40.00827226922717], [116.34300000549194, 40.00827819198802]]], [[[116.3419806508975, 40.01175439296168], [116.34199819737692, 40.01211404216997], [116.34200410801749, 40.01223521645582], [116.34300000602643, 40.01224086678244], [116.34300000430005, 40.01212500360346], [116.34300000723933, 40.01176923658114], [116.34300001015332, 40.01141346953704], [116.34300000141684, 40.01105769339919], [116.34300000428036, 40.010701926311555], [116.34300000711863, 40.010346159202165], [116.34300000615045, 40.010259529722745], [116.34193707733382, 40.01025349885472], [116.34190743572498, 40.01025333053379], [116.34191047827528, 40.01031579596099], [116.34192802412116, 40.010675445262905], [116.34193220271045, 40.01076108977475], [116.34194557012542, 40.011035094541405], [116.34196310457648, 40.01139474373], [116.3419806508975, 40.01175439296168]]], [[[116.34240170463134, 40.02038597590696], [116.34241924320028, 40.02074562448697], [116.34243679364094, 40.021105273110024], [116.34245433252676, 40.0214649216432], [116.3424718832844, 40.02182457021943], [116.3424874947862, 40.022144635137664], [116.34300000537999, 40.022147542021926], [116.34300000476021, 40.02208654396843], [116.34300000840643, 40.0217307775555], [116.34300001211373, 40.021375002115235], [116.34300000399612, 40.02101923559237], [116.34300000756659, 40.02066346911414], [116.34300001111178, 40.02030770261414], [116.34300000941708, 40.02016620833741], [116.34239081015224, 40.020162752836306], [116.34240170463134, 40.02038597590696]]], [[[116.3549999949724, 39.94949646916858], [116.35499999805593, 39.9498400007659], [116.3545357189788, 39.94984002854578], [116.35407142830988, 39.949840045395355], [116.35360713758102, 39.94984006939114], [116.35314285857801, 39.94984009159272], [116.35281391047641, 39.94984010197334], [116.35267856798355, 39.949840102863874], [116.3522142890302, 39.949840121346625], [116.35174999840058, 39.94984013790454], [116.35128570779584, 39.94984015260297], [116.35082142900232, 39.94984015650172], [116.35069096608369, 39.949840164383254], [116.35281379802026, 39.94985203452758], [116.35530001035737, 39.94986588714489], [116.35530001231356, 39.949684944073674], [116.35530002102588, 39.94932877686337], [116.3553000179278, 39.94897261857188], [116.35530001488945, 39.94861645125289], [116.35530001182634, 39.948260283912084], [116.35530002035472, 39.947904125620234], [116.35530001724197, 39.947547958235816], [116.35530001410444, 39.94719179082958], [116.35530001029399, 39.94692544203564], [116.35500000570767, 39.94692377333624], [116.3549999959741, 39.94709176556076], [116.35499999921917, 39.94743529730012], [116.35500000252578, 39.947778820013475], [116.35500000572476, 39.94812235171224], [116.35499999719976, 39.94846588332564], [116.35500000035252, 39.94880941498385], [116.3550000023803, 39.9489051326477], [116.35500000356681, 39.949152937616056], [116.3549999949724, 39.94949646916858]]], [[[116.34966206998396, 39.95085666988854], [116.34964330548996, 39.952837922250374], [116.35021112769816, 39.952841106314835], [116.35022987581179, 39.9508598537308], [116.34966206998396, 39.95085666988854]]], [[[116.35530001940225, 39.95502741436921], [116.35530001678549, 39.95467124742098], [116.35530001414395, 39.95431508045093], [116.35530001139306, 39.95395892246477], [116.35530002040372, 39.95360275551618], [116.35530001768778, 39.9532465884807], [116.355300014947, 39.952890421423426], [116.3553000122724, 39.95286951808513], [116.35530001209693, 39.95253426335002], [116.35530002100815, 39.95217809631418], [116.35530001819298, 39.951821929191475], [116.3553000152685, 39.951465771052646], [116.35530001240376, 39.95110960388632], [116.35530002018169, 39.95088816012028], [116.35530002121553, 39.95075343676325], [116.35530001821662, 39.95039727855901], [116.35530001723403, 39.95008203539989], [116.35281176106693, 39.950068171354744], [116.35023750303598, 39.950053771914824], [116.35022987581179, 39.9508598537308], [116.35280416405548, 39.950874253579585], [116.35278549020629, 39.95285550716863], [116.35276681450858, 39.95483676007121], [116.35274813696215, 39.956818012287314], [116.3553000175532, 39.95683223212011], [116.35530000887871, 39.956808230641705], [116.35530001808827, 39.95645206386759], [116.35530001548618, 39.956095906012294], [116.35530001294381, 39.95573973912949], [116.35530001037671, 39.95538357222486], [116.35530001940225, 39.95502741436921]]], [[[116.34960545219494, 39.95683407015259], [116.35017330744694, 39.95683725466528], [116.35017362590305, 39.95680360942336], [116.34960577092929, 39.95680042491445], [116.34960545219494, 39.95683407015259]]], [[[116.35017126167749, 39.957053391118215], [116.3496034046381, 39.95705020658129], [116.34958700086221, 39.95878167521667], [116.35015487222118, 39.95878485994783], [116.35017126167749, 39.957053391118215]]], [[[116.3527107763223, 39.9607805146601], [116.35528543781108, 39.96079486235794], [116.35526682901867, 39.962776113515886], [116.35530000801235, 39.96277629804527], [116.35530001070354, 39.96250685187883], [116.35530000852307, 39.9621506943943], [116.35530000640242, 39.961794527882255], [116.35530000425696, 39.961438361348414], [116.35530001378977, 39.961082194857845], [116.35530000805976, 39.96079494339016], [116.35530001151008, 39.960726037286065], [116.35530000929018, 39.9603698706868], [116.3553000070455, 39.96001370406569], [116.35530001639427, 39.959657546493574], [116.35530001409991, 39.95930137982888], [116.35530001186133, 39.959243046909094], [116.3553000117808, 39.95894521314236], [116.35530000733922, 39.95881358806009], [116.35272945756678, 39.95879926381694], [116.3527107763223, 39.9607805146601]]], [[[116.35516099691752, 39.966738232133075], [116.35265472149202, 39.96672426307056], [116.35263603284895, 39.96870551116769], [116.35500260713079, 39.968718703553755], [116.355014385236, 39.968571437532745], [116.35504294243721, 39.968214295544854], [116.35507151102053, 39.96785715359075], [116.35510006766211, 39.96750000253453], [116.35512863560105, 39.96714286051775], [116.35515719151377, 39.96678571840454], [116.35516099691752, 39.966738232133075]]], [[[116.3494179866192, 39.97661289704071], [116.34998600551809, 39.97661608377264], [116.35000477591568, 39.97463483942737], [116.34943677341663, 39.9746316529178], [116.3494179866192, 39.97661289704071]]], [[[116.34997444578273, 39.97783613369887], [116.3525497458279, 39.97785054723638], [116.35427138176456, 39.977860151040765], [116.35427162061322, 39.9778571623354], [116.35430019789868, 39.97750002122744], [116.35432876315593, 39.97714288002297], [116.35435733988136, 39.97678572984665], [116.35436894889794, 39.976640579600556], [116.3525612597732, 39.97663049669082], [116.34998600551809, 39.97661608377264], [116.34997444578273, 39.97783613369887]]], [[[116.35421050956124, 39.97862104620301], [116.35421447678095, 39.97857144452245], [116.35424305471126, 39.9782143034772], [116.35425410622815, 39.97807620197474], [116.35254770602302, 39.97806668300519], [116.34997239786574, 39.97805226935796], [116.34996723326218, 39.9785973274313], [116.35254256187734, 39.978611741355216], [116.35421050956124, 39.97862104620301]]], [[[116.34938040744433, 39.980575383226636], [116.34936161506646, 39.98255662528963], [116.34992968317451, 39.982559812688706], [116.34994845914771, 39.980578570403324], [116.34938040744433, 39.980575383226636]]], [[[116.35347148915903, 39.98785714657305], [116.35350007547528, 39.98750000634285], [116.35352864976134, 39.98714286601598], [116.35355723543232, 39.98678572572307], [116.35357666476595, 39.98654290303952], [116.35300000515083, 39.98653968548076], [116.35299999709441, 39.986714287056685], [116.35299999968863, 39.98707143369332], [116.35300000234281, 39.98742857130239], [116.35300000488701, 39.987785717895186], [116.35300000749116, 39.98814285546039], [116.35299999827761, 39.98850000194395], [116.35299999891731, 39.988521031227634], [116.35341817584467, 39.98852336482242], [116.35344291422781, 39.98821428683722], [116.35347148915903, 39.98785714657305]]], [[[116.3492071716518, 39.99883182742435], [116.34977537458022, 39.998835016650816], [116.34977940844966, 39.9984097262517], [116.34921120904565, 39.998406537072995], [116.3492071716518, 39.99883182742435]]], [[[116.34977332451312, 39.99905115151595], [116.34920511979355, 39.99904796226521], [116.34919239991524, 40.00038777295572], [116.34976061573855, 40.00039096235694], [116.34977332451312, 39.99905115151595]]], [[[116.35414290752662, 40.00538728073727], [116.35412330230267, 40.00502944056322], [116.35410369725842, 40.00467160036547], [116.35408759908312, 40.004377840017995], [116.35229932069993, 40.00436785951093], [116.3522853225984, 40.00584906692271], [116.35416878905649, 40.005859578229], [116.35416251284539, 40.00574512989321], [116.35414290752662, 40.00538728073727]]], [[[116.35228327993757, 40.006065201632964], [116.35228059686902, 40.006349094562495], [116.3541961880393, 40.00635978499619], [116.3541821184287, 40.00610297001982], [116.35418062955723, 40.006075790352426], [116.35228327993757, 40.006065201632964]]], [[[116.35400000896001, 40.01639423951375], [116.35400000425467, 40.01675000638162], [116.35400001123708, 40.01710577329304], [116.35400000639717, 40.01746154912296], [116.35400001333004, 40.017817315990825], [116.35400000852539, 40.01817308277162], [116.35400000525692, 40.01824671638406], [116.35474503416017, 40.0182508672093], [116.3547601088093, 40.016650365067015], [116.3547507928223, 40.01648041362746], [116.35473923895225, 40.01626949910546], [116.3540000058478, 40.01626538060134], [116.35400000896001, 40.01639423951375]]], [[[116.3549564885621, 40.020233379604086], [116.35472637186167, 40.02023209845673], [116.3547077077151, 40.022213329017454], [116.35506512164483, 40.02221531876194], [116.35506461295132, 40.022205895587376], [116.35504499927627, 40.021848056528036], [116.35502537415255, 40.02149020837418], [116.35500576083741, 40.0211323692674], [116.35498614770216, 40.02077453013689], [116.35496653483165, 40.02041668197706], [116.3549564885621, 40.020233379604086]]], [[[116.35343333493961, 40.026500090104484], [116.35389999598972, 40.02650006324487], [116.35436666869398, 40.0265000435767], [116.35483332970898, 40.026500021963834], [116.3553000024631, 40.02649999853675], [116.35528241608462, 40.02617919495978], [116.3546703738768, 40.02617578807877], [116.35209325655381, 40.02616140730818], [116.3495161410869, 40.02614696922932], [116.34951278634799, 40.0265001679294], [116.34970000126593, 40.02650016501547], [116.3501666620297, 40.026500162196804], [116.350633334533, 40.02650015756438], [116.35109999534737, 40.02650015098687], [116.35156666790121, 40.02650014259552], [116.35203332876601, 40.02650013225919], [116.35209005201729, 40.02650013421986], [116.35250000137019, 40.026500120108885], [116.35296666228525, 40.02650010601371], [116.35343333493961, 40.026500090104484]]]]}}, {"type": "Feature", "id": "LU-018", "properties": {"id": "LU-018", "layer": "LAND_USE", "source_type": "agent_generated_design", "confidence": "medium", "geometry_role": "design_proposal", "land_use_code": "0904", "land_use_label_zh": "其他商业服务业用地", "region": "连接带", "note_zh": "设计建议（provisional 边界内），官方控规条件确认前不作为法定依据", "area_sqm": 904537.0}, "geometry": {"type": "MultiPolygon", "coordinates": [[[[116.35480962620686, 40.01755394080733], [116.35479001487055, 40.017196101439644], [116.35477040371408, 40.01683826204821], [116.3547601088093, 40.016650365067015], [116.35474503416017, 40.0182508672093], [116.35484786099818, 40.018251439718576], [116.35482923763824, 40.01791178915692], [116.35480962620686, 40.01755394080733]]], [[[116.35529999952001, 39.9646438322206], [116.35529999748843, 39.96428767486692], [116.35529999791228, 39.96408202835265], [116.35525456464828, 39.96408177566509], [116.35524821838406, 39.96475736398739], [116.35529999549334, 39.96475765196029], [116.35529999952001, 39.9646438322206]]], [[[116.35269209322847, 39.962761764816754], [116.35526682901867, 39.962776113515886], [116.35528543781108, 39.96079486235794], [116.3527107763223, 39.9607805146601], [116.35269209322847, 39.962761764816754]]], [[[116.35525659492032, 39.963865639257854], [116.35530000332979, 39.96386588068301], [116.35530000522354, 39.963575342147855], [116.3553000031175, 39.96321918472874], [116.35530000107127, 39.96286301828215], [116.35530000801235, 39.96277629804527], [116.35526682901867, 39.962776113515886], [116.35525659492032, 39.963865639257854]]], [[[116.35400000623501, 40.013903852622015], [116.35400001341563, 40.01425961970757], [116.3540000056692, 40.01428404414344], [116.35463061071125, 40.01428755769953], [116.354613509479, 40.01397551898094], [116.35459389994107, 40.01361767937607], [116.35457429066777, 40.013259830741866], [116.35456432678723, 40.01307792451664], [116.3540000107101, 40.013074780165745], [116.35400000359647, 40.013192309445294], [116.3540000107417, 40.01354808557999], [116.35400000623501, 40.013903852622015]]], [[[116.35400000472117, 40.012302707010356], [116.35400000077382, 40.01248077518711], [116.3540000080535, 40.01283654235974], [116.35400001059283, 40.01285863428454], [116.35455247244992, 40.01286171260836], [116.35453507257576, 40.012544142407904], [116.3545219996989, 40.01230561563127], [116.35400000472117, 40.012302707010356]]], [[[116.35426055410022, 40.00753434836563], [116.35424094788289, 40.00717649932825], [116.35422134176041, 40.00681865927278], [116.35420172410684, 40.006460819128336], [116.3541961880393, 40.00635978499619], [116.35228059686902, 40.006349094562495], [116.35226971866341, 40.0075000657335], [116.35262500163573, 40.00750006057252], [116.3530833350381, 40.00750004421289], [116.35354166854954, 40.007500017034936], [116.35400000200009, 40.00749999704987], [116.35399999783061, 40.0078557734676], [116.35400000543227, 40.008211540923185], [116.35400000051699, 40.0083400307187], [116.35400000129805, 40.008567308291745], [116.35399999713896, 40.008923075638535], [116.35400000458141, 40.00927885203444], [116.3540000003727, 40.009634619337696], [116.3540000078505, 40.00999038668446], [116.35400000300375, 40.01032136920211], [116.35441339420184, 40.01032367283548], [116.35439780307814, 40.010039245935175], [116.35437819551782, 40.00968140606942], [116.35435858822213, 40.00932355717433], [116.35433898102131, 40.00896571726114], [116.35431937400023, 40.00860787732424], [116.35429976724375, 40.00825002835801], [116.35428016058212, 40.00789218837368], [116.35426055410022, 40.00753434836563]]], [[[116.35444305616333, 39.975714306081514], [116.35447161980892, 39.97535716472032], [116.35450019492242, 39.97500001438732], [116.35452737832185, 39.97466011203435], [116.35452875792343, 39.97464287296346], [116.35455733230751, 39.97428573157344], [116.35458589466398, 39.97392859008689], [116.35461446840338, 39.97357144863419], [116.35464303011533, 39.97321430708498], [116.3546716032948, 39.97285715656393], [116.35468579783435, 39.97267964350445], [116.35259865001218, 39.97266800530235], [116.35257995581806, 39.97464925133987], [116.3525612597732, 39.97663049669082], [116.35436894889794, 39.976640579600556], [116.35438590449395, 39.976428588579495], [116.35441448048984, 39.97607144734617], [116.35444305616333, 39.975714306081514]]], [[[116.35369201008614, 39.99715687855976], [116.35367240899359, 39.99679903784039], [116.35365328665787, 39.99645005276614], [116.3523741974873, 39.99644291243791], [116.35235548107049, 39.99842415023617], [116.3537618652815, 39.998432000719085], [116.3537508143562, 39.998230409581325], [116.35373121272497, 39.99787256893305], [116.35371161127333, 39.99751472826107], [116.35369201008614, 39.99715687855976]]], [[[116.34917358892243, 40.0023690081517], [116.34915477606695, 40.00435024266092], [116.34972302473376, 40.0043534325072], [116.35229932069993, 40.00436785951093], [116.35231804267701, 40.00238662377268], [116.34974182116666, 40.00237219777543], [116.34917358892243, 40.0023690081517]]], [[[116.35116665987879, 39.98350007526518], [116.35162499676576, 39.98350005530439], [116.35208333359185, 39.9835000425368], [116.35249642106527, 39.983500018350654], [116.3525051605319, 39.98257422862428], [116.34992968317451, 39.982559812688706], [116.34992077153252, 39.983500101031446], [116.35024999796973, 39.98350010080926], [116.35070833480815, 39.9835000844734], [116.35116665987879, 39.98350007526518]]], [[[116.34977940844966, 39.9984097262517], [116.34979819930018, 39.99642848945976], [116.34923001631385, 39.99642530050355], [116.34921120904565, 39.998406537072995], [116.34977940844966, 39.9984097262517]]], [[[116.3489443236024, 40.02650017257378], [116.34923332872773, 40.02650017489454], [116.34951278634799, 40.0265001679294], [116.3495161410869, 40.02614696922932], [116.34951706495552, 40.02604969999654], [116.3489486363404, 40.02604650771246], [116.34894771166461, 40.02614377693431], [116.3489443236024, 40.02650017257378]]], [[[116.3503037212339, 39.943054144142785], [116.34973597992524, 39.943050961175864], [116.34972699367826, 39.94400017155818], [116.34989285189192, 39.944000174089304], [116.35029477298698, 39.944000166611644], [116.3503037212339, 39.943054144142785]]], [[[116.34913596134867, 40.00633147648338], [116.34912486244248, 40.00750012494276], [116.34941666849898, 40.00750012433399], [116.3496931674736, 40.00750012715838], [116.34970422643966, 40.00633466655221], [116.34913596134867, 40.00633147648338]]], [[[116.34460832720451, 40.000361940606766], [116.34685045002928, 40.000374598161734], [116.34686321567253, 39.99903478809282], [116.34462113666184, 39.99902213113501], [116.34460832720451, 40.000361940606766]]], [[[116.34575000344091, 40.00750009744715], [116.34620833647605, 40.007500108278194], [116.34666666953598, 40.00750011729652], [116.3467825439814, 40.00750012204254], [116.34679380840204, 40.00631829893165], [116.34455149117252, 40.00630563872718], [116.34454006759007, 40.00750006014093], [116.34483333744508, 40.007500070346936], [116.34529167043057, 40.00750008480341], [116.34575000344091, 40.00750009744715]]], [[[116.34508130489877, 39.950830882564034], [116.34250702224412, 39.95081631124632], [116.34248805133835, 39.95279756079145], [116.34506240825685, 39.95281213312612], [116.34730297792035, 39.952824769501504], [116.34732180992724, 39.95084351805755], [116.34508130489877, 39.950830882564034]]], [[[116.3472653083138, 39.956787270329635], [116.34502460936105, 39.95677463219041], [116.34502428838202, 39.95680827739797], [116.34726498843267, 39.95682091555218], [116.3472653083138, 39.956787270329635]]], [[[116.34502222640539, 39.95702441363031], [116.34500570710681, 39.958755880692564], [116.34724647071376, 39.95876851971381], [116.3472629335089, 39.95703705188073], [116.34502222640539, 39.95702441363031]]], [[[116.34686932683319, 39.99839336319818], [116.34462726879717, 39.99838070652626], [116.34462320297017, 39.99880599649076], [116.34686527491316, 39.998818653352224], [116.34686932683319, 39.99839336319818]]], [[[116.34489225427909, 39.9706433572855], [116.34491116776357, 39.96866211290341], [116.34233621646976, 39.96864753243097], [116.33987694076536, 39.96863355355727], [116.33987008701205, 39.96888001263071], [116.3398600926045, 39.96924001224259], [116.33985008636168, 39.9696000117638], [116.33984007998791, 39.96996001126103], [116.33983007348321, 39.970320010734255], [116.33982189016318, 39.97061459096808], [116.34231722865526, 39.970628775795596], [116.34489225427909, 39.9706433572855]]], [[[116.34224855682744, 39.97779254982229], [116.34482385127515, 39.97780713499171], [116.34483550259023, 39.97658708631151], [116.34485442169265, 39.974605843989586], [116.34227924738668, 39.974591260464514], [116.34226025393222, 39.97657250176881], [116.34224855682744, 39.97779254982229]]], [[[116.34224125859734, 39.97855374238629], [116.34481658161481, 39.978568327946704], [116.34482178713395, 39.978023270430064], [116.34224648457416, 39.978008685149625], [116.34224125859734, 39.97855374238629]]], [[[116.34220326228548, 39.98251622156086], [116.34477873404396, 39.98253080915688], [116.3447976587661, 39.98054956889517], [116.34222226138182, 39.98053498231698], [116.34220326228548, 39.98251622156086]]], [[[116.34212099203233, 40.014631585773046], [116.3421385280668, 40.01499123472757], [116.34215607597191, 40.0153508837252], [116.34217362403547, 40.01571053269938], [116.34219116054507, 40.0160701815837], [116.34220870892551, 40.01642983051107], [116.34222625746439, 40.01678947941507], [116.34224379444916, 40.01714912822914], [116.34226134330497, 40.01750877708631], [116.34227888060653, 40.01786842585357], [116.34229413033033, 40.018180869824064], [116.3430000126714, 40.018184873977816], [116.34300000859947, 40.01817308501319], [116.34300001196794, 40.01781731836084], [116.3430000036848, 40.01746154261475], [116.34300000700279, 40.017105775918864], [116.3430000102955, 40.016750009201225], [116.34300001356293, 40.01639424246183], [116.34300000343055, 40.01620353887678], [116.34300000517905, 40.016038466628686], [116.34300000839602, 40.015682699845755], [116.34300001158772, 40.01532693304105], [116.34300000312831, 40.01497115714261], [116.34300000626953, 40.01461539029439], [116.3430000093855, 40.01425962342441], [116.34300000511979, 40.014222203167115], [116.34210077340754, 40.01421710160055], [116.34210344444408, 40.01427193672862], [116.34212099203233, 40.014631585773046]]], [[[116.3402601646003, 39.95484002933045], [116.34025016359202, 39.95520002981141], [116.34024016245291, 39.95556003026836], [116.34023016118302, 39.955920030701336], [116.34022015978228, 39.95628003111031], [116.34021015825074, 39.95664003149529], [116.34020718455743, 39.9567473139676], [116.34245010389286, 39.95676005782163], [116.34246907855467, 39.954778809649895], [116.34026220742189, 39.95476627147089], [116.3402601646003, 39.95484002933045]]], [[[116.34062004351836, 39.94188000464479], [116.34061005891671, 39.94224000605592], [116.34060006248461, 39.942600007376534], [116.34059496939528, 39.94278318216769], [116.34258381383692, 39.9427944769786], [116.34260184861142, 39.94091005322068], [116.3406472800108, 39.94089895378597], [116.34064003564275, 39.94116001088932], [116.34063003960267, 39.94152001228189], [116.34062004351836, 39.94188000464479]]], [[[116.34200000478613, 39.99179113143133], [116.34200000449026, 39.99171429132283], [116.3420000009754, 39.991357145101624], [116.34199999743508, 39.99099999885846], [116.342000005491, 39.99064286166549], [116.34200000413165, 39.990440449356086], [116.34069547139555, 39.99043303594028], [116.34071129801656, 39.99067818218446], [116.34073427540868, 39.99103450446403], [116.34075726472248, 39.99139082678573], [116.34078025424989, 39.991747149083004], [116.34078264950607, 39.99178421383004], [116.34200000478613, 39.99179113143133]]], [[[116.34080324399092, 39.99210347135581], [116.340823349888, 39.99241510691666], [116.34200000635475, 39.9924217930665], [116.34199999635781, 39.99207142845002], [116.34200000309255, 39.99200727798966], [116.34079660027027, 39.992000439736465], [116.34080324399092, 39.99210347135581]]], [[[116.34199999733465, 39.98647775991051], [116.34200000720186, 39.98635714106259], [116.34200000321886, 39.98600000351808], [116.34199999929686, 39.985642856946015], [116.34200000697018, 39.985285719424105], [116.34199999713348, 39.985007286243224], [116.34034484627888, 39.98499787813591], [116.34036648705306, 39.98533335306398], [116.34038947295014, 39.98568967577685], [116.34041245906072, 39.98604599846527], [116.34043544538483, 39.98640232112924], [116.34043973423557, 39.98646889171808], [116.34199999733465, 39.98647775991051]]], [[[116.34032051589936, 39.98462070756491], [116.34033089806134, 39.98478165193795], [116.34199999852487, 39.98479113942479], [116.34199999899893, 39.984571426170326], [116.3420000044679, 39.984496414241846], [116.34031187556596, 39.98448681847234], [116.34032051589936, 39.98462070756491]]], [[[116.34199999845207, 39.947091768661174], [116.3420000027633, 39.94685071838248], [116.34048227098177, 39.94684209428585], [116.34048010680421, 39.9469200214192], [116.34047012037342, 39.94728002249451], [116.34046012211132, 39.94764002347928], [116.34045012371845, 39.94800002444003], [116.34044012519485, 39.94836002537681], [116.34043012654047, 39.94872002628959], [116.34042726395604, 39.94882313968846], [116.34199999882055, 39.94883207680637], [116.34200000538932, 39.94880940830557], [116.34199999697668, 39.94846588578082], [116.34200000032763, 39.94812235429653], [116.34200000365503, 39.947778822791925], [116.3419999952581, 39.947435291200634], [116.34199999845207, 39.947091768661174]]]]}}, {"type": "Feature", "id": "LU-019", "properties": {"id": "LU-019", "layer": "LAND_USE", "source_type": "agent_generated_design", "confidence": "medium", "geometry_role": "design_proposal", "land_use_code": "16", "land_use_label_zh": "留白用地（远期预留）", "region": "连接带", "note_zh": "设计建议（provisional 边界内），官方控规条件确认前不作为法定依据", "area_sqm": 823185.4}, "geometry": {"type": "MultiPolygon", "coordinates": [[[[116.34432143210032, 39.94400010398013], [116.34478571786072, 39.944000126058455], [116.34514644034034, 39.944000137748155], [116.34515573534688, 39.94302518094097], [116.342581745204, 39.94301061362928], [116.34257227523452, 39.9440000330776], [116.34292857480128, 39.94400004460025], [116.34339286048451, 39.94400007225673], [116.34385714627959, 39.944000089048124], [116.34432143210032, 39.94400010398013]]], [[[116.3473294712814, 39.950037436705415], [116.34508899254813, 39.95002480157066], [116.34508130489877, 39.950830882564034], [116.34732180992724, 39.95084351805755], [116.3473294712814, 39.950037436705415]]], [[[116.34502428838202, 39.95680827739797], [116.34502460936105, 39.95677463219041], [116.34245010389286, 39.95676005782163], [116.34244978165239, 39.95679370301193], [116.34502428838202, 39.95680827739797]]], [[[116.34244771157216, 39.957009839133306], [116.34243112735273, 39.958741305306674], [116.34500570710681, 39.958755880692564], [116.34502222640539, 39.95702441363031], [116.34244771157216, 39.957009839133306]]], [[[116.3471522547376, 39.96867475633543], [116.34491116776357, 39.96866211290341], [116.34489225427909, 39.9706433572855], [116.34713340594574, 39.970656001599835], [116.3471522547376, 39.96867475633543]]], [[[116.34709570276374, 39.97461849006867], [116.34485442169265, 39.974605843989586], [116.34483550259023, 39.97658708631151], [116.34707684837318, 39.97659973327306], [116.34709570276374, 39.97461849006867]]], [[[116.34011365618792, 39.98141381061473], [116.34013663973688, 39.98177013359649], [116.34015962349928, 39.98212645655379], [116.3401826074751, 39.98248277948666], [116.34018402350189, 39.98250474447023], [116.34220326228548, 39.98251622156086], [116.34222226138182, 39.98053498231698], [116.34005617804227, 39.98052266971178], [116.34006768973028, 39.9807011645779], [116.34009067285238, 39.981057487608545], [116.34011365618792, 39.98141381061473]]], [[[116.34703913399191, 39.980562217621795], [116.3447976587661, 39.98054956889517], [116.34477873404396, 39.98253080915688], [116.34702027400083, 39.98254345876611], [116.34703913399191, 39.980562217621795]]], [[[116.34103315323738, 39.995666683733575], [116.34105614532847, 39.996023005737435], [116.34107912670318, 39.9963792465998], [116.34207021593063, 39.996384877036455], [116.34208922819857, 39.99440364260052], [116.3409512349902, 39.994397177136506], [116.34096417815954, 39.9945977265809], [116.34098716960962, 39.994954048658116], [116.34101016135993, 39.99531036170527], [116.34103315323738, 39.995666683733575]]], [[[116.34690707483446, 39.99443089121069], [116.34466514635668, 39.99441823630475], [116.34464620851448, 39.99639947175892], [116.34688820176818, 39.996412127547806], [116.34690707483446, 39.99443089121069]]], [[[116.34462320297017, 39.99880599649076], [116.34462726879717, 39.99838070652626], [116.34205120178022, 39.99836611078551], [116.34204711997454, 39.99879140053142], [116.34462320297017, 39.99880599649076]]], [[[116.3420450455456, 39.99900753506458], [116.3420321857471, 40.00034734384766], [116.34460832720451, 40.000361940606766], [116.34462113666184, 39.99902213113501], [116.3420450455456, 39.99900753506458]]], [[[116.34685045002928, 40.000374598161734], [116.34460832720451, 40.000361940606766], [116.34458938373633, 40.00234317400042], [116.34683157135628, 40.00235583243852], [116.34685045002928, 40.000374598161734]]], [[[116.34435825716758, 40.026500081388676], [116.34436191575085, 40.02611792114726], [116.34268089020769, 40.026108397674065], [116.34268244617313, 40.02614035097586], [116.34269999899189, 40.02649999924773], [116.34316667108482, 40.02650002468676], [116.34363333148953, 40.026500048179926], [116.3441000036344, 40.02650006986002], [116.34435825716758, 40.026500081388676]]], [[[116.35289750558087, 39.94096797533789], [116.35291604203647, 39.93900012714499], [116.35256249409156, 39.939000143735846], [116.35210624444092, 39.939000152763036], [116.35164999472944, 39.93900016900042], [116.35119374504201, 39.939000183442275], [116.35073749537867, 39.93900019608863], [116.35028124573948, 39.93900020693945], [116.3498249961245, 39.939000215994746], [116.34977432379455, 39.93900022001589], [116.34975586459876, 39.94095039778178], [116.3503235885492, 39.940953580513195], [116.35289750558087, 39.94096797533789]]], [[[116.35021112769816, 39.952841106314835], [116.35019237772863, 39.95482235821236], [116.35276681450858, 39.95483676007121], [116.35278549020629, 39.95285550716863], [116.35021112769816, 39.952841106314835]]], [[[116.35015487222118, 39.95878485994783], [116.35013611668283, 39.960766109785766], [116.3527107763223, 39.9607805146601], [116.35272945756678, 39.95879926381694], [116.35015487222118, 39.95878485994783]]], [[[116.35009860003588, 39.96472860740195], [116.35007983892686, 39.96670985518021], [116.35265472149202, 39.96672426307056], [116.3526734082851, 39.96474301428691], [116.35009860003588, 39.96472860740195]]], [[[116.35261579359546, 39.9708509229068], [116.35483107632355, 39.97086327391695], [116.3548430000654, 39.97071429761238], [116.35484420743686, 39.970699174010896], [116.35261734235576, 39.97068675857829], [116.35261579359546, 39.9708509229068]]], [[[116.35481380460615, 39.971079325222306], [116.35261375450389, 39.971067058940214], [116.35259865001218, 39.97266800530235], [116.35468579783435, 39.97267964350445], [116.35470016436226, 39.97250001495204], [116.35472873681245, 39.97214287337398], [116.35475729723542, 39.97178573169942], [116.35478586904108, 39.97142859005868], [116.35481380460615, 39.971079325222306]]], [[[116.35002354445514, 39.972653594395474], [116.35000477591568, 39.97463483942737], [116.35257995581806, 39.97464925133987], [116.35259865001218, 39.97266800530235], [116.35002354445514, 39.972653594395474]]], [[[116.34996723326218, 39.9785973274313], [116.34994845914771, 39.980578570403324], [116.3525238621303, 39.98059298533304], [116.35254256187734, 39.978611741355216], [116.34996723326218, 39.9785973274313]]], [[[116.35372870764637, 39.98464287410573], [116.35373514376748, 39.98456244029259], [116.35299999890631, 39.98455833899346], [116.35300000424802, 39.98457142491818], [116.35300000510827, 39.984853064355356], [116.3537115632978, 39.98485703414628], [116.35372870764637, 39.98464287410573]]], [[[116.35358580915813, 39.986428576327874], [116.35361439418385, 39.98607143597226], [116.3536429671797, 39.98571429552001], [116.35367155156024, 39.9853571551017], [116.35369428394047, 39.98507308470881], [116.35300000326014, 39.98506921125246], [116.35299999800466, 39.98528571836739], [116.35300000078396, 39.98564285608612], [116.35300000345329, 39.98600000278857], [116.35300000618254, 39.98635714046345], [116.35300000515083, 39.98653968548076], [116.35357666476595, 39.98654290303952], [116.35358580915813, 39.986428576327874]]], [[[116.34979819930018, 39.99642848945976], [116.34977940844966, 39.9984097262517], [116.35235548107049, 39.99842415023617], [116.3523741974873, 39.99644291243791], [116.34979819930018, 39.99642848945976]]], [[[116.35400000964863, 40.01176923190153], [116.3540000051812, 40.01212500805801], [116.35400000472117, 40.012302707010356], [116.3545219996989, 40.01230561563127], [116.35451546375704, 40.01218630270816], [116.35449585511809, 40.01182846298469], [116.35447624674374, 40.01147061423191], [116.35445663846434, 40.01111277446102], [116.3544370303647, 40.0107549346664], [116.3544174108182, 40.01039708577722], [116.35441339420184, 40.01032367283548], [116.35400000300375, 40.01032136920211], [116.35400000359212, 40.01034615394418], [116.353999999224, 40.010701930187736], [116.35400000662752, 40.0110576974692], [116.35400000229464, 40.011413464663605], [116.35400000964863, 40.01176923190153]]], [[[116.35400001364049, 40.01603847262412], [116.3540000058478, 40.01626538060134], [116.35473923895225, 40.01626949910546], [116.35473118202553, 40.016122574188614], [116.35471157140863, 40.015764734726034], [116.35469196105633, 40.01540688623413], [116.35467235079909, 40.015049046724116], [116.35465274072166, 40.014691207190396], [116.35463313090887, 40.01433335862734], [116.35463061071125, 40.01428755769953], [116.3540000056692, 40.01428404414344], [116.35400000877439, 40.014615395711665], [116.35400000419322, 40.014971162688376], [116.35400001129949, 40.01532692970863], [116.35400000666866, 40.015682696641804], [116.35400001364049, 40.01603847262412]]], [[[116.34951706495552, 40.02604969999654], [116.3495161410869, 40.02614696922932], [116.35209325655381, 40.02616140730818], [116.35209417676283, 40.02606413802596], [116.34951706495552, 40.02604969999654]]]]}}, {"type": "Feature", "id": "LU-AXIS", "properties": {"id": "LU-AXIS", "layer": "LAND_USE", "source_type": "agent_generated_design", "confidence": "medium", "geometry_role": "design_proposal", "land_use_code": "1401", "land_use_label_zh": "公园绿地（京张遗址公园链带）", "region": "链带", "note_zh": "设计建议（provisional 边界内），官方控规条件确认前不作为法定依据", "area_sqm": 1094683.8}, "geometry": {"type": "Polygon", "coordinates": [[[116.3479691376786, 40.008902287880126], [116.34797684933382, 40.00809178376632], [116.34865073930759, 40.00809557325512], [116.34871905632066, 40.00090650384254], [116.34796920503484, 40.00090228757933], [116.34797691450646, 40.00009178234331], [116.34872675692776, 40.0000959984862], [116.34879504646356, 39.99290693702325], [116.34796927125257, 39.99290229435048], [116.34797697854113, 39.992091787992315], [116.34880274399279, 39.992096430532555], [116.34883303014477, 39.98890714941529], [116.34796929960794, 39.98890229360931], [116.34797700580526, 39.988091786690084], [116.3488407261356, 39.98809664235747], [116.34887100623476, 39.98490735900856], [116.34796933650195, 39.9849022901829], [116.34797704160799, 39.984091782702635], [116.34887870068752, 39.984096851383605], [116.34900860557785, 39.97040813472351], [116.34796944476494, 39.97040229410936], [116.34797714591657, 39.96959178459546], [116.34901629445804, 39.969597625042866], [116.34930632752855, 39.9390002241933], [116.34891249696717, 39.939000228718776], [116.34845624742498, 39.939000232387514], [116.34799999790711, 39.939000234260725], [116.34790233888423, 39.93900022539057], [116.34706994915742, 40.02650015434546], [116.34736666260008, 40.026500159725536], [116.34783333495082, 40.026500166369914], [116.3482999956129, 40.02650017106891], [116.34847572997398, 40.02650016860781], [116.3486430356213, 40.008906077477086], [116.3479691376786, 40.008902287880126]], [[116.34797730212766, 39.94879178159773], [116.34903038763768, 39.94879769956217], [116.34902270458265, 39.94960821216199], [116.34796960664575, 39.94960229402859], [116.34797730212766, 39.94879178159773]], [[116.34902283112663, 39.967108210046874], [116.34796946471972, 39.96710228977354], [116.34797716497167, 39.9662917797968], [116.34903051894085, 39.966297699901126], [116.34902283112663, 39.967108210046874]], [[116.34903043618948, 39.95559770064442], [116.34902275128543, 39.95640821229069], [116.34796954905671, 39.95640229332567], [116.34797724639188, 39.95559178184838], [116.34903043618948, 39.95559770064442]], [[116.34797732529528, 39.94509178260664], [116.34903035407552, 39.945097700118644], [116.34902267202631, 39.94590821323729], [116.3479696308215, 39.94590229555633], [116.34797732529528, 39.94509178260664]]]}}, {"type": "Feature", "id": "LU-PROT", "properties": {"id": "LU-PROT", "layer": "LAND_USE", "source_type": "agent_generated_design", "confidence": "medium", "geometry_role": "design_proposal", "land_use_code": "1402", "land_use_label_zh": "防护绿地（链带两侧）", "region": "链带两侧", "note_zh": "设计建议（provisional 边界内），官方控规条件确认前不作为法定依据", "area_sqm": 767541.1}, "geometry": {"type": "MultiPolygon", "coordinates": [[[[116.34930632752855, 39.9390002241933], [116.34901629445804, 39.969597625042866], [116.34903055053597, 39.96959770510317], [116.34902286182412, 39.97040821478611], [116.34900860557785, 39.97040813472351], [116.34887870068752, 39.984096851383605], [116.34903066888035, 39.984097704982794], [116.34902297622311, 39.984908212632114], [116.34887100623476, 39.98490735900856], [116.3488407261356, 39.98809664235747], [116.34903069452764, 39.98809770945919], [116.34902300078164, 39.98890821654747], [116.34883303014477, 39.98890714941529], [116.34880274399279, 39.992096430532555], [116.34903072872588, 39.99209771125026], [116.3490230338911, 39.99290821777749], [116.34879504646356, 39.99290693702325], [116.34872675692776, 40.0000959984862], [116.34903078765277, 40.000097706578934], [116.3490230906399, 40.00090821198402], [116.34871905632066, 40.00090650384254], [116.34865073930759, 40.00809557325512], [116.3490308454911, 40.00809770897949], [116.34902314629966, 40.0089082132624], [116.3486430356213, 40.008906077477086], [116.34847572997398, 40.02650016860781], [116.34876666801469, 40.026500173954354], [116.3489443236024, 40.02650017257378], [116.34977432379455, 39.93900022001589], [116.3493687465337, 39.93900022325452], [116.34930632752855, 39.9390002241933]]], [[[116.34706994915742, 40.02650015434546], [116.34790233888423, 39.93900022539057], [116.34754374849916, 39.93900022533271], [116.34743434263527, 39.93900023101705], [116.34660135563207, 40.026500142799506], [116.34690000198911, 40.026500151267705], [116.34706994915742, 40.02650015434546]]]]}}, {"type": "Feature", "id": "LU-ST01", "properties": {"id": "LU-ST01", "layer": "LAND_USE", "source_type": "agent_generated_design", "confidence": "medium", "geometry_role": "design_proposal", "land_use_code": "1207", "land_use_label_zh": "城镇村道路用地", "region": "横街", "note_zh": "设计建议（provisional 边界内），官方控规条件确认前不作为法定依据", "area_sqm": 25370.5}, "geometry": {"type": "MultiPolygon", "coordinates": [[[[116.34058897502399, 39.94299929643953], [116.34739598578972, 39.94303781296066], [116.34739803927675, 39.94282167610289], [116.34059496939528, 39.94278318216769], [116.34059006592182, 39.94296000867315], [116.34058897502399, 39.94299929643953]]], [[[116.35530000928306, 39.94291781647178], [116.35530000526013, 39.942865886777504], [116.34973802605052, 39.94283482421798], [116.34973597992524, 39.943050961175864], [116.35530001243202, 39.94308203529262], [116.35530000928306, 39.94291781647178]]]]}}, {"type": "Feature", "id": "LU-ST02", "properties": {"id": "LU-ST02", "layer": "LAND_USE", "source_type": "agent_generated_design", "confidence": "medium", "geometry_role": "design_proposal", "land_use_code": "1207", "land_use_label_zh": "城镇村道路用地", "region": "横街", "note_zh": "设计建议（provisional 边界内），官方控规条件确认前不作为法定依据", "area_sqm": 25766.0}, "geometry": {"type": "MultiPolygon", "coordinates": [[[[116.34039463400882, 39.94999818741585], [116.3473294712814, 39.950037436705415], [116.34733152548667, 39.94982130011224], [116.34040064160622, 39.94978207349055], [116.34040014149392, 39.94980002895058], [116.34039463400882, 39.94999818741585]]], [[[116.35530001527748, 39.950041111327245], [116.35530001035737, 39.94986588714489], [116.34967175071297, 39.94983445146967], [116.34966970387207, 39.95005058816297], [116.35530001723403, 39.95008203539989], [116.35530001527748, 39.950041111327245]]]]}}, {"type": "Feature", "id": "LU-ST03", "properties": {"id": "LU-ST03", "layer": "LAND_USE", "source_type": "agent_generated_design", "confidence": "medium", "geometry_role": "design_proposal", "land_use_code": "1207", "land_use_label_zh": "城镇村道路用地", "region": "横街", "note_zh": "设计建议（provisional 边界内），官方控规条件确认前不作为法定依据", "area_sqm": 26161.5}, "geometry": {"type": "MultiPolygon", "coordinates": [[[[116.3472629335089, 39.95703705188073], [116.34726498843267, 39.95682091555218], [116.34020625269882, 39.956780955679406], [116.34020024357447, 39.95699706932469], [116.3472629335089, 39.95703705188073]]], [[[116.3553000175721, 39.9568658791531], [116.34960545219494, 39.95683407015259], [116.3496034046381, 39.95705020658129], [116.35530001245117, 39.9570820270829], [116.3553000175721, 39.9568658791531]]]]}}, {"type": "Feature", "id": "LU-ST04", "properties": {"id": "LU-ST04", "layer": "LAND_USE", "source_type": "agent_generated_design", "confidence": "medium", "geometry_role": "design_proposal", "land_use_code": "1207", "land_use_label_zh": "城镇村道路用地", "region": "横街", "note_zh": "设计建议（provisional 边界内），官方控规条件确认前不作为法定依据", "area_sqm": 26557.1}, "geometry": {"type": "MultiPolygon", "coordinates": [[[[116.34000580352506, 39.96399596017675], [116.34719637229186, 39.964036676497564], [116.3471984279344, 39.963820540433645], [116.34001181417702, 39.96377984681149], [116.3400101353395, 39.963840025350684], [116.34000580352506, 39.96399596017675]]], [[[116.3553000072202, 39.963931508550836], [116.35530000332979, 39.96386588068301], [116.34953913031664, 39.96383369827768], [116.34953708204362, 39.96404983444178], [116.35529999791228, 39.96408202835265], [116.3553000072202, 39.963931508550836]]]]}}, {"type": "Feature", "id": "LU-ST05", "properties": {"id": "LU-ST05", "layer": "LAND_USE", "source_type": "agent_generated_design", "confidence": "medium", "geometry_role": "design_proposal", "land_use_code": "1207", "land_use_label_zh": "城镇村道路用地", "region": "横街", "note_zh": "设计建议（provisional 边界内），官方控规条件确认前不作为法定依据", "area_sqm": 25973.5}, "geometry": {"type": "MultiPolygon", "coordinates": [[[[116.34712978770666, 39.97103630154979], [116.34713184406827, 39.9708201657505], [116.33981732610444, 39.97077873788052], [116.33981131392413, 39.97099485096573], [116.34712978770666, 39.97103630154979]]], [[[116.3548144289043, 39.97107143931579], [116.35483107632355, 39.97086327391695], [116.34947278515426, 39.970833326838864], [116.34947073616476, 39.97104946273833], [116.35481380460615, 39.971079325222306], [116.3548144289043, 39.97107143931579]]]]}}, {"type": "Feature", "id": "LU-ST06", "properties": {"id": "LU-ST06", "layer": "LAND_USE", "source_type": "agent_generated_design", "confidence": "medium", "geometry_role": "design_proposal", "land_use_code": "1207", "land_use_label_zh": "城镇村道路用地", "region": "横街", "note_zh": "设计建议（provisional 边界内），官方控规条件确认前不作为法定依据", "area_sqm": 24675.4}, "geometry": {"type": "MultiPolygon", "coordinates": [[[[116.33989317473922, 39.97799530709434], [116.34706317982989, 39.97803591803133], [116.34706523691082, 39.9778197824967], [116.33987922906692, 39.97777908060488], [116.33988384414187, 39.97785057951956], [116.33989317473922, 39.97799530709434]]], [[[116.35427138176456, 39.977860151040765], [116.34940641678403, 39.977832946830006], [116.34940436707777, 39.978049082464835], [116.35425410622815, 39.97807620197474], [116.35427138176456, 39.977860151040765]]]]}}, {"type": "Feature", "id": "LU-ST07", "properties": {"id": "LU-ST07", "layer": "LAND_USE", "source_type": "agent_generated_design", "confidence": "medium", "geometry_role": "design_proposal", "land_use_code": "1207", "land_use_label_zh": "城镇村道路用地", "region": "横街", "note_zh": "设计建议（provisional 边界内），官方控规条件确认前不作为法定依据", "area_sqm": 22598.8}, "geometry": {"type": "MultiPolygon", "coordinates": [[[[116.34034484627888, 39.98499787813591], [116.34699654848092, 39.985035543953074], [116.34699860628146, 39.984819408683116], [116.34033089806134, 39.98478165193795], [116.34034350136946, 39.98497703032666], [116.34034484627888, 39.98499787813591]]], [[[116.35370012391101, 39.985000014586745], [116.3537115632978, 39.98485703414628], [116.34934002502605, 39.984832576262036], [116.34933797460275, 39.98504871163222], [116.35369428394047, 39.98507308470881], [116.35370012391101, 39.985000014586745]]]]}}, {"type": "Feature", "id": "LU-ST08", "properties": {"id": "LU-ST08", "layer": "LAND_USE", "source_type": "agent_generated_design", "confidence": "medium", "geometry_role": "design_proposal", "land_use_code": "1207", "land_use_label_zh": "城镇村道路用地", "region": "横街", "note_zh": "设计建议（provisional 边界内），官方控规条件确认前不作为法定依据", "area_sqm": 21064.5}, "geometry": {"type": "MultiPolygon", "coordinates": [[[[116.34692989382202, 39.99203516130328], [116.34693195234249, 39.991819026298], [116.34078264950607, 39.99178421383004], [116.34079660027027, 39.992000439736465], [116.34692989382202, 39.99203516130328]]], [[[116.35340161676899, 39.99185530017859], [116.349273610042, 39.99183219712319], [116.34927155890135, 39.99204833222873], [116.35341345302413, 39.99207151286263], [116.35340161676899, 39.99185530017859]]]]}}, {"type": "Feature", "id": "LU-ST09", "properties": {"id": "LU-ST09", "layer": "LAND_USE", "source_type": "agent_generated_design", "confidence": "medium", "geometry_role": "design_proposal", "land_use_code": "1207", "land_use_label_zh": "城镇村道路用地", "region": "横街", "note_zh": "设计建议（provisional 边界内），官方控规条件确认前不作为法定依据", "area_sqm": 20921.9}, "geometry": {"type": "MultiPolygon", "coordinates": [[[[116.34124843658671, 39.999003009905536], [116.34686321567253, 39.99903478809282], [116.34686527491316, 39.998818653352224], [116.34123448327438, 39.99878678429073], [116.34124008975024, 39.998873580887995], [116.34124843658671, 39.999003009905536]]], [[[116.35379001807253, 39.998946099812336], [116.35378516267421, 39.99885744371033], [116.3492071716518, 39.99883182742435], [116.34920511979355, 39.99904796226521], [116.35379701276109, 39.999073656179384], [116.35379001807253, 39.998946099812336]]]]}}, {"type": "Feature", "id": "LU-ST10", "properties": {"id": "LU-ST10", "layer": "LAND_USE", "source_type": "agent_generated_design", "confidence": "medium", "geometry_role": "design_proposal", "land_use_code": "1207", "land_use_label_zh": "城镇村道路用地", "region": "横街", "note_zh": "设计建议（provisional 边界内），官方控规条件确认前不作为法定依据", "area_sqm": 20779.3}, "geometry": {"type": "MultiPolygon", "coordinates": [[[[116.341700273473, 40.00600557016456], [116.34679651419476, 40.00603440630998], [116.34679857415587, 40.0058182718341], [116.341686399586, 40.00578934530705], [116.3416999990316, 40.00600000284499], [116.341700273473, 40.00600557016456]]], [[[116.35416878905649, 40.005859578229], [116.34914071001722, 40.00583144915381], [116.3491386574411, 40.00604758372999], [116.35418062955723, 40.006075790352426], [116.35416878905649, 40.005859578229]]]]}}, {"type": "Feature", "id": "LU-ST11", "properties": {"id": "LU-ST11", "layer": "LAND_USE", "source_type": "agent_generated_design", "confidence": "medium", "geometry_role": "design_proposal", "land_use_code": "1207", "land_use_label_zh": "城镇村道路用地", "region": "横街", "note_zh": "设计建议（provisional 边界内），官方控规条件确认前不作为法定依据", "area_sqm": 20859.9}, "geometry": {"type": "MultiPolygon", "coordinates": [[[[116.3420417731193, 40.013007503117386], [116.34672978929376, 40.013034024960014], [116.34673184997563, 40.01281789074885], [116.34203122320581, 40.01279129742585], [116.34203327909918, 40.01283334044981], [116.3420417731193, 40.013007503117386]]], [[[116.35455468148947, 40.01290199108955], [116.35455247244992, 40.01286171260836], [116.34907422504368, 40.01283107131681], [116.3490721717494, 40.01304720562828], [116.35456432678723, 40.01307792451664], [116.35455468148947, 40.01290199108955]]]]}}, {"type": "Feature", "id": "LU-ST12", "properties": {"id": "LU-ST12", "layer": "LAND_USE", "source_type": "agent_generated_design", "confidence": "medium", "geometry_role": "design_proposal", "land_use_code": "1207", "land_use_label_zh": "城镇村道路用地", "region": "横街", "note_zh": "设计建议（provisional 边界内），官方控规条件确认前不作为法定依据", "area_sqm": 20943.7}, "geometry": {"type": "MultiPolygon", "coordinates": [[[[116.34666304096035, 40.02003364404247], [116.34666510236323, 40.01981751009603], [116.34237278094254, 40.01979323078618], [116.34238333271065, 40.02000943620373], [116.34666304096035, 40.02003364404247]]], [[[116.35494692205621, 40.020058842799116], [116.3549362363164, 40.019863846977536], [116.34900771672197, 40.019830693912894], [116.34900566270923, 40.020046827959675], [116.35494808106762, 40.020080058540195], [116.35494692205621, 40.020058842799116]]]]}}, {"type": "Feature", "id": "LU-ST13", "properties": {"id": "LU-ST13", "layer": "LAND_USE", "source_type": "agent_generated_design", "confidence": "medium", "geometry_role": "design_proposal", "land_use_code": "1207", "land_use_label_zh": "城镇村道路用地", "region": "横街", "note_zh": "设计建议（provisional 边界内），官方控规条件确认前不作为法定依据", "area_sqm": 21015.6}, "geometry": {"type": "MultiPolygon", "coordinates": [[[[116.34660580941603, 40.02603332100993], [116.34660787143716, 40.02581718729043], [116.34266560079092, 40.02579489122945], [116.34267614243545, 40.026011096345684], [116.34660580941603, 40.02603332100993]]], [[[116.35526522982954, 40.02586567949086], [116.34895069096918, 40.025830373892596], [116.3489486363404, 40.02604650771246], [116.35527707640388, 40.02608189081312], [116.35526522982954, 40.02586567949086]]]]}}, {"type": "Feature", "id": "Z-01", "properties": {"id": "Z-01", "layer": "LAND_USE", "source_type": "agent_generated_design", "confidence": "medium", "geometry_role": "design_proposal", "land_use_code": "1403", "land_use_label_zh": "广场用地（链齿·道口仪式广场）", "region": "链齿节点", "note_zh": "十齿咬合节点：平时拉合服务城市，纪念拉开展现轨床", "tooth_id": "Z-01", "tooth_name_zh": "道口仪式广场", "tooth_category": "交通（步行/骑行）", "tooth_mechanism_zh": "轨顶齐平盖板自由过轨；纪念时下沉观演、盖板翻开、全息火车", "area_sqm": 8100.0}, "geometry": {"type": "Polygon", "coordinates": [[[116.34796927125257, 39.99290229435048], [116.3490230338911, 39.99290821777749], [116.34903072872588, 39.99209771125026], [116.34797697854113, 39.992091787992315], [116.34796927125257, 39.99290229435048]]]}}, {"type": "Feature", "id": "Z-02", "properties": {"id": "Z-02", "layer": "LAND_USE", "source_type": "agent_generated_design", "confidence": "medium", "geometry_role": "design_proposal", "land_use_code": "1403", "land_use_label_zh": "广场用地（链齿·链齿步桥）", "region": "链齿节点", "note_zh": "十齿咬合节点：平时拉合服务城市，纪念拉开展现轨床", "tooth_id": "Z-02", "tooth_name_zh": "链齿步桥", "tooth_category": "交通", "tooth_mechanism_zh": "格栅桥过堑，脚下轨枕可读", "area_sqm": 8100.0}, "geometry": {"type": "Polygon", "coordinates": [[[116.34796920503484, 40.00090228757933], [116.3490230906399, 40.00090821198402], [116.34903078765277, 40.000097706578934], [116.34797691450646, 40.00009178234331], [116.34796920503484, 40.00090228757933]]]}}, {"type": "Feature", "id": "Z-03", "properties": {"id": "Z-03", "layer": "LAND_USE", "source_type": "agent_generated_design", "confidence": "medium", "geometry_role": "design_proposal", "land_use_code": "1403", "land_use_label_zh": "广场用地（链齿·下穿展示廊）", "region": "链齿节点", "note_zh": "十齿咬合节点：平时拉合服务城市，纪念拉开展现轨床", "tooth_id": "Z-03", "tooth_name_zh": "下穿展示廊", "tooth_category": "交通", "tooth_mechanism_zh": "下穿通道挖通路基断面，土层道砟轨枕成展品", "area_sqm": 8100.0}, "geometry": {"type": "Polygon", "coordinates": [[[116.34796944476494, 39.97040229410936], [116.34902286182412, 39.97040821478611], [116.34903055053597, 39.96959770510317], [116.34797714591657, 39.96959178459546], [116.34796944476494, 39.97040229410936]]]}}, {"type": "Feature", "id": "Z-04", "properties": {"id": "Z-04", "layer": "LAND_USE", "source_type": "agent_generated_design", "confidence": "medium", "geometry_role": "design_proposal", "land_use_code": "1403", "land_use_label_zh": "广场用地（链齿·拱桥儿童乐园）", "region": "链齿节点", "note_zh": "十齿咬合节点：平时拉合服务城市，纪念拉开展现轨床", "tooth_id": "Z-04", "tooth_name_zh": "拱桥儿童乐园", "tooth_category": "产业/公共", "tooth_mechanism_zh": "百年拱桥做攀爬乐园；纪念时封路展廊投影历史列车", "area_sqm": 8100.0}, "geometry": {"type": "Polygon", "coordinates": [[[116.34796960664575, 39.94960229402859], [116.34902270458265, 39.94960821216199], [116.34903038763768, 39.94879769956217], [116.34797730212766, 39.94879178159773], [116.34796960664575, 39.94960229402859]]]}}, {"type": "Feature", "id": "Z-05", "properties": {"id": "Z-05", "layer": "LAND_USE", "source_type": "agent_generated_design", "confidence": "medium", "geometry_role": "design_proposal", "land_use_code": "1403", "land_use_label_zh": "广场用地（链齿·机器人送货通道）", "region": "链齿节点", "note_zh": "十齿咬合节点：平时拉合服务城市，纪念拉开展现轨床", "tooth_id": "Z-05", "tooth_name_zh": "机器人送货通道", "tooth_category": "交通（无人）", "tooth_mechanism_zh": "配送机器人穿涵洞平交过轨", "area_sqm": 8100.0}, "geometry": {"type": "Polygon", "coordinates": [[[116.34796929960794, 39.98890229360931], [116.34902300078164, 39.98890821654747], [116.34903069452764, 39.98809770945919], [116.34797700580526, 39.988091786690084], [116.34796929960794, 39.98890229360931]]]}}, {"type": "Feature", "id": "Z-06", "properties": {"id": "Z-06", "layer": "LAND_USE", "source_type": "agent_generated_design", "confidence": "medium", "geometry_role": "design_proposal", "land_use_code": "1403", "land_use_label_zh": "广场用地（链齿·无人机廊道节点）", "region": "链齿节点", "note_zh": "十齿咬合节点：平时拉合服务城市，纪念拉开展现轨床", "tooth_id": "Z-06", "tooth_name_zh": "无人机廊道节点", "tooth_category": "交通（空域）", "tooth_mechanism_zh": "白天配送编队；夜里百机光阵拼蒸汽光影列车", "area_sqm": 8100.0}, "geometry": {"type": "Polygon", "coordinates": [[[116.34796946471972, 39.96710228977354], [116.34902283112663, 39.967108210046874], [116.34903051894085, 39.966297699901126], [116.34797716497167, 39.9662917797968], [116.34796946471972, 39.96710228977354]]]}}, {"type": "Feature", "id": "Z-07", "properties": {"id": "Z-07", "layer": "LAND_USE", "source_type": "agent_generated_design", "confidence": "medium", "geometry_role": "design_proposal", "land_use_code": "1403", "land_use_label_zh": "广场用地（链齿·共同沟垂直穿越）", "region": "链齿节点", "note_zh": "十齿咬合节点：平时拉合服务城市，纪念拉开展现轨床", "tooth_id": "Z-07", "tooth_name_zh": "共同沟垂直穿越", "tooth_category": "市政", "tooth_mechanism_zh": "共同沟垂直短穿越轨床，两侧市政互备；开放日玻璃天窗见轨", "area_sqm": 8100.0}, "geometry": {"type": "Polygon", "coordinates": [[[116.34796954905671, 39.95640229332567], [116.34902275128543, 39.95640821229069], [116.34903043618948, 39.95559770064442], [116.34797724639188, 39.95559178184838], [116.34796954905671, 39.95640229332567]]]}}, {"type": "Feature", "id": "Z-08", "properties": {"id": "Z-08", "layer": "LAND_USE", "source_type": "agent_generated_design", "confidence": "medium", "geometry_role": "design_proposal", "land_use_code": "1403", "land_use_label_zh": "广场用地（链齿·跨轨建筑）", "region": "链齿节点", "note_zh": "十齿咬合节点：平时拉合服务城市，纪念拉开展现轨床", "tooth_id": "Z-08", "tooth_name_zh": "跨轨建筑", "tooth_category": "产业", "tooth_mechanism_zh": "楼跨轨而建，玻璃地条之下轨道穿堂而过", "area_sqm": 8100.0}, "geometry": {"type": "Polygon", "coordinates": [[[116.3479696308215, 39.94590229555633], [116.34902267202631, 39.94590821323729], [116.34903035407552, 39.945097700118644], [116.34797732529528, 39.94509178260664], [116.3479696308215, 39.94590229555633]]]}}, {"type": "Feature", "id": "Z-09", "properties": {"id": "Z-09", "layer": "LAND_USE", "source_type": "agent_generated_design", "confidence": "medium", "geometry_role": "design_proposal", "land_use_code": "1403", "land_use_label_zh": "广场用地（链齿·两岸商业街）", "region": "链齿节点", "note_zh": "十齿咬合节点：平时拉合服务城市，纪念拉开展现轨床", "tooth_id": "Z-09", "tooth_name_zh": "两岸商业街", "tooth_category": "产业/商业", "tooth_mechanism_zh": "轨道当河、两岸成街，商业以遗产为对景", "area_sqm": 8100.0}, "geometry": {"type": "Polygon", "coordinates": [[[116.34796933650195, 39.9849022901829], [116.34902297622311, 39.984908212632114], [116.34903066888035, 39.984097704982794], [116.34797704160799, 39.984091782702635], [116.34796933650195, 39.9849022901829]]]}}, {"type": "Feature", "id": "Z-10", "properties": {"id": "Z-10", "layer": "LAND_USE", "source_type": "agent_generated_design", "confidence": "medium", "geometry_role": "design_proposal", "land_use_code": "1403", "land_use_label_zh": "广场用地（链齿·生态绿桥/平地公园）", "region": "链齿节点", "note_zh": "十齿咬合节点：平时拉合服务城市，纪念拉开展现轨床", "tooth_id": "Z-10", "tooth_name_zh": "生态绿桥/平地公园", "tooth_category": "生态", "tooth_mechanism_zh": "兔鸟过桥、绿地连续；自然回归即是最深的纪念", "area_sqm": 8100.0}, "geometry": {"type": "Polygon", "coordinates": [[[116.3479691376786, 40.008902287880126], [116.34902314629966, 40.0089082132624], [116.3490308454911, 40.00809770897949], [116.34797684933382, 40.00809178376632], [116.3479691376786, 40.008902287880126]]]}}]}